MST,Avg Wind Speed @ 50m [m/s]
2016-12-24 00:00:00,0.93
2016-12-24 00:01:00,0.99
2016-12-24 00:02:00,0.66
2016-12-24 00:03:00,0.53
2016-12-24 00:04:00,0.85
2016-12-24 00:05:00,1.1
2016-12-24 00:06:00,0.84
2016-12-24 00:07:00,1.18
2016-12-24 00:08:00,1.12
2016-12-24 00:09:00,1.35
2016-12-24 00:10:00,1.52
2016-12-24 00:11:00,1.77
2016-12-24 00:12:00,1.39
2016-12-24 00:13:00,1.26
2016-12-24 00:14:00,0.89
2016-12-24 00:15:00,0.36
2016-12-24 00:16:00,0.37
2016-12-24 00:17:00,0.65
2016-12-24 00:18:00,0.61
2016-12-24 00:19:00,0.71
2016-12-24 00:20:00,0.66
2016-12-24 00:21:00,0.41
2016-12-24 00:22:00,0.34
2016-12-24 00:23:00,0.42
2016-12-24 00:24:00,0.93
2016-12-24 00:25:00,1.08
2016-12-24 00:26:00,1.42
2016-12-24 00:27:00,0.92
2016-12-24 00:28:00,0.76
2016-12-24 00:29:00,0.5
2016-12-24 00:30:00,1.14
2016-12-24 00:31:00,1.08
2016-12-24 00:32:00,0.85
2016-12-24 00:33:00,0.66
2016-12-24 00:34:00,0.34
2016-12-24 00:35:00,0.34
2016-12-24 00:36:00,0.34
2016-12-24 00:37:00,0.34
2016-12-24 00:38:00,0.34
2016-12-24 00:39:00,0.34
2016-12-24 00:40:00,0.34
2016-12-24 00:41:00,0.34
2016-12-24 00:42:00,0.34
2016-12-24 00:43:00,0.34
2016-12-24 00:44:00,0.34
2016-12-24 00:45:00,0.34
2016-12-24 00:46:00,0.34
2016-12-24 00:47:00,0.34
2016-12-24 00:48:00,0.34
2016-12-24 00:49:00,0.34
2016-12-24 00:50:00,0.34
2016-12-24 00:51:00,0.34
2016-12-24 00:52:00,0.34
2016-12-24 00:53:00,0.57
2016-12-24 00:54:00,0.88
2016-12-24 00:55:00,0.96
2016-12-24 00:56:00,1.12
2016-12-24 00:57:00,1.59
2016-12-24 00:58:00,1.48
2016-12-24 00:59:00,1.26
2016-12-24 01:00:00,1.04
2016-12-24 01:01:00,0.85
2016-12-24 01:02:00,1.15
2016-12-24 01:03:00,1.58
2016-12-24 01:04:00,1.8
2016-12-24 01:05:00,1.44
2016-12-24 01:06:00,1.06
2016-12-24 01:07:00,1.24
2016-12-24 01:08:00,1.28
2016-12-24 01:09:00,1.37
2016-12-24 01:10:00,2.53
2016-12-24 01:11:00,3.14
2016-12-24 01:12:00,2.75
2016-12-24 01:13:00,2.24
2016-12-24 01:14:00,2.12
2016-12-24 01:15:00,2.38
2016-12-24 01:16:00,2.63
2016-12-24 01:17:00,3.14
2016-12-24 01:18:00,3.0
2016-12-24 01:19:00,3.22
2016-12-24 01:20:00,2.67
2016-12-24 01:21:00,2.36
2016-12-24 01:22:00,2.53
2016-12-24 01:23:00,4.22
2016-12-24 01:24:00,5.07
2016-12-24 01:25:00,4.6
2016-12-24 01:26:00,5.38
2016-12-24 01:27:00,4.61
2016-12-24 01:28:00,4.54
2016-12-24 01:29:00,4.29
2016-12-24 01:30:00,3.91
2016-12-24 01:31:00,3.74
2016-12-24 01:32:00,3.31
2016-12-24 01:33:00,3.16
2016-12-24 01:34:00,3.5
2016-12-24 01:35:00,3.47
2016-12-24 01:36:00,3.01
2016-12-24 01:37:00,3.42
2016-12-24 01:38:00,3.72
2016-12-24 01:39:00,3.68
2016-12-24 01:40:00,3.42
2016-12-24 01:41:00,3.27
2016-12-24 01:42:00,2.85
2016-12-24 01:43:00,2.51
2016-12-24 01:44:00,2.29
2016-12-24 01:45:00,2.11
2016-12-24 01:46:00,2.14
2016-12-24 01:47:00,2.17
2016-12-24 01:48:00,1.84
2016-12-24 01:49:00,1.54
2016-12-24 01:50:00,1.21
2016-12-24 01:51:00,1.2
2016-12-24 01:52:00,1.35
2016-12-24 01:53:00,1.5
2016-12-24 01:54:00,1.77
2016-12-24 01:55:00,1.75
2016-12-24 01:56:00,1.82
2016-12-24 01:57:00,1.85
2016-12-24 01:58:00,1.42
2016-12-24 01:59:00,0.8
2016-12-24 02:00:00,0.35
2016-12-24 02:01:00,0.35
2016-12-24 02:02:00,0.92
2016-12-24 02:03:00,1.37
2016-12-24 02:04:00,1.43
2016-12-24 02:05:00,1.14
2016-12-24 02:06:00,0.79
2016-12-24 02:07:00,0.34
2016-12-24 02:08:00,0.34
2016-12-24 02:09:00,0.34
2016-12-24 02:10:00,0.36
2016-12-24 02:11:00,0.6
2016-12-24 02:12:00,0.38
2016-12-24 02:13:00,0.34
2016-12-24 02:14:00,0.67
2016-12-24 02:15:00,0.82
2016-12-24 02:16:00,0.36
2016-12-24 02:17:00,0.37
2016-12-24 02:18:00,0.77
2016-12-24 02:19:00,0.43
2016-12-24 02:20:00,0.5
2016-12-24 02:21:00,1.16
2016-12-24 02:22:00,1.32
2016-12-24 02:23:00,1.55
2016-12-24 02:24:00,1.43
2016-12-24 02:25:00,1.57
2016-12-24 02:26:00,1.91
2016-12-24 02:27:00,1.5
2016-12-24 02:28:00,1.48
2016-12-24 02:29:00,1.0
2016-12-24 02:30:00,0.89
2016-12-24 02:31:00,0.56
2016-12-24 02:32:00,0.34
2016-12-24 02:33:00,0.5
2016-12-24 02:34:00,0.45
2016-12-24 02:35:00,0.34
2016-12-24 02:36:00,0.57
2016-12-24 02:37:00,1.88
2016-12-24 02:38:00,2.15
2016-12-24 02:39:00,1.15
2016-12-24 02:40:00,0.8
2016-12-24 02:41:00,0.94
2016-12-24 02:42:00,0.88
2016-12-24 02:43:00,0.73
2016-12-24 02:44:00,0.78
2016-12-24 02:45:00,0.54
2016-12-24 02:46:00,0.34
2016-12-24 02:47:00,0.7
2016-12-24 02:48:00,1.48
2016-12-24 02:49:00,1.95
2016-12-24 02:50:00,1.45
2016-12-24 02:51:00,1.55
2016-12-24 02:52:00,1.47
2016-12-24 02:53:00,1.33
2016-12-24 02:54:00,1.47
2016-12-24 02:55:00,2.0
2016-12-24 02:56:00,2.27
2016-12-24 02:57:00,1.17
2016-12-24 02:58:00,0.41
2016-12-24 02:59:00,0.37
2016-12-24 03:00:00,0.9
2016-12-24 03:01:00,1.04
2016-12-24 03:02:00,0.64
2016-12-24 03:03:00,0.34
2016-12-24 03:04:00,0.8
2016-12-24 03:05:00,0.45
2016-12-24 03:06:00,0.66
2016-12-24 03:07:00,0.34
2016-12-24 03:08:00,0.34
2016-12-24 03:09:00,0.34
2016-12-24 03:10:00,0.6
2016-12-24 03:11:00,0.8
2016-12-24 03:12:00,0.77
2016-12-24 03:13:00,0.64
2016-12-24 03:14:00,0.4
2016-12-24 03:15:00,0.96
2016-12-24 03:16:00,1.32
2016-12-24 03:17:00,1.85
2016-12-24 03:18:00,2.06
2016-12-24 03:19:00,2.21
2016-12-24 03:20:00,1.64
2016-12-24 03:21:00,1.39
2016-12-24 03:22:00,1.07
2016-12-24 03:23:00,1.36
2016-12-24 03:24:00,1.95
2016-12-24 03:25:00,2.08
2016-12-24 03:26:00,1.01
2016-12-24 03:27:00,0.57
2016-12-24 03:28:00,0.53
2016-12-24 03:29:00,1.02
2016-12-24 03:30:00,1.16
2016-12-24 03:31:00,1.68
2016-12-24 03:32:00,1.88
2016-12-24 03:33:00,1.56
2016-12-24 03:34:00,0.83
2016-12-24 03:35:00,1.09
2016-12-24 03:36:00,1.54
2016-12-24 03:37:00,1.84
2016-12-24 03:38:00,2.18
2016-12-24 03:39:00,2.19
2016-12-24 03:40:00,2.28
2016-12-24 03:41:00,2.25
2016-12-24 03:42:00,2.04
2016-12-24 03:43:00,2.21
2016-12-24 03:44:00,2.34
2016-12-24 03:45:00,2.64
2016-12-24 03:46:00,2.96
2016-12-24 03:47:00,2.95
2016-12-24 03:48:00,2.68
2016-12-24 03:49:00,2.66
2016-12-24 03:50:00,2.74
2016-12-24 03:51:00,2.84
2016-12-24 03:52:00,3.1
2016-12-24 03:53:00,3.07
2016-12-24 03:54:00,2.74
2016-12-24 03:55:00,2.56
2016-12-24 03:56:00,2.59
2016-12-24 03:57:00,2.78
2016-12-24 03:58:00,2.79
2016-12-24 03:59:00,2.7
2016-12-24 04:00:00,2.82
2016-12-24 04:01:00,3.22
2016-12-24 04:02:00,3.61
2016-12-24 04:03:00,3.92
2016-12-24 04:04:00,3.85
2016-12-24 04:05:00,4.18
2016-12-24 04:06:00,4.55
2016-12-24 04:07:00,5.25
2016-12-24 04:08:00,5.54
2016-12-24 04:09:00,5.22
2016-12-24 04:10:00,4.85
2016-12-24 04:11:00,4.68
2016-12-24 04:12:00,4.66
2016-12-24 04:13:00,4.38
2016-12-24 04:14:00,4.49
2016-12-24 04:15:00,4.91
2016-12-24 04:16:00,5.22
2016-12-24 04:17:00,5.54
2016-12-24 04:18:00,5.6
2016-12-24 04:19:00,5.59
2016-12-24 04:20:00,5.54
2016-12-24 04:21:00,5.54
2016-12-24 04:22:00,5.38
2016-12-24 04:23:00,5.46
2016-12-24 04:24:00,5.52
2016-12-24 04:25:00,5.79
2016-12-24 04:26:00,5.95
2016-12-24 04:27:00,6.13
2016-12-24 04:28:00,6.09
2016-12-24 04:29:00,5.76
2016-12-24 04:30:00,5.78
2016-12-24 04:31:00,5.53
2016-12-24 04:32:00,5.45
2016-12-24 04:33:00,5.65
2016-12-24 04:34:00,5.8
2016-12-24 04:35:00,6.08
2016-12-24 04:36:00,6.12
2016-12-24 04:37:00,6.27
2016-12-24 04:38:00,6.53
2016-12-24 04:39:00,6.73
2016-12-24 04:40:00,6.29
2016-12-24 04:41:00,5.83
2016-12-24 04:42:00,6.02
2016-12-24 04:43:00,6.43
2016-12-24 04:44:00,6.33
2016-12-24 04:45:00,6.1
2016-12-24 04:46:00,6.14
2016-12-24 04:47:00,5.59
2016-12-24 04:48:00,4.92
2016-12-24 04:49:00,5.43
2016-12-24 04:50:00,5.58
2016-12-24 04:51:00,5.32
2016-12-24 04:52:00,5.1
2016-12-24 04:53:00,5.06
2016-12-24 04:54:00,5.16
2016-12-24 04:55:00,5.45
2016-12-24 04:56:00,6.1
2016-12-24 04:57:00,6.26
2016-12-24 04:58:00,5.72
2016-12-24 04:59:00,5.53
2016-12-24 05:00:00,5.8
2016-12-24 05:01:00,6.05
2016-12-24 05:02:00,6.09
2016-12-24 05:03:00,5.29
2016-12-24 05:04:00,4.52
2016-12-24 05:05:00,4.36
2016-12-24 05:06:00,4.4
2016-12-24 05:07:00,4.57
2016-12-24 05:08:00,4.28
2016-12-24 05:09:00,3.56
2016-12-24 05:10:00,2.7
2016-12-24 05:11:00,2.18
2016-12-24 05:12:00,1.97
2016-12-24 05:13:00,2.27
2016-12-24 05:14:00,2.4
2016-12-24 05:15:00,1.75
2016-12-24 05:16:00,1.51
2016-12-24 05:17:00,1.6
2016-12-24 05:18:00,1.89
2016-12-24 05:19:00,2.11
2016-12-24 05:20:00,1.03
2016-12-24 05:21:00,1.72
2016-12-24 05:22:00,1.79
2016-12-24 05:23:00,1.89
2016-12-24 05:24:00,1.53
2016-12-24 05:25:00,1.8
2016-12-24 05:26:00,2.59
2016-12-24 05:27:00,2.7
2016-12-24 05:28:00,2.39
2016-12-24 05:29:00,2.11
2016-12-24 05:30:00,0.93
2016-12-24 05:31:00,0.88
2016-12-24 05:32:00,1.35
2016-12-24 05:33:00,2.26
2016-12-24 05:34:00,3.31
2016-12-24 05:35:00,2.91
2016-12-24 05:36:00,3.3
2016-12-24 05:37:00,2.38
2016-12-24 05:38:00,0.74
2016-12-24 05:39:00,1.38
2016-12-24 05:40:00,1.49
2016-12-24 05:41:00,1.82
2016-12-24 05:42:00,1.98
2016-12-24 05:43:00,1.86
2016-12-24 05:44:00,1.22
2016-12-24 05:45:00,1.51
2016-12-24 05:46:00,2.06
2016-12-24 05:47:00,1.52
2016-12-24 05:48:00,1.24
2016-12-24 05:49:00,0.87
2016-12-24 05:50:00,0.79
2016-12-24 05:51:00,0.34
2016-12-24 05:52:00,0.6
2016-12-24 05:53:00,0.95
2016-12-24 05:54:00,1.32
2016-12-24 05:55:00,0.66
2016-12-24 05:56:00,1.06
2016-12-24 05:57:00,1.07
2016-12-24 05:58:00,0.73
2016-12-24 05:59:00,0.99
2016-12-24 06:00:00,0.5
2016-12-24 06:01:00,0.34
2016-12-24 06:02:00,0.58
2016-12-24 06:03:00,0.66
2016-12-24 06:04:00,1.35
2016-12-24 06:05:00,2.39
2016-12-24 06:06:00,3.05
2016-12-24 06:07:00,2.75
2016-12-24 06:08:00,2.23
2016-12-24 06:09:00,2.89
2016-12-24 06:10:00,3.14
2016-12-24 06:11:00,3.2
2016-12-24 06:12:00,2.8
2016-12-24 06:13:00,2.64
2016-12-24 06:14:00,2.77
2016-12-24 06:15:00,2.54
2016-12-24 06:16:00,2.62
2016-12-24 06:17:00,2.74
2016-12-24 06:18:00,2.66
2016-12-24 06:19:00,2.93
2016-12-24 06:20:00,2.98
2016-12-24 06:21:00,2.68
2016-12-24 06:22:00,2.38
2016-12-24 06:23:00,2.4
2016-12-24 06:24:00,2.63
2016-12-24 06:25:00,2.54
2016-12-24 06:26:00,2.47
2016-12-24 06:27:00,2.49
2016-12-24 06:28:00,2.55
2016-12-24 06:29:00,2.97
2016-12-24 06:30:00,3.1
2016-12-24 06:31:00,2.97
2016-12-24 06:32:00,2.62
2016-12-24 06:33:00,2.41
2016-12-24 06:34:00,2.62
2016-12-24 06:35:00,2.8
2016-12-24 06:36:00,2.72
2016-12-24 06:37:00,2.56
2016-12-24 06:38:00,2.53
2016-12-24 06:39:00,2.76
2016-12-24 06:40:00,2.66
2016-12-24 06:41:00,2.52
2016-12-24 06:42:00,2.69
2016-12-24 06:43:00,2.6
2016-12-24 06:44:00,2.49
2016-12-24 06:45:00,2.43
2016-12-24 06:46:00,2.45
2016-12-24 06:47:00,2.88
2016-12-24 06:48:00,3.22
2016-12-24 06:49:00,3.48
2016-12-24 06:50:00,3.65
2016-12-24 06:51:00,3.86
2016-12-24 06:52:00,4.48
2016-12-24 06:53:00,4.14
2016-12-24 06:54:00,3.9
2016-12-24 06:55:00,3.25
2016-12-24 06:56:00,3.01
2016-12-24 06:57:00,3.52
2016-12-24 06:58:00,3.76
2016-12-24 06:59:00,3.29
2016-12-24 07:00:00,3.01
2016-12-24 07:01:00,2.88
2016-12-24 07:02:00,3.05
2016-12-24 07:03:00,3.13
2016-12-24 07:04:00,3.22
2016-12-24 07:05:00,3.27
2016-12-24 07:06:00,3.12
2016-12-24 07:07:00,3.35
2016-12-24 07:08:00,3.37
2016-12-24 07:09:00,3.12
2016-12-24 07:10:00,2.73
2016-12-24 07:11:00,2.47
2016-12-24 07:12:00,2.14
2016-12-24 07:13:00,1.23
2016-12-24 07:14:00,1.12
2016-12-24 07:15:00,1.37
2016-12-24 07:16:00,1.12
2016-12-24 07:17:00,1.7
2016-12-24 07:18:00,1.83
2016-12-24 07:19:00,1.72
2016-12-24 07:20:00,1.82
2016-12-24 07:21:00,1.7
2016-12-24 07:22:00,1.58
2016-12-24 07:23:00,2.63
2016-12-24 07:24:00,3.59
2016-12-24 07:25:00,2.8
2016-12-24 07:26:00,2.68
2016-12-24 07:27:00,2.51
2016-12-24 07:28:00,2.67
2016-12-24 07:29:00,2.84
2016-12-24 07:30:00,2.9
2016-12-24 07:31:00,2.62
2016-12-24 07:32:00,2.21
2016-12-24 07:33:00,2.08
2016-12-24 07:34:00,2.48
2016-12-24 07:35:00,2.68
2016-12-24 07:36:00,3.05
2016-12-24 07:37:00,3.15
2016-12-24 07:38:00,3.21
2016-12-24 07:39:00,3.12
2016-12-24 07:40:00,3.29
2016-12-24 07:41:00,3.44
2016-12-24 07:42:00,3.72
2016-12-24 07:43:00,3.6
2016-12-24 07:44:00,3.46
2016-12-24 07:45:00,3.5
2016-12-24 07:46:00,3.71
2016-12-24 07:47:00,3.97
2016-12-24 07:48:00,4.31
2016-12-24 07:49:00,4.63
2016-12-24 07:50:00,4.63
2016-12-24 07:51:00,4.6
2016-12-24 07:52:00,4.36
2016-12-24 07:53:00,4.27
2016-12-24 07:54:00,4.34
2016-12-24 07:55:00,3.92
2016-12-24 07:56:00,3.73
2016-12-24 07:57:00,3.79
2016-12-24 07:58:00,4.05
2016-12-24 07:59:00,4.1
2016-12-24 08:00:00,4.19
2016-12-24 08:01:00,4.11
2016-12-24 08:02:00,3.99
2016-12-24 08:03:00,4.03
2016-12-24 08:04:00,4.02
2016-12-24 08:05:00,3.8
2016-12-24 08:06:00,3.91
2016-12-24 08:07:00,3.66
2016-12-24 08:08:00,3.98
2016-12-24 08:09:00,4.07
2016-12-24 08:10:00,4.13
2016-12-24 08:11:00,4.06
2016-12-24 08:12:00,4.11
2016-12-24 08:13:00,3.98
2016-12-24 08:14:00,3.74
2016-12-24 08:15:00,3.6
2016-12-24 08:16:00,3.43
2016-12-24 08:17:00,3.22
2016-12-24 08:18:00,3.12
2016-12-24 08:19:00,2.74
2016-12-24 08:20:00,2.49
2016-12-24 08:21:00,2.5
2016-12-24 08:22:00,2.3
2016-12-24 08:23:00,2.36
2016-12-24 08:24:00,2.4
2016-12-24 08:25:00,2.84
2016-12-24 08:26:00,3.0
2016-12-24 08:27:00,2.6
2016-12-24 08:28:00,2.17
2016-12-24 08:29:00,2.06
2016-12-24 08:30:00,2.11
2016-12-24 08:31:00,2.31
2016-12-24 08:32:00,2.17
2016-12-24 08:33:00,1.88
2016-12-24 08:34:00,1.18
2016-12-24 08:35:00,0.73
2016-12-24 08:36:00,0.59
2016-12-24 08:37:00,1.34
2016-12-24 08:38:00,1.72
2016-12-24 08:39:00,1.86
2016-12-24 08:40:00,1.95
2016-12-24 08:41:00,1.8
2016-12-24 08:42:00,1.27
2016-12-24 08:43:00,1.78
2016-12-24 08:44:00,2.23
2016-12-24 08:45:00,2.35
2016-12-24 08:46:00,2.29
2016-12-24 08:47:00,2.31
2016-12-24 08:48:00,2.0
2016-12-24 08:49:00,1.92
2016-12-24 08:50:00,1.74
2016-12-24 08:51:00,1.4
2016-12-24 08:52:00,0.96
2016-12-24 08:53:00,1.3
2016-12-24 08:54:00,1.38
2016-12-24 08:55:00,1.9
2016-12-24 08:56:00,1.52
2016-12-24 08:57:00,1.4
2016-12-24 08:58:00,1.55
2016-12-24 08:59:00,1.7
2016-12-24 09:00:00,1.76
2016-12-24 09:01:00,1.54
2016-12-24 09:02:00,1.71
2016-12-24 09:03:00,1.82
2016-12-24 09:04:00,1.72
2016-12-24 09:05:00,1.69
2016-12-24 09:06:00,1.32
2016-12-24 09:07:00,1.53
2016-12-24 09:08:00,1.21
2016-12-24 09:09:00,1.13
2016-12-24 09:10:00,0.64
2016-12-24 09:11:00,0.44
2016-12-24 09:12:00,0.34
2016-12-24 09:13:00,0.34
2016-12-24 09:14:00,0.34
2016-12-24 09:15:00,0.38
2016-12-24 09:16:00,1.01
2016-12-24 09:17:00,1.29
2016-12-24 09:18:00,1.18
2016-12-24 09:19:00,0.53
2016-12-24 09:20:00,0.42
2016-12-24 09:21:00,0.67
2016-12-24 09:22:00,1.07
2016-12-24 09:23:00,0.93
2016-12-24 09:24:00,0.99
2016-12-24 09:25:00,0.93
2016-12-24 09:26:00,0.88
2016-12-24 09:27:00,0.97
2016-12-24 09:28:00,0.59
2016-12-24 09:29:00,0.34
2016-12-24 09:30:00,0.34
2016-12-24 09:31:00,0.38
2016-12-24 09:32:00,0.41
2016-12-24 09:33:00,0.57
2016-12-24 09:34:00,0.66
2016-12-24 09:35:00,0.38
2016-12-24 09:36:00,0.37
2016-12-24 09:37:00,0.37
2016-12-24 09:38:00,1.19
2016-12-24 09:39:00,1.17
2016-12-24 09:40:00,0.91
2016-12-24 09:41:00,0.47
2016-12-24 09:42:00,0.48
2016-12-24 09:43:00,1.12
2016-12-24 09:44:00,0.73
2016-12-24 09:45:00,0.89
2016-12-24 09:46:00,1.7
2016-12-24 09:47:00,1.38
2016-12-24 09:48:00,0.82
2016-12-24 09:49:00,0.87
2016-12-24 09:50:00,1.05
2016-12-24 09:51:00,1.91
2016-12-24 09:52:00,2.07
2016-12-24 09:53:00,1.22
2016-12-24 09:54:00,0.5
2016-12-24 09:55:00,0.75
2016-12-24 09:56:00,0.63
2016-12-24 09:57:00,1.18
2016-12-24 09:58:00,0.62
2016-12-24 09:59:00,0.37
2016-12-24 10:00:00,0.75
2016-12-24 10:01:00,0.82
2016-12-24 10:02:00,0.64
2016-12-24 10:03:00,0.93
2016-12-24 10:04:00,1.32
2016-12-24 10:05:00,0.63
2016-12-24 10:06:00,0.75
2016-12-24 10:07:00,1.0
2016-12-24 10:08:00,1.12
2016-12-24 10:09:00,0.81
2016-12-24 10:10:00,1.39
2016-12-24 10:11:00,1.17
2016-12-24 10:12:00,1.21
2016-12-24 10:13:00,1.42
2016-12-24 10:14:00,1.08
2016-12-24 10:15:00,1.13
2016-12-24 10:16:00,1.51
2016-12-24 10:17:00,1.18
2016-12-24 10:18:00,1.09
2016-12-24 10:19:00,1.63
2016-12-24 10:20:00,1.72
2016-12-24 10:21:00,1.25
2016-12-24 10:22:00,0.85
2016-12-24 10:23:00,0.43
2016-12-24 10:24:00,1.14
2016-12-24 10:25:00,1.44
2016-12-24 10:26:00,1.58
2016-12-24 10:27:00,1.62
2016-12-24 10:28:00,1.62
2016-12-24 10:29:00,1.06
2016-12-24 10:30:00,1.5
2016-12-24 10:31:00,1.8
2016-12-24 10:32:00,1.81
2016-12-24 10:33:00,1.55
2016-12-24 10:34:00,1.77
2016-12-24 10:35:00,1.45
2016-12-24 10:36:00,1.52
2016-12-24 10:37:00,0.93
2016-12-24 10:38:00,1.2
2016-12-24 10:39:00,1.02
2016-12-24 10:40:00,1.24
2016-12-24 10:41:00,1.37
2016-12-24 10:42:00,0.96
2016-12-24 10:43:00,0.64
2016-12-24 10:44:00,1.13
2016-12-24 10:45:00,1.32
2016-12-24 10:46:00,1.61
2016-12-24 10:47:00,1.67
2016-12-24 10:48:00,2.25
2016-12-24 10:49:00,1.81
2016-12-24 10:50:00,2.25
2016-12-24 10:51:00,2.07
2016-12-24 10:52:00,2.38
2016-12-24 10:53:00,2.17
2016-12-24 10:54:00,2.82
2016-12-24 10:55:00,2.92
2016-12-24 10:56:00,2.06
2016-12-24 10:57:00,2.23
2016-12-24 10:58:00,1.94
2016-12-24 10:59:00,1.41
2016-12-24 11:00:00,1.77
2016-12-24 11:01:00,1.52
2016-12-24 11:02:00,2.99
2016-12-24 11:03:00,3.25
2016-12-24 11:04:00,3.01
2016-12-24 11:05:00,3.57
2016-12-24 11:06:00,3.24
2016-12-24 11:07:00,2.53
2016-12-24 11:08:00,2.61
2016-12-24 11:09:00,2.68
2016-12-24 11:10:00,1.99
2016-12-24 11:11:00,1.68
2016-12-24 11:12:00,1.86
2016-12-24 11:13:00,1.53
2016-12-24 11:14:00,1.15
2016-12-24 11:15:00,1.62
2016-12-24 11:16:00,2.39
2016-12-24 11:17:00,2.58
2016-12-24 11:18:00,1.93
2016-12-24 11:19:00,2.27
2016-12-24 11:20:00,2.61
2016-12-24 11:21:00,2.98
2016-12-24 11:22:00,3.16
2016-12-24 11:23:00,3.2
2016-12-24 11:24:00,3.74
2016-12-24 11:25:00,3.81
2016-12-24 11:26:00,3.39
2016-12-24 11:27:00,3.72
2016-12-24 11:28:00,3.68
2016-12-24 11:29:00,3.87
2016-12-24 11:30:00,3.96
2016-12-24 11:31:00,3.51
2016-12-24 11:32:00,3.95
2016-12-24 11:33:00,3.67
2016-12-24 11:34:00,3.14
2016-12-24 11:35:00,3.73
2016-12-24 11:36:00,3.81
2016-12-24 11:37:00,3.72
2016-12-24 11:38:00,2.98
2016-12-24 11:39:00,3.22
2016-12-24 11:40:00,3.42
2016-12-24 11:41:00,3.44
2016-12-24 11:42:00,3.81
2016-12-24 11:43:00,3.21
2016-12-24 11:44:00,3.59
2016-12-24 11:45:00,3.69
2016-12-24 11:46:00,3.84
2016-12-24 11:47:00,4.04
2016-12-24 11:48:00,3.48
2016-12-24 11:49:00,3.43
2016-12-24 11:50:00,3.29
2016-12-24 11:51:00,3.94
2016-12-24 11:52:00,4.24
2016-12-24 11:53:00,3.91
2016-12-24 11:54:00,3.8
2016-12-24 11:55:00,4.12
2016-12-24 11:56:00,3.76
2016-12-24 11:57:00,3.94
2016-12-24 11:58:00,3.58
2016-12-24 11:59:00,3.95
2016-12-24 12:00:00,3.96
2016-12-24 12:01:00,3.76
2016-12-24 12:02:00,3.88
2016-12-24 12:03:00,3.91
2016-12-24 12:04:00,3.39
2016-12-24 12:05:00,3.34
2016-12-24 12:06:00,3.02
2016-12-24 12:07:00,3.04
2016-12-24 12:08:00,3.33
2016-12-24 12:09:00,3.42
2016-12-24 12:10:00,3.27
2016-12-24 12:11:00,3.28
2016-12-24 12:12:00,3.4
2016-12-24 12:13:00,3.43
2016-12-24 12:14:00,3.32
2016-12-24 12:15:00,3.47
2016-12-24 12:16:00,3.31
2016-12-24 12:17:00,2.84
2016-12-24 12:18:00,2.76
2016-12-24 12:19:00,2.52
2016-12-24 12:20:00,2.75
2016-12-24 12:21:00,2.74
2016-12-24 12:22:00,3.01
2016-12-24 12:23:00,3.0
2016-12-24 12:24:00,2.63
2016-12-24 12:25:00,3.1
2016-12-24 12:26:00,2.68
2016-12-24 12:27:00,3.16
2016-12-24 12:28:00,2.99
2016-12-24 12:29:00,2.97
2016-12-24 12:30:00,3.2
2016-12-24 12:31:00,3.19
2016-12-24 12:32:00,2.5
2016-12-24 12:33:00,3.03
2016-12-24 12:34:00,2.78
2016-12-24 12:35:00,2.42
2016-12-24 12:36:00,2.73
2016-12-24 12:37:00,2.83
2016-12-24 12:38:00,3.08
2016-12-24 12:39:00,3.34
2016-12-24 12:40:00,2.27
2016-12-24 12:41:00,2.27
2016-12-24 12:42:00,2.79
2016-12-24 12:43:00,2.19
2016-12-24 12:44:00,2.25
2016-12-24 12:45:00,2.72
2016-12-24 12:46:00,2.72
2016-12-24 12:47:00,2.44
2016-12-24 12:48:00,2.28
2016-12-24 12:49:00,2.15
2016-12-24 12:50:00,2.01
2016-12-24 12:51:00,1.71
2016-12-24 12:52:00,1.38
2016-12-24 12:53:00,0.87
2016-12-24 12:54:00,1.27
2016-12-24 12:55:00,1.61
2016-12-24 12:56:00,1.76
2016-12-24 12:57:00,1.72
2016-12-24 12:58:00,3.46
2016-12-24 12:59:00,3.74
2016-12-24 13:00:00,3.52
2016-12-24 13:01:00,2.59
2016-12-24 13:02:00,2.0
2016-12-24 13:03:00,1.67
2016-12-24 13:04:00,1.92
2016-12-24 13:05:00,0.92
2016-12-24 13:06:00,1.39
2016-12-24 13:07:00,1.83
2016-12-24 13:08:00,1.54
2016-12-24 13:09:00,2.02
2016-12-24 13:10:00,1.59
2016-12-24 13:11:00,1.45
2016-12-24 13:12:00,1.42
2016-12-24 13:13:00,2.87
2016-12-24 13:14:00,3.25
2016-12-24 13:15:00,2.63
2016-12-24 13:16:00,2.82
2016-12-24 13:17:00,3.07
2016-12-24 13:18:00,3.36
2016-12-24 13:19:00,3.48
2016-12-24 13:20:00,3.57
2016-12-24 13:21:00,2.76
2016-12-24 13:22:00,2.45
2016-12-24 13:23:00,1.82
2016-12-24 13:24:00,2.07
2016-12-24 13:25:00,1.9
2016-12-24 13:26:00,2.02
2016-12-24 13:27:00,1.46
2016-12-24 13:28:00,1.84
2016-12-24 13:29:00,2.56
2016-12-24 13:30:00,3.59
2016-12-24 13:31:00,4.62
2016-12-24 13:32:00,3.93
2016-12-24 13:33:00,3.83
2016-12-24 13:34:00,3.24
2016-12-24 13:35:00,2.81
2016-12-24 13:36:00,1.96
2016-12-24 13:37:00,2.13
2016-12-24 13:38:00,2.9
2016-12-24 13:39:00,3.19
2016-12-24 13:40:00,2.65
2016-12-24 13:41:00,2.53
2016-12-24 13:42:00,2.77
2016-12-24 13:43:00,2.88
2016-12-24 13:44:00,3.07
2016-12-24 13:45:00,2.42
2016-12-24 13:46:00,2.66
2016-12-24 13:47:00,2.68
2016-12-24 13:48:00,2.85
2016-12-24 13:49:00,3.08
2016-12-24 13:50:00,2.68
2016-12-24 13:51:00,2.85
2016-12-24 13:52:00,2.62
2016-12-24 13:53:00,2.98
2016-12-24 13:54:00,2.83
2016-12-24 13:55:00,2.81
2016-12-24 13:56:00,2.6
2016-12-24 13:57:00,2.7
2016-12-24 13:58:00,3.37
2016-12-24 13:59:00,3.13
2016-12-24 14:00:00,2.51
2016-12-24 14:01:00,2.19
2016-12-24 14:02:00,2.42
2016-12-24 14:03:00,2.17
2016-12-24 14:04:00,2.37
2016-12-24 14:05:00,2.24
2016-12-24 14:06:00,2.13
2016-12-24 14:07:00,2.18
2016-12-24 14:08:00,2.42
2016-12-24 14:09:00,2.14
2016-12-24 14:10:00,2.67
2016-12-24 14:11:00,2.7
2016-12-24 14:12:00,2.51
2016-12-24 14:13:00,2.89
2016-12-24 14:14:00,3.1
2016-12-24 14:15:00,2.85
2016-12-24 14:16:00,2.69
2016-12-24 14:17:00,2.32
2016-12-24 14:18:00,1.99
2016-12-24 14:19:00,2.04
2016-12-24 14:20:00,2.23
2016-12-24 14:21:00,3.11
2016-12-24 14:22:00,3.52
2016-12-24 14:23:00,3.81
2016-12-24 14:24:00,2.55
2016-12-24 14:25:00,2.06
2016-12-24 14:26:00,2.09
2016-12-24 14:27:00,2.04
2016-12-24 14:28:00,2.76
2016-12-24 14:29:00,2.42
2016-12-24 14:30:00,2.37
2016-12-24 14:31:00,2.64
2016-12-24 14:32:00,2.95
2016-12-24 14:33:00,2.26
2016-12-24 14:34:00,2.02
2016-12-24 14:35:00,1.58
2016-12-24 14:36:00,2.01
2016-12-24 14:37:00,2.13
2016-12-24 14:38:00,2.69
2016-12-24 14:39:00,2.34
2016-12-24 14:40:00,2.07
2016-12-24 14:41:00,2.17
2016-12-24 14:42:00,2.69
2016-12-24 14:43:00,2.42
2016-12-24 14:44:00,1.87
2016-12-24 14:45:00,1.47
2016-12-24 14:46:00,2.17
2016-12-24 14:47:00,2.04
2016-12-24 14:48:00,2.4
2016-12-24 14:49:00,3.12
2016-12-24 14:50:00,3.02
2016-12-24 14:51:00,1.97
2016-12-24 14:52:00,1.99
2016-12-24 14:53:00,1.59
2016-12-24 14:54:00,1.65
2016-12-24 14:55:00,1.78
2016-12-24 14:56:00,1.47
2016-12-24 14:57:00,1.89
2016-12-24 14:58:00,1.87
2016-12-24 14:59:00,2.86
2016-12-24 15:00:00,2.02
2016-12-24 15:01:00,1.72
2016-12-24 15:02:00,1.33
2016-12-24 15:03:00,0.68
2016-12-24 15:04:00,1.12
2016-12-24 15:05:00,1.26
2016-12-24 15:06:00,1.68
2016-12-24 15:07:00,1.71
2016-12-24 15:08:00,1.67
2016-12-24 15:09:00,1.37
2016-12-24 15:10:00,1.35
2016-12-24 15:11:00,1.66
2016-12-24 15:12:00,1.59
2016-12-24 15:13:00,1.68
2016-12-24 15:14:00,1.4
2016-12-24 15:15:00,1.72
2016-12-24 15:16:00,1.73
2016-12-24 15:17:00,1.34
2016-12-24 15:18:00,1.12
2016-12-24 15:19:00,0.93
2016-12-24 15:20:00,1.42
2016-12-24 15:21:00,1.43
2016-12-24 15:22:00,1.66
2016-12-24 15:23:00,1.43
2016-12-24 15:24:00,1.08
2016-12-24 15:25:00,1.33
2016-12-24 15:26:00,1.54
2016-12-24 15:27:00,1.68
2016-12-24 15:28:00,1.7
2016-12-24 15:29:00,1.72
2016-12-24 15:30:00,1.59
2016-12-24 15:31:00,1.35
2016-12-24 15:32:00,1.1
2016-12-24 15:33:00,0.8
2016-12-24 15:34:00,0.97
2016-12-24 15:35:00,0.8
2016-12-24 15:36:00,1.02
2016-12-24 15:37:00,1.13
2016-12-24 15:38:00,0.99
2016-12-24 15:39:00,1.36
2016-12-24 15:40:00,1.59
2016-12-24 15:41:00,1.71
2016-12-24 15:42:00,1.33
2016-12-24 15:43:00,1.33
2016-12-24 15:44:00,1.81
2016-12-24 15:45:00,1.82
2016-12-24 15:46:00,1.66
2016-12-24 15:47:00,1.23
2016-12-24 15:48:00,1.32
2016-12-24 15:49:00,1.23
2016-12-24 15:50:00,1.24
2016-12-24 15:51:00,1.49
2016-12-24 15:52:00,1.68
2016-12-24 15:53:00,1.84
2016-12-24 15:54:00,1.86
2016-12-24 15:55:00,1.9
2016-12-24 15:56:00,1.57
2016-12-24 15:57:00,0.97
2016-12-24 15:58:00,1.14
2016-12-24 15:59:00,0.91
2016-12-24 16:00:00,0.78
2016-12-24 16:01:00,0.97
2016-12-24 16:02:00,1.16
2016-12-24 16:03:00,1.33
2016-12-24 16:04:00,1.35
2016-12-24 16:05:00,1.17
2016-12-24 16:06:00,1.16
2016-12-24 16:07:00,1.48
2016-12-24 16:08:00,1.41
2016-12-24 16:09:00,1.59
2016-12-24 16:10:00,1.92
2016-12-24 16:11:00,1.94
2016-12-24 16:12:00,2.05
2016-12-24 16:13:00,1.98
2016-12-24 16:14:00,1.89
2016-12-24 16:15:00,2.06
2016-12-24 16:16:00,1.69
2016-12-24 16:17:00,1.83
2016-12-24 16:18:00,2.12
2016-12-24 16:19:00,2.07
2016-12-24 16:20:00,2.09
2016-12-24 16:21:00,1.83
2016-12-24 16:22:00,1.45
2016-12-24 16:23:00,2.28
2016-12-24 16:24:00,2.17
2016-12-24 16:25:00,1.63
2016-12-24 16:26:00,1.56
2016-12-24 16:27:00,1.13
2016-12-24 16:28:00,1.38
2016-12-24 16:29:00,2.17
2016-12-24 16:30:00,2.19
2016-12-24 16:31:00,1.44
2016-12-24 16:32:00,2.58
2016-12-24 16:33:00,2.3
2016-12-24 16:34:00,1.99
2016-12-24 16:35:00,1.96
2016-12-24 16:36:00,2.15
2016-12-24 16:37:00,1.91
2016-12-24 16:38:00,2.0
2016-12-24 16:39:00,2.25
2016-12-24 16:40:00,2.72
2016-12-24 16:41:00,2.02
2016-12-24 16:42:00,2.08
2016-12-24 16:43:00,2.19
2016-12-24 16:44:00,2.12
2016-12-24 16:45:00,1.84
2016-12-24 16:46:00,1.85
2016-12-24 16:47:00,1.98
2016-12-24 16:48:00,2.31
2016-12-24 16:49:00,2.41
2016-12-24 16:50:00,2.39
2016-12-24 16:51:00,2.21
2016-12-24 16:52:00,2.38
2016-12-24 16:53:00,2.36
2016-12-24 16:54:00,2.36
2016-12-24 16:55:00,2.62
2016-12-24 16:56:00,2.64
2016-12-24 16:57:00,2.32
2016-12-24 16:58:00,2.09
2016-12-24 16:59:00,2.09
2016-12-24 17:00:00,2.28
2016-12-24 17:01:00,2.29
2016-12-24 17:02:00,2.17
2016-12-24 17:03:00,2.3
2016-12-24 17:04:00,2.33
2016-12-24 17:05:00,2.3
2016-12-24 17:06:00,2.28
2016-12-24 17:07:00,2.17
2016-12-24 17:08:00,1.83
2016-12-24 17:09:00,1.81
2016-12-24 17:10:00,1.96
2016-12-24 17:11:00,2.09
2016-12-24 17:12:00,2.19
2016-12-24 17:13:00,2.24
2016-12-24 17:14:00,2.21
2016-12-24 17:15:00,2.12
2016-12-24 17:16:00,2.14
2016-12-24 17:17:00,2.19
2016-12-24 17:18:00,2.42
2016-12-24 17:19:00,2.57
2016-12-24 17:20:00,2.52
2016-12-24 17:21:00,2.45
2016-12-24 17:22:00,2.43
2016-12-24 17:23:00,2.51
2016-12-24 17:24:00,2.67
2016-12-24 17:25:00,2.78
2016-12-24 17:26:00,2.89
2016-12-24 17:27:00,2.99
2016-12-24 17:28:00,2.96
2016-12-24 17:29:00,3.07
2016-12-24 17:30:00,2.92
2016-12-24 17:31:00,2.92
2016-12-24 17:32:00,2.96
2016-12-24 17:33:00,2.85
2016-12-24 17:34:00,3.11
2016-12-24 17:35:00,3.24
2016-12-24 17:36:00,3.06
2016-12-24 17:37:00,2.69
2016-12-24 17:38:00,2.53
2016-12-24 17:39:00,2.27
2016-12-24 17:40:00,2.37
2016-12-24 17:41:00,2.24
2016-12-24 17:42:00,2.27
2016-12-24 17:43:00,2.01
2016-12-24 17:44:00,1.77
2016-12-24 17:45:00,1.66
2016-12-24 17:46:00,1.71
2016-12-24 17:47:00,2.05
2016-12-24 17:48:00,2.11
2016-12-24 17:49:00,2.14
2016-12-24 17:50:00,2.09
2016-12-24 17:51:00,1.84
2016-12-24 17:52:00,1.86
2016-12-24 17:53:00,2.04
2016-12-24 17:54:00,1.9
2016-12-24 17:55:00,1.29
2016-12-24 17:56:00,0.52
2016-12-24 17:57:00,0.36
2016-12-24 17:58:00,1.21
2016-12-24 17:59:00,2.17
2016-12-24 18:00:00,2.07
2016-12-24 18:01:00,1.56
2016-12-24 18:02:00,1.71
2016-12-24 18:03:00,1.61
2016-12-24 18:04:00,1.77
2016-12-24 18:05:00,2.08
2016-12-24 18:06:00,2.36
2016-12-24 18:07:00,2.55
2016-12-24 18:08:00,2.11
2016-12-24 18:09:00,2.13
2016-12-24 18:10:00,2.21
2016-12-24 18:11:00,2.23
2016-12-24 18:12:00,2.13
2016-12-24 18:13:00,2.07
2016-12-24 18:14:00,2.28
2016-12-24 18:15:00,2.2
2016-12-24 18:16:00,1.67
2016-12-24 18:17:00,1.34
2016-12-24 18:18:00,1.73
2016-12-24 18:19:00,2.51
2016-12-24 18:20:00,1.82
2016-12-24 18:21:00,1.64
2016-12-24 18:22:00,2.29
2016-12-24 18:23:00,1.42
2016-12-24 18:24:00,1.37
2016-12-24 18:25:00,1.27
2016-12-24 18:26:00,2.02
2016-12-24 18:27:00,2.02
2016-12-24 18:28:00,2.93
2016-12-24 18:29:00,2.68
2016-12-24 18:30:00,3.32
2016-12-24 18:31:00,2.2
2016-12-24 18:32:00,2.09
2016-12-24 18:33:00,2.04
2016-12-24 18:34:00,2.32
2016-12-24 18:35:00,2.31
2016-12-24 18:36:00,2.78
2016-12-24 18:37:00,3.13
2016-12-24 18:38:00,3.28
2016-12-24 18:39:00,4.22
2016-12-24 18:40:00,4.11
2016-12-24 18:41:00,5.59
2016-12-24 18:42:00,5.77
2016-12-24 18:43:00,4.67
2016-12-24 18:44:00,4.29
2016-12-24 18:45:00,4.87
2016-12-24 18:46:00,4.27
2016-12-24 18:47:00,4.91
2016-12-24 18:48:00,6.02
2016-12-24 18:49:00,4.36
2016-12-24 18:50:00,5.72
2016-12-24 18:51:00,7.04
2016-12-24 18:52:00,5.65
2016-12-24 18:53:00,5.61
2016-12-24 18:54:00,4.93
2016-12-24 18:55:00,5.52
2016-12-24 18:56:00,5.71
2016-12-24 18:57:00,5.34
2016-12-24 18:58:00,5.57
2016-12-24 18:59:00,5.39
2016-12-24 19:00:00,4.91
2016-12-24 19:01:00,5.08
2016-12-24 19:02:00,5.46
2016-12-24 19:03:00,5.54
2016-12-24 19:04:00,5.43
2016-12-24 19:05:00,6.6
2016-12-24 19:06:00,6.72
2016-12-24 19:07:00,6.59
2016-12-24 19:08:00,6.72
2016-12-24 19:09:00,6.37
2016-12-24 19:10:00,6.34
2016-12-24 19:11:00,6.17
2016-12-24 19:12:00,6.07
2016-12-24 19:13:00,6.4
2016-12-24 19:14:00,6.04
2016-12-24 19:15:00,6.52
2016-12-24 19:16:00,6.29
2016-12-24 19:17:00,6.2
2016-12-24 19:18:00,6.09
2016-12-24 19:19:00,6.16
2016-12-24 19:20:00,6.06
2016-12-24 19:21:00,6.03
2016-12-24 19:22:00,5.94
2016-12-24 19:23:00,5.76
2016-12-24 19:24:00,5.63
2016-12-24 19:25:00,5.7
2016-12-24 19:26:00,5.87
2016-12-24 19:27:00,5.76
2016-12-24 19:28:00,5.74
2016-12-24 19:29:00,5.75
2016-12-24 19:30:00,5.52
2016-12-24 19:31:00,5.46
2016-12-24 19:32:00,5.57
2016-12-24 19:33:00,5.69
2016-12-24 19:34:00,5.62
2016-12-24 19:35:00,5.34
2016-12-24 19:36:00,5.0
2016-12-24 19:37:00,5.09
2016-12-24 19:38:00,5.13
2016-12-24 19:39:00,5.16
2016-12-24 19:40:00,5.04
2016-12-24 19:41:00,4.86
2016-12-24 19:42:00,5.03
2016-12-24 19:43:00,5.08
2016-12-24 19:44:00,5.02
2016-12-24 19:45:00,4.79
2016-12-24 19:46:00,4.82
2016-12-24 19:47:00,4.89
2016-12-24 19:48:00,4.82
2016-12-24 19:49:00,4.84
2016-12-24 19:50:00,4.7
2016-12-24 19:51:00,4.65
2016-12-24 19:52:00,4.56
2016-12-24 19:53:00,4.47
2016-12-24 19:54:00,4.5
2016-12-24 19:55:00,4.52
2016-12-24 19:56:00,4.52
2016-12-24 19:57:00,4.39
2016-12-24 19:58:00,4.38
2016-12-24 19:59:00,4.39
2016-12-24 20:00:00,4.56
2016-12-24 20:01:00,4.4
2016-12-24 20:02:00,4.28
2016-12-24 20:03:00,4.48
2016-12-24 20:04:00,4.38
2016-12-24 20:05:00,4.43
2016-12-24 20:06:00,4.53
2016-12-24 20:07:00,4.51
2016-12-24 20:08:00,4.37
2016-12-24 20:09:00,4.64
2016-12-24 20:10:00,4.78
2016-12-24 20:11:00,4.8
2016-12-24 20:12:00,5.13
2016-12-24 20:13:00,5.11
2016-12-24 20:14:00,5.17
2016-12-24 20:15:00,5.3
2016-12-24 20:16:00,5.39
2016-12-24 20:17:00,5.43
2016-12-24 20:18:00,5.36
2016-12-24 20:19:00,5.29
2016-12-24 20:20:00,5.46
2016-12-24 20:21:00,5.42
2016-12-24 20:22:00,5.28
2016-12-24 20:23:00,5.43
2016-12-24 20:24:00,5.35
2016-12-24 20:25:00,5.33
2016-12-24 20:26:00,5.44
2016-12-24 20:27:00,5.31
2016-12-24 20:28:00,4.41
2016-12-24 20:29:00,4.95
2016-12-24 20:30:00,5.5
2016-12-24 20:31:00,5.1
2016-12-24 20:32:00,4.74
2016-12-24 20:33:00,4.82
2016-12-24 20:34:00,4.98
2016-12-24 20:35:00,5.28
2016-12-24 20:36:00,5.56
2016-12-24 20:37:00,5.59
2016-12-24 20:38:00,5.52
2016-12-24 20:39:00,5.41
2016-12-24 20:40:00,5.36
2016-12-24 20:41:00,5.31
2016-12-24 20:42:00,5.43
2016-12-24 20:43:00,5.43
2016-12-24 20:44:00,5.19
2016-12-24 20:45:00,5.29
2016-12-24 20:46:00,5.46
2016-12-24 20:47:00,5.41
2016-12-24 20:48:00,5.41
2016-12-24 20:49:00,5.53
2016-12-24 20:50:00,5.52
2016-12-24 20:51:00,5.37
2016-12-24 20:52:00,5.33
2016-12-24 20:53:00,5.43
2016-12-24 20:54:00,5.51
2016-12-24 20:55:00,5.71
2016-12-24 20:56:00,6.01
2016-12-24 20:57:00,5.91
2016-12-24 20:58:00,5.67
2016-12-24 20:59:00,5.16
2016-12-24 21:00:00,5.14
2016-12-24 21:01:00,4.73
2016-12-24 21:02:00,4.52
2016-12-24 21:03:00,4.67
2016-12-24 21:04:00,4.68
2016-12-24 21:05:00,4.67
2016-12-24 21:06:00,4.6
2016-12-24 21:07:00,4.53
2016-12-24 21:08:00,4.43
2016-12-24 21:09:00,4.4
2016-12-24 21:10:00,4.34
2016-12-24 21:11:00,4.38
2016-12-24 21:12:00,4.41
2016-12-24 21:13:00,4.26
2016-12-24 21:14:00,4.36
2016-12-24 21:15:00,4.33
2016-12-24 21:16:00,4.27
2016-12-24 21:17:00,4.41
2016-12-24 21:18:00,4.58
2016-12-24 21:19:00,4.78
2016-12-24 21:20:00,5.04
2016-12-24 21:21:00,5.13
2016-12-24 21:22:00,5.18
2016-12-24 21:23:00,4.91
2016-12-24 21:24:00,4.73
2016-12-24 21:25:00,5.01
2016-12-24 21:26:00,5.18
2016-12-24 21:27:00,5.22
2016-12-24 21:28:00,4.91
2016-12-24 21:29:00,4.54
2016-12-24 21:30:00,4.31
2016-12-24 21:31:00,4.31
2016-12-24 21:32:00,4.04
2016-12-24 21:33:00,3.0
2016-12-24 21:34:00,1.92
2016-12-24 21:35:00,1.97
2016-12-24 21:36:00,1.8
2016-12-24 21:37:00,1.62
2016-12-24 21:38:00,1.84
2016-12-24 21:39:00,1.29
2016-12-24 21:40:00,1.05
2016-12-24 21:41:00,0.79
2016-12-24 21:42:00,1.55
2016-12-24 21:43:00,1.9
2016-12-24 21:44:00,1.23
2016-12-24 21:45:00,0.94
2016-12-24 21:46:00,1.5
2016-12-24 21:47:00,1.65
2016-12-24 21:48:00,1.85
2016-12-24 21:49:00,1.99
2016-12-24 21:50:00,1.97
2016-12-24 21:51:00,1.55
2016-12-24 21:52:00,1.5
2016-12-24 21:53:00,1.59
2016-12-24 21:54:00,1.77
2016-12-24 21:55:00,1.6
2016-12-24 21:56:00,1.63
2016-12-24 21:57:00,2.06
2016-12-24 21:58:00,2.6
2016-12-24 21:59:00,2.66
2016-12-24 22:00:00,2.53
2016-12-24 22:01:00,2.46
2016-12-24 22:02:00,2.32
2016-12-24 22:03:00,2.25
2016-12-24 22:04:00,2.1
2016-12-24 22:05:00,2.34
2016-12-24 22:06:00,2.38
2016-12-24 22:07:00,1.89
2016-12-24 22:08:00,1.61
2016-12-24 22:09:00,2.03
2016-12-24 22:10:00,2.64
2016-12-24 22:11:00,2.19
2016-12-24 22:12:00,2.3
2016-12-24 22:13:00,1.9
2016-12-24 22:14:00,1.76
2016-12-24 22:15:00,1.94
2016-12-24 22:16:00,2.03
2016-12-24 22:17:00,2.24
2016-12-24 22:18:00,1.97
2016-12-24 22:19:00,1.78
2016-12-24 22:20:00,1.18
2016-12-24 22:21:00,0.67
2016-12-24 22:22:00,0.37
2016-12-24 22:23:00,0.61
2016-12-24 22:24:00,0.56
2016-12-24 22:25:00,0.91
2016-12-24 22:26:00,1.37
2016-12-24 22:27:00,2.0
2016-12-24 22:28:00,1.61
2016-12-24 22:29:00,1.76
2016-12-24 22:30:00,1.98
2016-12-24 22:31:00,2.6
2016-12-24 22:32:00,2.67
2016-12-24 22:33:00,2.65
2016-12-24 22:34:00,2.91
2016-12-24 22:35:00,2.73
2016-12-24 22:36:00,2.67
2016-12-24 22:37:00,2.13
2016-12-24 22:38:00,1.62
2016-12-24 22:39:00,2.53
2016-12-24 22:40:00,3.74
2016-12-24 22:41:00,3.1
2016-12-24 22:42:00,2.1
2016-12-24 22:43:00,2.22
2016-12-24 22:44:00,1.75
2016-12-24 22:45:00,1.46
2016-12-24 22:46:00,1.64
2016-12-24 22:47:00,1.74
2016-12-24 22:48:00,1.89
2016-12-24 22:49:00,1.52
2016-12-24 22:50:00,1.32
2016-12-24 22:51:00,0.84
2016-12-24 22:52:00,0.7
2016-12-24 22:53:00,0.94
2016-12-24 22:54:00,1.18
2016-12-24 22:55:00,1.33
2016-12-24 22:56:00,1.36
2016-12-24 22:57:00,1.33
2016-12-24 22:58:00,1.41
2016-12-24 22:59:00,1.45
2016-12-24 23:00:00,1.46
2016-12-24 23:01:00,1.63
2016-12-24 23:02:00,1.65
2016-12-24 23:03:00,1.6
2016-12-24 23:04:00,1.23
2016-12-24 23:05:00,1.44
2016-12-24 23:06:00,1.7
2016-12-24 23:07:00,1.72
2016-12-24 23:08:00,1.97
2016-12-24 23:09:00,2.01
2016-12-24 23:10:00,1.87
2016-12-24 23:11:00,2.12
2016-12-24 23:12:00,2.21
2016-12-24 23:13:00,2.01
2016-12-24 23:14:00,2.17
2016-12-24 23:15:00,2.19
2016-12-24 23:16:00,2.06
2016-12-24 23:17:00,1.99
2016-12-24 23:18:00,2.59
2016-12-24 23:19:00,2.7
2016-12-24 23:20:00,2.61
2016-12-24 23:21:00,2.78
2016-12-24 23:22:00,2.79
2016-12-24 23:23:00,2.55
2016-12-24 23:24:00,2.67
2016-12-24 23:25:00,2.62
2016-12-24 23:26:00,2.82
2016-12-24 23:27:00,2.9
2016-12-24 23:28:00,3.02
2016-12-24 23:29:00,2.89
2016-12-24 23:30:00,2.9
2016-12-24 23:31:00,2.8
2016-12-24 23:32:00,2.78
2016-12-24 23:33:00,2.98
2016-12-24 23:34:00,2.95
2016-12-24 23:35:00,2.83
2016-12-24 23:36:00,2.43
2016-12-24 23:37:00,2.27
2016-12-24 23:38:00,2.21
2016-12-24 23:39:00,2.3
2016-12-24 23:40:00,2.41
2016-12-24 23:41:00,2.63
2016-12-24 23:42:00,2.84
2016-12-24 23:43:00,2.81
2016-12-24 23:44:00,2.81
2016-12-24 23:45:00,2.73
2016-12-24 23:46:00,2.75
2016-12-24 23:47:00,2.73
2016-12-24 23:48:00,2.75
2016-12-24 23:49:00,2.64
2016-12-24 23:50:00,2.34
2016-12-24 23:51:00,2.29
2016-12-24 23:52:00,2.21
2016-12-24 23:53:00,2.13
2016-12-24 23:54:00,2.13
2016-12-24 23:55:00,2.19
2016-12-24 23:56:00,1.93
2016-12-24 23:57:00,2.01
2016-12-24 23:58:00,2.01
2016-12-24 23:59:00,2.07
2016-12-25 00:00:00,2.1
2016-12-25 00:01:00,2.35
2016-12-25 00:02:00,2.45
2016-12-25 00:03:00,2.24
2016-12-25 00:04:00,2.34
2016-12-25 00:05:00,2.57
2016-12-25 00:06:00,2.62
2016-12-25 00:07:00,2.67
2016-12-25 00:08:00,2.9
2016-12-25 00:09:00,2.83
2016-12-25 00:10:00,3.04
2016-12-25 00:11:00,3.2
2016-12-25 00:12:00,3.13
2016-12-25 00:13:00,3.33
2016-12-25 00:14:00,3.21
2016-12-25 00:15:00,3.56
2016-12-25 00:16:00,3.61
2016-12-25 00:17:00,3.71
2016-12-25 00:18:00,3.82
2016-12-25 00:19:00,3.92
2016-12-25 00:20:00,3.78
2016-12-25 00:21:00,3.75
2016-12-25 00:22:00,3.7
2016-12-25 00:23:00,3.61
2016-12-25 00:24:00,3.58
2016-12-25 00:25:00,3.4
2016-12-25 00:26:00,3.21
2016-12-25 00:27:00,2.83
2016-12-25 00:28:00,2.61
2016-12-25 00:29:00,2.37
2016-12-25 00:30:00,2.43
2016-12-25 00:31:00,2.37
2016-12-25 00:32:00,2.28
2016-12-25 00:33:00,2.16
2016-12-25 00:34:00,1.92
2016-12-25 00:35:00,1.86
2016-12-25 00:36:00,1.94
2016-12-25 00:37:00,2.02
2016-12-25 00:38:00,2.07
2016-12-25 00:39:00,2.16
2016-12-25 00:40:00,2.09
2016-12-25 00:41:00,1.86
2016-12-25 00:42:00,1.75
2016-12-25 00:43:00,1.52
2016-12-25 00:44:00,1.53
2016-12-25 00:45:00,1.55
2016-12-25 00:46:00,1.74
2016-12-25 00:47:00,1.91
2016-12-25 00:48:00,1.92
2016-12-25 00:49:00,2.09
2016-12-25 00:50:00,2.26
2016-12-25 00:51:00,2.16
2016-12-25 00:52:00,2.3
2016-12-25 00:53:00,2.52
2016-12-25 00:54:00,2.78
2016-12-25 00:55:00,3.14
2016-12-25 00:56:00,3.45
2016-12-25 00:57:00,3.58
2016-12-25 00:58:00,3.65
2016-12-25 00:59:00,3.61
2016-12-25 01:00:00,3.69
2016-12-25 01:01:00,3.33
2016-12-25 01:02:00,3.05
2016-12-25 01:03:00,2.77
2016-12-25 01:04:00,2.81
2016-12-25 01:05:00,2.84
2016-12-25 01:06:00,2.83
2016-12-25 01:07:00,2.7
2016-12-25 01:08:00,2.32
2016-12-25 01:09:00,2.29
2016-12-25 01:10:00,2.31
2016-12-25 01:11:00,2.23
2016-12-25 01:12:00,2.09
2016-12-25 01:13:00,2.05
2016-12-25 01:14:00,1.95
2016-12-25 01:15:00,1.72
2016-12-25 01:16:00,1.54
2016-12-25 01:17:00,1.4
2016-12-25 01:18:00,1.55
2016-12-25 01:19:00,1.49
2016-12-25 01:20:00,1.26
2016-12-25 01:21:00,1.31
2016-12-25 01:22:00,1.45
2016-12-25 01:23:00,1.75
2016-12-25 01:24:00,1.6
2016-12-25 01:25:00,1.39
2016-12-25 01:26:00,1.26
2016-12-25 01:27:00,1.09
2016-12-25 01:28:00,0.93
2016-12-25 01:29:00,0.51
2016-12-25 01:30:00,0.34
2016-12-25 01:31:00,0.34
2016-12-25 01:32:00,0.34
2016-12-25 01:33:00,0.34
2016-12-25 01:34:00,0.66
2016-12-25 01:35:00,1.09
2016-12-25 01:36:00,1.62
2016-12-25 01:37:00,2.18
2016-12-25 01:38:00,1.95
2016-12-25 01:39:00,1.77
2016-12-25 01:40:00,1.62
2016-12-25 01:41:00,1.37
2016-12-25 01:42:00,1.39
2016-12-25 01:43:00,1.38
2016-12-25 01:44:00,1.27
2016-12-25 01:45:00,1.28
2016-12-25 01:46:00,1.28
2016-12-25 01:47:00,1.25
2016-12-25 01:48:00,1.11
2016-12-25 01:49:00,1.1
2016-12-25 01:50:00,1.1
2016-12-25 01:51:00,1.26
2016-12-25 01:52:00,1.3
2016-12-25 01:53:00,1.3
2016-12-25 01:54:00,1.22
2016-12-25 01:55:00,1.04
2016-12-25 01:56:00,0.99
2016-12-25 01:57:00,1.01
2016-12-25 01:58:00,0.93
2016-12-25 01:59:00,0.98
2016-12-25 02:00:00,1.24
2016-12-25 02:01:00,1.58
2016-12-25 02:02:00,1.76
2016-12-25 02:03:00,1.88
2016-12-25 02:04:00,2.17
2016-12-25 02:05:00,2.47
2016-12-25 02:06:00,2.52
2016-12-25 02:07:00,2.33
2016-12-25 02:08:00,2.09
2016-12-25 02:09:00,2.05
2016-12-25 02:10:00,2.02
2016-12-25 02:11:00,2.11
2016-12-25 02:12:00,2.11
2016-12-25 02:13:00,1.9
2016-12-25 02:14:00,1.85
2016-12-25 02:15:00,1.88
2016-12-25 02:16:00,2.01
2016-12-25 02:17:00,2.34
2016-12-25 02:18:00,2.45
2016-12-25 02:19:00,2.42
2016-12-25 02:20:00,2.26
2016-12-25 02:21:00,2.23
2016-12-25 02:22:00,2.44
2016-12-25 02:23:00,2.38
2016-12-25 02:24:00,2.34
2016-12-25 02:25:00,2.37
2016-12-25 02:26:00,2.48
2016-12-25 02:27:00,2.38
2016-12-25 02:28:00,2.38
2016-12-25 02:29:00,2.33
2016-12-25 02:30:00,2.34
2016-12-25 02:31:00,2.32
2016-12-25 02:32:00,2.19
2016-12-25 02:33:00,2.09
2016-12-25 02:34:00,1.92
2016-12-25 02:35:00,1.82
2016-12-25 02:36:00,1.99
2016-12-25 02:37:00,2.37
2016-12-25 02:38:00,2.59
2016-12-25 02:39:00,2.55
2016-12-25 02:40:00,2.77
2016-12-25 02:41:00,2.95
2016-12-25 02:42:00,2.92
2016-12-25 02:43:00,2.84
2016-12-25 02:44:00,2.96
2016-12-25 02:45:00,3.11
2016-12-25 02:46:00,3.07
2016-12-25 02:47:00,3.13
2016-12-25 02:48:00,3.21
2016-12-25 02:49:00,3.13
2016-12-25 02:50:00,3.06
2016-12-25 02:51:00,2.63
2016-12-25 02:52:00,2.77
2016-12-25 02:53:00,2.76
2016-12-25 02:54:00,2.89
2016-12-25 02:55:00,2.98
2016-12-25 02:56:00,2.98
2016-12-25 02:57:00,2.71
2016-12-25 02:58:00,2.62
2016-12-25 02:59:00,2.55
2016-12-25 03:00:00,2.51
2016-12-25 03:01:00,2.87
2016-12-25 03:02:00,2.88
2016-12-25 03:03:00,2.49
2016-12-25 03:04:00,2.09
2016-12-25 03:05:00,1.89
2016-12-25 03:06:00,1.67
2016-12-25 03:07:00,1.46
2016-12-25 03:08:00,1.59
2016-12-25 03:09:00,1.7
2016-12-25 03:10:00,1.61
2016-12-25 03:11:00,1.65
2016-12-25 03:12:00,1.62
2016-12-25 03:13:00,1.49
2016-12-25 03:14:00,1.18
2016-12-25 03:15:00,1.11
2016-12-25 03:16:00,1.27
2016-12-25 03:17:00,1.28
2016-12-25 03:18:00,1.17
2016-12-25 03:19:00,1.16
2016-12-25 03:20:00,1.05
2016-12-25 03:21:00,1.07
2016-12-25 03:22:00,0.96
2016-12-25 03:23:00,0.76
2016-12-25 03:24:00,0.86
2016-12-25 03:25:00,0.66
2016-12-25 03:26:00,0.82
2016-12-25 03:27:00,0.64
2016-12-25 03:28:00,0.59
2016-12-25 03:29:00,0.43
2016-12-25 03:30:00,0.5
2016-12-25 03:31:00,0.82
2016-12-25 03:32:00,0.56
2016-12-25 03:33:00,0.34
2016-12-25 03:34:00,0.34
2016-12-25 03:35:00,0.44
2016-12-25 03:36:00,0.69
2016-12-25 03:37:00,0.62
2016-12-25 03:38:00,0.61
2016-12-25 03:39:00,1.08
2016-12-25 03:40:00,1.61
2016-12-25 03:41:00,1.75
2016-12-25 03:42:00,1.59
2016-12-25 03:43:00,1.4
2016-12-25 03:44:00,1.68
2016-12-25 03:45:00,2.42
2016-12-25 03:46:00,2.68
2016-12-25 03:47:00,2.99
2016-12-25 03:48:00,3.19
2016-12-25 03:49:00,2.72
2016-12-25 03:50:00,2.84
2016-12-25 03:51:00,3.65
2016-12-25 03:52:00,4.39
2016-12-25 03:53:00,4.5
2016-12-25 03:54:00,3.9
2016-12-25 03:55:00,3.16
2016-12-25 03:56:00,2.38
2016-12-25 03:57:00,2.12
2016-12-25 03:58:00,2.4
2016-12-25 03:59:00,3.09
2016-12-25 04:00:00,3.4
2016-12-25 04:01:00,3.34
2016-12-25 04:02:00,2.66
2016-12-25 04:03:00,1.76
2016-12-25 04:04:00,1.62
2016-12-25 04:05:00,1.68
2016-12-25 04:06:00,1.65
2016-12-25 04:07:00,1.42
2016-12-25 04:08:00,1.29
2016-12-25 04:09:00,1.3
2016-12-25 04:10:00,1.01
2016-12-25 04:11:00,0.95
2016-12-25 04:12:00,0.91
2016-12-25 04:13:00,0.76
2016-12-25 04:14:00,0.76
2016-12-25 04:15:00,0.73
2016-12-25 04:16:00,0.37
2016-12-25 04:17:00,0.38
2016-12-25 04:18:00,0.57
2016-12-25 04:19:00,0.34
2016-12-25 04:20:00,0.34
2016-12-25 04:21:00,0.43
2016-12-25 04:22:00,0.42
2016-12-25 04:23:00,0.34
2016-12-25 04:24:00,0.34
2016-12-25 04:25:00,0.34
2016-12-25 04:26:00,0.61
2016-12-25 04:27:00,1.44
2016-12-25 04:28:00,1.32
2016-12-25 04:29:00,1.07
2016-12-25 04:30:00,0.81
2016-12-25 04:31:00,0.57
2016-12-25 04:32:00,0.4
2016-12-25 04:33:00,0.69
2016-12-25 04:34:00,0.34
2016-12-25 04:35:00,0.34
2016-12-25 04:36:00,0.36
2016-12-25 04:37:00,0.82
2016-12-25 04:38:00,1.02
2016-12-25 04:39:00,0.97
2016-12-25 04:40:00,0.66
2016-12-25 04:41:00,0.44
2016-12-25 04:42:00,0.87
2016-12-25 04:43:00,1.11
2016-12-25 04:44:00,1.02
2016-12-25 04:45:00,1.25
2016-12-25 04:46:00,1.19
2016-12-25 04:47:00,1.08
2016-12-25 04:48:00,0.68
2016-12-25 04:49:00,0.34
2016-12-25 04:50:00,0.34
2016-12-25 04:51:00,0.34
2016-12-25 04:52:00,0.72
2016-12-25 04:53:00,1.11
2016-12-25 04:54:00,1.16
2016-12-25 04:55:00,1.38
2016-12-25 04:56:00,1.55
2016-12-25 04:57:00,1.54
2016-12-25 04:58:00,1.26
2016-12-25 04:59:00,1.28
2016-12-25 05:00:00,1.94
2016-12-25 05:01:00,2.53
2016-12-25 05:02:00,2.8
2016-12-25 05:03:00,2.6
2016-12-25 05:04:00,2.67
2016-12-25 05:05:00,3.52
2016-12-25 05:06:00,4.15
2016-12-25 05:07:00,3.36
2016-12-25 05:08:00,2.66
2016-12-25 05:09:00,2.67
2016-12-25 05:10:00,2.92
2016-12-25 05:11:00,3.06
2016-12-25 05:12:00,3.38
2016-12-25 05:13:00,3.39
2016-12-25 05:14:00,2.99
2016-12-25 05:15:00,2.69
2016-12-25 05:16:00,3.11
2016-12-25 05:17:00,3.33
2016-12-25 05:18:00,2.88
2016-12-25 05:19:00,2.98
2016-12-25 05:20:00,2.9
2016-12-25 05:21:00,2.88
2016-12-25 05:22:00,2.42
2016-12-25 05:23:00,1.89
2016-12-25 05:24:00,1.55
2016-12-25 05:25:00,1.66
2016-12-25 05:26:00,1.96
2016-12-25 05:27:00,2.0
2016-12-25 05:28:00,1.94
2016-12-25 05:29:00,1.63
2016-12-25 05:30:00,1.31
2016-12-25 05:31:00,1.51
2016-12-25 05:32:00,1.96
2016-12-25 05:33:00,2.25
2016-12-25 05:34:00,2.26
2016-12-25 05:35:00,2.26
2016-12-25 05:36:00,2.32
2016-12-25 05:37:00,2.91
2016-12-25 05:38:00,3.18
2016-12-25 05:39:00,3.41
2016-12-25 05:40:00,3.38
2016-12-25 05:41:00,3.39
2016-12-25 05:42:00,3.42
2016-12-25 05:43:00,2.9
2016-12-25 05:44:00,3.15
2016-12-25 05:45:00,2.87
2016-12-25 05:46:00,2.53
2016-12-25 05:47:00,2.13
2016-12-25 05:48:00,2.37
2016-12-25 05:49:00,2.36
2016-12-25 05:50:00,2.1
2016-12-25 05:51:00,2.09
2016-12-25 05:52:00,1.95
2016-12-25 05:53:00,2.08
2016-12-25 05:54:00,2.04
2016-12-25 05:55:00,2.08
2016-12-25 05:56:00,1.92
2016-12-25 05:57:00,2.02
2016-12-25 05:58:00,2.04
2016-12-25 05:59:00,1.88
2016-12-25 06:00:00,1.64
2016-12-25 06:01:00,1.68
2016-12-25 06:02:00,1.66
2016-12-25 06:03:00,1.72
2016-12-25 06:04:00,1.78
2016-12-25 06:05:00,1.63
2016-12-25 06:06:00,1.56
2016-12-25 06:07:00,1.19
2016-12-25 06:08:00,0.83
2016-12-25 06:09:00,0.87
2016-12-25 06:10:00,0.9
2016-12-25 06:11:00,1.0
2016-12-25 06:12:00,0.98
2016-12-25 06:13:00,1.19
2016-12-25 06:14:00,1.39
2016-12-25 06:15:00,2.06
2016-12-25 06:16:00,2.46
2016-12-25 06:17:00,2.79
2016-12-25 06:18:00,3.14
2016-12-25 06:19:00,3.06
2016-12-25 06:20:00,2.74
2016-12-25 06:21:00,3.06
2016-12-25 06:22:00,3.02
2016-12-25 06:23:00,3.2
2016-12-25 06:24:00,3.3
2016-12-25 06:25:00,3.27
2016-12-25 06:26:00,3.28
2016-12-25 06:27:00,3.65
2016-12-25 06:28:00,4.18
2016-12-25 06:29:00,4.11
2016-12-25 06:30:00,3.88
2016-12-25 06:31:00,3.64
2016-12-25 06:32:00,3.88
2016-12-25 06:33:00,3.34
2016-12-25 06:34:00,2.48
2016-12-25 06:35:00,2.47
2016-12-25 06:36:00,2.66
2016-12-25 06:37:00,2.47
2016-12-25 06:38:00,2.46
2016-12-25 06:39:00,2.17
2016-12-25 06:40:00,2.0
2016-12-25 06:41:00,1.85
2016-12-25 06:42:00,2.12
2016-12-25 06:43:00,2.34
2016-12-25 06:44:00,2.53
2016-12-25 06:45:00,2.3
2016-12-25 06:46:00,2.67
2016-12-25 06:47:00,3.12
2016-12-25 06:48:00,3.15
2016-12-25 06:49:00,3.03
2016-12-25 06:50:00,3.12
2016-12-25 06:51:00,3.26
2016-12-25 06:52:00,3.12
2016-12-25 06:53:00,2.96
2016-12-25 06:54:00,2.95
2016-12-25 06:55:00,2.83
2016-12-25 06:56:00,3.36
2016-12-25 06:57:00,3.43
2016-12-25 06:58:00,3.43
2016-12-25 06:59:00,3.3
2016-12-25 07:00:00,3.59
2016-12-25 07:01:00,4.04
2016-12-25 07:02:00,4.27
2016-12-25 07:03:00,4.28
2016-12-25 07:04:00,4.29
2016-12-25 07:05:00,4.26
2016-12-25 07:06:00,3.83
2016-12-25 07:07:00,3.79
2016-12-25 07:08:00,3.44
2016-12-25 07:09:00,3.17
2016-12-25 07:10:00,2.78
2016-12-25 07:11:00,3.24
2016-12-25 07:12:00,3.27
2016-12-25 07:13:00,3.08
2016-12-25 07:14:00,3.02
2016-12-25 07:15:00,3.08
2016-12-25 07:16:00,3.26
2016-12-25 07:17:00,3.1
2016-12-25 07:18:00,3.19
2016-12-25 07:19:00,3.69
2016-12-25 07:20:00,3.59
2016-12-25 07:21:00,3.72
2016-12-25 07:22:00,3.23
2016-12-25 07:23:00,3.33
2016-12-25 07:24:00,3.67
2016-12-25 07:25:00,3.83
2016-12-25 07:26:00,3.83
2016-12-25 07:27:00,3.84
2016-12-25 07:28:00,3.6
2016-12-25 07:29:00,3.34
2016-12-25 07:30:00,3.09
2016-12-25 07:31:00,2.96
2016-12-25 07:32:00,2.72
2016-12-25 07:33:00,2.58
2016-12-25 07:34:00,2.48
2016-12-25 07:35:00,2.41
2016-12-25 07:36:00,2.62
2016-12-25 07:37:00,2.62
2016-12-25 07:38:00,2.59
2016-12-25 07:39:00,2.45
2016-12-25 07:40:00,2.31
2016-12-25 07:41:00,2.28
2016-12-25 07:42:00,2.58
2016-12-25 07:43:00,2.89
2016-12-25 07:44:00,3.4
2016-12-25 07:45:00,3.74
2016-12-25 07:46:00,4.09
2016-12-25 07:47:00,4.07
2016-12-25 07:48:00,4.07
2016-12-25 07:49:00,4.27
2016-12-25 07:50:00,3.91
2016-12-25 07:51:00,3.75
2016-12-25 07:52:00,4.25
2016-12-25 07:53:00,3.78
2016-12-25 07:54:00,4.77
2016-12-25 07:55:00,4.52
2016-12-25 07:56:00,3.97
2016-12-25 07:57:00,4.0
2016-12-25 07:58:00,4.13
2016-12-25 07:59:00,4.35
2016-12-25 08:00:00,4.3
2016-12-25 08:01:00,4.21
2016-12-25 08:02:00,4.09
2016-12-25 08:03:00,3.99
2016-12-25 08:04:00,4.02
2016-12-25 08:05:00,3.92
2016-12-25 08:06:00,3.69
2016-12-25 08:07:00,3.55
2016-12-25 08:08:00,3.54
2016-12-25 08:09:00,3.18
2016-12-25 08:10:00,3.06
2016-12-25 08:11:00,3.11
2016-12-25 08:12:00,3.17
2016-12-25 08:13:00,3.47
2016-12-25 08:14:00,3.17
2016-12-25 08:15:00,3.26
2016-12-25 08:16:00,3.08
2016-12-25 08:17:00,2.73
2016-12-25 08:18:00,3.0
2016-12-25 08:19:00,3.19
2016-12-25 08:20:00,3.26
2016-12-25 08:21:00,4.23
2016-12-25 08:22:00,4.46
2016-12-25 08:23:00,4.89
2016-12-25 08:24:00,4.77
2016-12-25 08:25:00,4.87
2016-12-25 08:26:00,4.9
2016-12-25 08:27:00,4.65
2016-12-25 08:28:00,4.36
2016-12-25 08:29:00,4.52
2016-12-25 08:30:00,4.51
2016-12-25 08:31:00,4.35
2016-12-25 08:32:00,4.31
2016-12-25 08:33:00,4.22
2016-12-25 08:34:00,4.2
2016-12-25 08:35:00,4.15
2016-12-25 08:36:00,3.78
2016-12-25 08:37:00,3.74
2016-12-25 08:38:00,3.91
2016-12-25 08:39:00,4.03
2016-12-25 08:40:00,4.14
2016-12-25 08:41:00,4.22
2016-12-25 08:42:00,4.38
2016-12-25 08:43:00,4.48
2016-12-25 08:44:00,4.62
2016-12-25 08:45:00,3.91
2016-12-25 08:46:00,4.26
2016-12-25 08:47:00,4.65
2016-12-25 08:48:00,4.48
2016-12-25 08:49:00,4.32
2016-12-25 08:50:00,3.77
2016-12-25 08:51:00,3.33
2016-12-25 08:52:00,3.09
2016-12-25 08:53:00,3.66
2016-12-25 08:54:00,4.25
2016-12-25 08:55:00,4.49
2016-12-25 08:56:00,4.23
2016-12-25 08:57:00,4.06
2016-12-25 08:58:00,3.73
2016-12-25 08:59:00,4.36
2016-12-25 09:00:00,5.14
2016-12-25 09:01:00,4.74
2016-12-25 09:02:00,5.03
2016-12-25 09:03:00,6.19
2016-12-25 09:04:00,6.64
2016-12-25 09:05:00,6.09
2016-12-25 09:06:00,5.84
2016-12-25 09:07:00,6.36
2016-12-25 09:08:00,5.9
2016-12-25 09:09:00,5.95
2016-12-25 09:10:00,5.96
2016-12-25 09:11:00,5.42
2016-12-25 09:12:00,6.51
2016-12-25 09:13:00,7.39
2016-12-25 09:14:00,7.25
2016-12-25 09:15:00,6.51
2016-12-25 09:16:00,6.69
2016-12-25 09:17:00,7.4
2016-12-25 09:18:00,7.66
2016-12-25 09:19:00,7.71
2016-12-25 09:20:00,7.49
2016-12-25 09:21:00,6.56
2016-12-25 09:22:00,6.97
2016-12-25 09:23:00,6.49
2016-12-25 09:24:00,6.29
2016-12-25 09:25:00,6.47
2016-12-25 09:26:00,7.65
2016-12-25 09:27:00,7.66
2016-12-25 09:28:00,8.11
2016-12-25 09:29:00,8.4
2016-12-25 09:30:00,9.23
2016-12-25 09:31:00,10.67
2016-12-25 09:32:00,10.82
2016-12-25 09:33:00,9.26
2016-12-25 09:34:00,9.72
2016-12-25 09:35:00,11.1
2016-12-25 09:36:00,11.99
2016-12-25 09:37:00,10.94
2016-12-25 09:38:00,8.47
2016-12-25 09:39:00,6.62
2016-12-25 09:40:00,8.78
2016-12-25 09:41:00,10.03
2016-12-25 09:42:00,8.25
2016-12-25 09:43:00,9.88
2016-12-25 09:44:00,10.87
2016-12-25 09:45:00,9.89
2016-12-25 09:46:00,11.88
2016-12-25 09:47:00,10.56
2016-12-25 09:48:00,12.77
2016-12-25 09:49:00,10.23
2016-12-25 09:50:00,9.09
2016-12-25 09:51:00,10.1
2016-12-25 09:52:00,9.6
2016-12-25 09:53:00,9.99
2016-12-25 09:54:00,9.61
2016-12-25 09:55:00,13.13
2016-12-25 09:56:00,12.2
2016-12-25 09:57:00,11.91
2016-12-25 09:58:00,10.4
2016-12-25 09:59:00,7.27
2016-12-25 10:00:00,7.95
2016-12-25 10:01:00,8.48
2016-12-25 10:02:00,9.16
2016-12-25 10:03:00,13.99
2016-12-25 10:04:00,15.94
2016-12-25 10:05:00,13.6
2016-12-25 10:06:00,12.78
2016-12-25 10:07:00,12.23
2016-12-25 10:08:00,13.86
2016-12-25 10:09:00,13.69
2016-12-25 10:10:00,10.24
2016-12-25 10:11:00,9.92
2016-12-25 10:12:00,8.91
2016-12-25 10:13:00,10.72
2016-12-25 10:14:00,8.96
2016-12-25 10:15:00,9.38
2016-12-25 10:16:00,11.56
2016-12-25 10:17:00,13.09
2016-12-25 10:18:00,11.2
2016-12-25 10:19:00,10.25
2016-12-25 10:20:00,10.88
2016-12-25 10:21:00,15.28
2016-12-25 10:22:00,13.41
2016-12-25 10:23:00,15.84
2016-12-25 10:24:00,16.76
2016-12-25 10:25:00,15.83
2016-12-25 10:26:00,17.33
2016-12-25 10:27:00,15.35
2016-12-25 10:28:00,14.93
2016-12-25 10:29:00,18.35
2016-12-25 10:30:00,17.56
2016-12-25 10:31:00,14.3
2016-12-25 10:32:00,15.55
2016-12-25 10:33:00,18.59
2016-12-25 10:34:00,16.23
2016-12-25 10:35:00,14.83
2016-12-25 10:36:00,14.13
2016-12-25 10:37:00,13.71
2016-12-25 10:38:00,15.33
2016-12-25 10:39:00,14.36
2016-12-25 10:40:00,14.81
2016-12-25 10:41:00,17.13
2016-12-25 10:42:00,16.29
2016-12-25 10:43:00,14.96
2016-12-25 10:44:00,16.24
2016-12-25 10:45:00,16.76
2016-12-25 10:46:00,17.46
2016-12-25 10:47:00,20.04
2016-12-25 10:48:00,14.56
2016-12-25 10:49:00,18.45
2016-12-25 10:50:00,17.46
2016-12-25 10:51:00,14.19
2016-12-25 10:52:00,20.93
2016-12-25 10:53:00,16.9
2016-12-25 10:54:00,21.07
2016-12-25 10:55:00,16.96
2016-12-25 10:56:00,19.04
2016-12-25 10:57:00,19.92
2016-12-25 10:58:00,18.05
2016-12-25 10:59:00,17.38
2016-12-25 11:00:00,16.2
2016-12-25 11:01:00,19.83
2016-12-25 11:02:00,17.47
2016-12-25 11:03:00,22.12
2016-12-25 11:04:00,20.41
2016-12-25 11:05:00,15.25
2016-12-25 11:06:00,13.23
2016-12-25 11:07:00,20.67
2016-12-25 11:08:00,18.22
2016-12-25 11:09:00,19.14
2016-12-25 11:10:00,18.87
2016-12-25 11:11:00,21.77
2016-12-25 11:12:00,17.79
2016-12-25 11:13:00,20.92
2016-12-25 11:14:00,20.16
2016-12-25 11:15:00,17.45
2016-12-25 11:16:00,19.12
2016-12-25 11:17:00,19.28
2016-12-25 11:18:00,18.66
2016-12-25 11:19:00,16.13
2016-12-25 11:20:00,19.63
2016-12-25 11:21:00,17.33
2016-12-25 11:22:00,23.8
2016-12-25 11:23:00,19.95
2016-12-25 11:24:00,20.91
2016-12-25 11:25:00,23.09
2016-12-25 11:26:00,21.11
2016-12-25 11:27:00,19.77
2016-12-25 11:28:00,20.08
2016-12-25 11:29:00,20.97
2016-12-25 11:30:00,18.4
2016-12-25 11:31:00,18.86
2016-12-25 11:32:00,22.18
2016-12-25 11:33:00,22.85
2016-12-25 11:34:00,22.43
2016-12-25 11:35:00,23.37
2016-12-25 11:36:00,22.51
2016-12-25 11:37:00,22.27
2016-12-25 11:38:00,24.4
2016-12-25 11:39:00,21.17
2016-12-25 11:40:00,20.74
2016-12-25 11:41:00,26.06
2016-12-25 11:42:00,22.3
2016-12-25 11:43:00,22.23
2016-12-25 11:44:00,21.32
2016-12-25 11:45:00,23.36
2016-12-25 11:46:00,23.6
2016-12-25 11:47:00,20.14
2016-12-25 11:48:00,17.74
2016-12-25 11:49:00,24.98
2016-12-25 11:50:00,21.97
2016-12-25 11:51:00,19.32
2016-12-25 11:52:00,20.7
2016-12-25 11:53:00,21.04
2016-12-25 11:54:00,21.69
2016-12-25 11:55:00,24.12
2016-12-25 11:56:00,25.51
2016-12-25 11:57:00,25.44
2016-12-25 11:58:00,28.18
2016-12-25 11:59:00,19.34
2016-12-25 12:00:00,27.64
2016-12-25 12:01:00,26.0
2016-12-25 12:02:00,24.39
2016-12-25 12:03:00,29.41
2016-12-25 12:04:00,25.34
2016-12-25 12:05:00,27.69
2016-12-25 12:06:00,28.7
2016-12-25 12:07:00,27.05
2016-12-25 12:08:00,23.42
2016-12-25 12:09:00,27.43
2016-12-25 12:10:00,27.96
2016-12-25 12:11:00,23.64
2016-12-25 12:12:00,23.84
2016-12-25 12:13:00,25.23
2016-12-25 12:14:00,22.95
2016-12-25 12:15:00,25.33
2016-12-25 12:16:00,25.34
2016-12-25 12:17:00,27.26
2016-12-25 12:18:00,26.17
2016-12-25 12:19:00,25.76
2016-12-25 12:20:00,28.59
2016-12-25 12:21:00,27.95
2016-12-25 12:22:00,29.79
2016-12-25 12:23:00,25.73
2016-12-25 12:24:00,27.71
2016-12-25 12:25:00,31.48
2016-12-25 12:26:00,24.63
2016-12-25 12:27:00,25.33
2016-12-25 12:28:00,29.64
2016-12-25 12:29:00,26.42
2016-12-25 12:30:00,26.05
2016-12-25 12:31:00,29.34
2016-12-25 12:32:00,28.31
2016-12-25 12:33:00,25.32
2016-12-25 12:34:00,25.65
2016-12-25 12:35:00,24.46
2016-12-25 12:36:00,26.97
2016-12-25 12:37:00,24.75
2016-12-25 12:38:00,30.7
2016-12-25 12:39:00,29.81
2016-12-25 12:40:00,25.52
2016-12-25 12:41:00,30.38
2016-12-25 12:42:00,24.34
2016-12-25 12:43:00,23.39
2016-12-25 12:44:00,28.6
2016-12-25 12:45:00,30.06
2016-12-25 12:46:00,24.46
2016-12-25 12:47:00,26.68
2016-12-25 12:48:00,30.66
2016-12-25 12:49:00,25.82
2016-12-25 12:50:00,24.05
2016-12-25 12:51:00,23.46
2016-12-25 12:52:00,25.22
2016-12-25 12:53:00,28.56
2016-12-25 12:54:00,25.75
2016-12-25 12:55:00,27.52
2016-12-25 12:56:00,27.46
2016-12-25 12:57:00,28.46
2016-12-25 12:58:00,31.04
2016-12-25 12:59:00,25.89
2016-12-25 13:00:00,32.37
2016-12-25 13:01:00,31.04
2016-12-25 13:02:00,32.36
2016-12-25 13:03:00,29.57
2016-12-25 13:04:00,27.18
2016-12-25 13:05:00,30.22
2016-12-25 13:06:00,31.93
2016-12-25 13:07:00,27.1
2016-12-25 13:08:00,27.89
2016-12-25 13:09:00,32.66
2016-12-25 13:10:00,26.88
2016-12-25 13:11:00,24.78
2016-12-25 13:12:00,22.59
2016-12-25 13:13:00,26.79
2016-12-25 13:14:00,32.66
2016-12-25 13:15:00,27.53
2016-12-25 13:16:00,22.94
2016-12-25 13:17:00,30.69
2016-12-25 13:18:00,33.58
2016-12-25 13:19:00,27.4
2016-12-25 13:20:00,29.25
2016-12-25 13:21:00,29.59
2016-12-25 13:22:00,27.57
2016-12-25 13:23:00,27.89
2016-12-25 13:24:00,25.18
2016-12-25 13:25:00,28.65
2016-12-25 13:26:00,30.49
2016-12-25 13:27:00,30.51
2016-12-25 13:28:00,28.61
2016-12-25 13:29:00,27.47
2016-12-25 13:30:00,27.49
2016-12-25 13:31:00,31.26
2016-12-25 13:32:00,26.48
2016-12-25 13:33:00,25.77
2016-12-25 13:34:00,32.87
2016-12-25 13:35:00,25.51
2016-12-25 13:36:00,24.93
2016-12-25 13:37:00,26.09
2016-12-25 13:38:00,23.14
2016-12-25 13:39:00,28.61
2016-12-25 13:40:00,32.52
2016-12-25 13:41:00,30.21
2016-12-25 13:42:00,29.08
2016-12-25 13:43:00,29.56
2016-12-25 13:44:00,29.64
2016-12-25 13:45:00,33.67
2016-12-25 13:46:00,31.31
2016-12-25 13:47:00,25.24
2016-12-25 13:48:00,29.97
2016-12-25 13:49:00,30.37
2016-12-25 13:50:00,30.34
2016-12-25 13:51:00,28.33
2016-12-25 13:52:00,28.24
2016-12-25 13:53:00,26.45
2016-12-25 13:54:00,28.2
2016-12-25 13:55:00,33.39
2016-12-25 13:56:00,31.78
2016-12-25 13:57:00,30.32
2016-12-25 13:58:00,31.67
2016-12-25 13:59:00,30.89
2016-12-25 14:00:00,30.51
2016-12-25 14:01:00,30.97
2016-12-25 14:02:00,33.15
2016-12-25 14:03:00,30.88
2016-12-25 14:04:00,31.47
2016-12-25 14:05:00,28.63
2016-12-25 14:06:00,24.77
2016-12-25 14:07:00,28.04
2016-12-25 14:08:00,23.01
2016-12-25 14:09:00,31.93
2016-12-25 14:10:00,32.88
2016-12-25 14:11:00,31.41
2016-12-25 14:12:00,29.7
2016-12-25 14:13:00,30.13
2016-12-25 14:14:00,33.61
2016-12-25 14:15:00,24.24
2016-12-25 14:16:00,27.15
2016-12-25 14:17:00,21.73
2016-12-25 14:18:00,20.08
2016-12-25 14:19:00,27.15
2016-12-25 14:20:00,28.24
2016-12-25 14:21:00,31.1
2016-12-25 14:22:00,28.54
2016-12-25 14:23:00,28.66
2016-12-25 14:24:00,22.33
2016-12-25 14:25:00,23.2
2016-12-25 14:26:00,29.61
2016-12-25 14:27:00,28.87
2016-12-25 14:28:00,26.92
2016-12-25 14:29:00,30.86
2016-12-25 14:30:00,26.75
2016-12-25 14:31:00,27.81
2016-12-25 14:32:00,28.16
2016-12-25 14:33:00,29.26
2016-12-25 14:34:00,21.78
2016-12-25 14:35:00,23.66
2016-12-25 14:36:00,26.76
2016-12-25 14:37:00,32.52
2016-12-25 14:38:00,27.82
2016-12-25 14:39:00,24.22
2016-12-25 14:40:00,22.03
2016-12-25 14:41:00,27.37
2016-12-25 14:42:00,26.51
2016-12-25 14:43:00,23.72
2016-12-25 14:44:00,21.93
2016-12-25 14:45:00,25.64
2016-12-25 14:46:00,24.49
2016-12-25 14:47:00,30.6
2016-12-25 14:48:00,24.65
2016-12-25 14:49:00,29.46
2016-12-25 14:50:00,31.49
2016-12-25 14:51:00,30.81
2016-12-25 14:52:00,23.73
2016-12-25 14:53:00,26.23
2016-12-25 14:54:00,28.77
2016-12-25 14:55:00,29.28
2016-12-25 14:56:00,31.91
2016-12-25 14:57:00,29.11
2016-12-25 14:58:00,26.13
2016-12-25 14:59:00,26.59
2016-12-25 15:00:00,27.31
2016-12-25 15:01:00,33.12
2016-12-25 15:02:00,30.36
2016-12-25 15:03:00,33.31
2016-12-25 15:04:00,25.85
2016-12-25 15:05:00,26.19
2016-12-25 15:06:00,28.83
2016-12-25 15:07:00,24.2
2016-12-25 15:08:00,25.69
2016-12-25 15:09:00,30.68
2016-12-25 15:10:00,26.76
2016-12-25 15:11:00,29.46
2016-12-25 15:12:00,31.79
2016-12-25 15:13:00,27.07
2016-12-25 15:14:00,26.26
2016-12-25 15:15:00,28.56
2016-12-25 15:16:00,26.36
2016-12-25 15:17:00,28.05
2016-12-25 15:18:00,33.66
2016-12-25 15:19:00,29.98
2016-12-25 15:20:00,27.88
2016-12-25 15:21:00,27.4
2016-12-25 15:22:00,26.59
2016-12-25 15:23:00,24.42
2016-12-25 15:24:00,20.67
2016-12-25 15:25:00,25.46
2016-12-25 15:26:00,26.57
2016-12-25 15:27:00,28.14
2016-12-25 15:28:00,22.82
2016-12-25 15:29:00,26.06
2016-12-25 15:30:00,27.07
2016-12-25 15:31:00,32.29
2016-12-25 15:32:00,31.76
2016-12-25 15:33:00,33.99
2016-12-25 15:34:00,29.98
2016-12-25 15:35:00,30.33
2016-12-25 15:36:00,29.13
2016-12-25 15:37:00,28.5
2016-12-25 15:38:00,22.29
2016-12-25 15:39:00,27.15
2016-12-25 15:40:00,29.29
2016-12-25 15:41:00,27.4
2016-12-25 15:42:00,26.81
2016-12-25 15:43:00,27.24
2016-12-25 15:44:00,29.43
2016-12-25 15:45:00,30.01
2016-12-25 15:46:00,25.18
2016-12-25 15:47:00,32.68
2016-12-25 15:48:00,27.53
2016-12-25 15:49:00,27.55
2016-12-25 15:50:00,25.3
2016-12-25 15:51:00,31.99
2016-12-25 15:52:00,30.26
2016-12-25 15:53:00,27.34
2016-12-25 15:54:00,33.13
2016-12-25 15:55:00,29.75
2016-12-25 15:56:00,26.66
2016-12-25 15:57:00,23.69
2016-12-25 15:58:00,18.13
2016-12-25 15:59:00,22.17
2016-12-25 16:00:00,30.62
2016-12-25 16:01:00,29.21
2016-12-25 16:02:00,31.54
2016-12-25 16:03:00,31.72
2016-12-25 16:04:00,30.76
2016-12-25 16:05:00,32.26
2016-12-25 16:06:00,33.34
2016-12-25 16:07:00,31.28
2016-12-25 16:08:00,28.12
2016-12-25 16:09:00,23.14
2016-12-25 16:10:00,24.01
2016-12-25 16:11:00,30.66
2016-12-25 16:12:00,26.22
2016-12-25 16:13:00,27.5
2016-12-25 16:14:00,24.96
2016-12-25 16:15:00,22.4
2016-12-25 16:16:00,26.1
2016-12-25 16:17:00,28.69
2016-12-25 16:18:00,30.67
2016-12-25 16:19:00,29.04
2016-12-25 16:20:00,27.19
2016-12-25 16:21:00,30.81
2016-12-25 16:22:00,28.88
2016-12-25 16:23:00,27.73
2016-12-25 16:24:00,31.86
2016-12-25 16:25:00,32.42
2016-12-25 16:26:00,24.13
2016-12-25 16:27:00,22.51
2016-12-25 16:28:00,26.06
2016-12-25 16:29:00,28.91
2016-12-25 16:30:00,27.15
2016-12-25 16:31:00,24.65
2016-12-25 16:32:00,24.83
2016-12-25 16:33:00,23.32
2016-12-25 16:34:00,27.84
2016-12-25 16:35:00,25.02
2016-12-25 16:36:00,24.75
2016-12-25 16:37:00,35.87
2016-12-25 16:38:00,27.81
2016-12-25 16:39:00,29.96
2016-12-25 16:40:00,32.94
2016-12-25 16:41:00,26.18
2016-12-25 16:42:00,29.49
2016-12-25 16:43:00,32.68
2016-12-25 16:44:00,28.76
2016-12-25 16:45:00,32.65
2016-12-25 16:46:00,29.16
2016-12-25 16:47:00,25.76
2016-12-25 16:48:00,24.86
2016-12-25 16:49:00,24.4
2016-12-25 16:50:00,26.32
2016-12-25 16:51:00,26.65
2016-12-25 16:52:00,22.65
2016-12-25 16:53:00,27.55
2016-12-25 16:54:00,29.9
2016-12-25 16:55:00,28.29
2016-12-25 16:56:00,22.26
2016-12-25 16:57:00,23.21
2016-12-25 16:58:00,27.69
2016-12-25 16:59:00,26.82
2016-12-25 17:00:00,27.65
2016-12-25 17:01:00,29.12
2016-12-25 17:02:00,29.46
2016-12-25 17:03:00,26.7
2016-12-25 17:04:00,23.44
2016-12-25 17:05:00,26.49
2016-12-25 17:06:00,29.58
2016-12-25 17:07:00,34.23
2016-12-25 17:08:00,30.28
2016-12-25 17:09:00,28.62
2016-12-25 17:10:00,31.5
2016-12-25 17:11:00,29.06
2016-12-25 20:12:00,16.87
2016-12-25 20:13:00,13.5
2016-12-25 20:14:00,19.63
2016-12-25 20:15:00,15.88
2016-12-25 20:16:00,15.54
2016-12-25 20:17:00,16.13
2016-12-25 20:18:00,17.99
2016-12-25 20:19:00,21.46
2016-12-25 20:20:00,24.17
2016-12-25 20:21:00,21.93
2016-12-25 20:22:00,18.99
2016-12-25 20:23:00,15.52
2016-12-25 20:24:00,12.79
2016-12-25 20:25:00,17.29
2016-12-25 20:26:00,14.05
2016-12-25 20:27:00,20.41
2016-12-25 20:28:00,16.37
2016-12-25 20:29:00,12.47
2016-12-25 20:30:00,14.19
2016-12-25 20:31:00,16.32
2016-12-25 20:32:00,17.41
2016-12-25 20:33:00,18.41
2016-12-25 20:34:00,19.38
2016-12-25 20:35:00,16.5
2016-12-25 20:36:00,15.71
2016-12-25 20:37:00,16.15
2016-12-25 20:38:00,17.88
2016-12-25 20:39:00,17.68
2016-12-25 20:40:00,18.89
2016-12-25 20:41:00,16.58
2016-12-25 20:42:00,19.41
2016-12-25 20:43:00,19.13
2016-12-25 20:44:00,15.98
2016-12-25 20:45:00,19.31
2016-12-25 20:46:00,17.07
2016-12-25 20:47:00,14.19
2016-12-25 20:48:00,17.9
2016-12-25 20:49:00,20.25
2016-12-25 20:50:00,22.34
2016-12-25 20:51:00,22.38
2016-12-25 20:52:00,24.21
2016-12-25 20:53:00,22.67
2016-12-25 20:54:00,21.92
2016-12-25 20:55:00,17.15
2016-12-25 20:56:00,18.01
2016-12-25 20:57:00,20.66
2016-12-25 20:58:00,21.88
2016-12-25 20:59:00,20.93
2016-12-25 21:00:00,26.31
2016-12-25 21:01:00,20.69
2016-12-25 21:02:00,26.5
2016-12-25 21:03:00,22.89
2016-12-25 21:04:00,24.52
2016-12-25 21:05:00,20.3
2016-12-25 21:06:00,19.89
2016-12-25 21:07:00,19.89
2016-12-25 21:08:00,24.18
2016-12-25 21:09:00,21.71
2016-12-25 21:10:00,23.02
2016-12-25 21:11:00,24.94
2016-12-25 21:12:00,21.86
2016-12-25 21:13:00,20.97
2016-12-25 21:14:00,22.19
2016-12-25 21:15:00,18.65
2016-12-25 21:16:00,20.55
2016-12-25 21:17:00,21.74
2016-12-25 21:18:00,24.45
2016-12-25 21:19:00,24.11
2016-12-25 21:20:00,23.47
2016-12-25 21:21:00,23.38
2016-12-25 21:22:00,24.58
2016-12-25 21:23:00,19.11
2016-12-25 21:24:00,17.19
2016-12-25 21:25:00,19.02
2016-12-25 21:26:00,17.11
2016-12-25 21:27:00,25.96
2016-12-25 21:28:00,22.43
2016-12-25 21:29:00,22.48
2016-12-25 21:30:00,23.9
2016-12-25 21:31:00,26.43
2016-12-25 21:32:00,23.66
2016-12-25 21:33:00,20.89
2016-12-25 21:34:00,23.96
2016-12-25 21:35:00,24.36
2016-12-25 21:36:00,18.7
2016-12-25 21:37:00,17.35
2016-12-25 21:38:00,22.02
2016-12-25 21:39:00,22.28
2016-12-25 21:40:00,22.69
2016-12-25 21:41:00,24.05
2016-12-25 21:42:00,18.58
2016-12-25 21:43:00,19.96
2016-12-25 21:44:00,19.92
2016-12-25 21:45:00,16.37
2016-12-25 21:46:00,14.97
2016-12-25 21:47:00,19.69
2016-12-25 21:48:00,18.31
2016-12-25 21:49:00,14.11
2016-12-25 21:50:00,16.87
2016-12-25 21:51:00,16.04
2016-12-25 21:52:00,14.52
2016-12-25 21:53:00,15.78
2016-12-25 21:54:00,14.04
2016-12-25 21:55:00,19.86
2016-12-25 21:56:00,19.04
2016-12-25 21:57:00,13.83
2016-12-25 21:58:00,21.57
2016-12-25 21:59:00,18.53
2016-12-25 22:00:00,14.67
2016-12-25 22:01:00,15.89
2016-12-25 22:02:00,16.45
2016-12-25 22:03:00,16.07
2016-12-25 22:04:00,15.23
2016-12-25 22:05:00,16.18
2016-12-25 22:06:00,15.32
2016-12-25 22:07:00,13.47
2016-12-25 22:08:00,12.47
2016-12-25 22:09:00,13.65
2016-12-25 22:10:00,14.55
2016-12-25 22:11:00,14.45
2016-12-25 22:12:00,16.23
2016-12-25 22:13:00,14.59
2016-12-25 22:14:00,13.47
2016-12-25 22:15:00,15.47
2016-12-25 22:16:00,15.06
2016-12-25 22:17:00,15.76
2016-12-25 22:18:00,20.01
2016-12-25 22:19:00,18.08
2016-12-25 22:20:00,16.14
2016-12-25 22:21:00,13.74
2016-12-25 22:22:00,13.63
2016-12-25 22:23:00,13.67
2016-12-25 22:24:00,14.5
2016-12-25 22:25:00,16.0
2016-12-25 22:26:00,15.26
2016-12-25 22:27:00,14.56
2016-12-25 22:28:00,19.96
2016-12-25 22:29:00,20.36
2016-12-25 22:30:00,16.95
2016-12-25 22:31:00,18.0
2016-12-25 22:32:00,16.13
2016-12-25 22:33:00,15.05
2016-12-25 22:34:00,12.84
2016-12-25 22:35:00,12.68
2016-12-25 22:36:00,15.2
2016-12-25 22:37:00,14.13
2016-12-25 22:38:00,20.61
2016-12-25 22:39:00,16.81
2016-12-25 22:40:00,17.52
2016-12-25 22:41:00,20.11
2016-12-25 22:42:00,20.1
2016-12-25 22:43:00,15.9
2016-12-25 22:44:00,20.04
2016-12-25 22:45:00,21.52
2016-12-25 22:46:00,18.61
2016-12-25 22:47:00,19.16
2016-12-25 22:48:00,15.54
2016-12-25 22:49:00,13.41
2016-12-25 22:50:00,14.99
2016-12-25 22:51:00,18.93
2016-12-25 22:52:00,13.77
2016-12-25 22:53:00,16.14
2016-12-25 22:54:00,15.76
2016-12-25 22:55:00,15.06
2016-12-25 22:56:00,15.65
2016-12-25 22:57:00,16.64
2016-12-25 22:58:00,15.51
2016-12-25 22:59:00,16.3
2016-12-25 23:00:00,21.75
2016-12-25 23:01:00,16.43
2016-12-25 23:02:00,14.67
2016-12-25 23:03:00,13.58
2016-12-25 23:04:00,16.42
2016-12-25 23:05:00,17.31
2016-12-25 23:06:00,19.36
2016-12-25 23:07:00,16.29
2016-12-25 23:08:00,20.1
2016-12-25 23:09:00,19.61
2016-12-25 23:10:00,16.42
2016-12-25 23:11:00,17.56
2016-12-25 23:12:00,18.39
2016-12-25 23:13:00,17.32
2016-12-25 23:14:00,17.52
2016-12-25 23:15:00,15.08
2016-12-25 23:16:00,16.52
2016-12-25 23:17:00,19.8
2016-12-25 23:18:00,21.2
2016-12-25 23:19:00,16.87
2016-12-25 23:20:00,16.22
2016-12-25 23:21:00,21.87
2016-12-25 23:22:00,20.71
2016-12-25 23:23:00,17.1
2016-12-25 23:24:00,16.79
2016-12-25 23:25:00,16.73
2016-12-25 23:26:00,16.34
2016-12-25 23:27:00,14.38
2016-12-25 23:28:00,16.96
2016-12-25 23:29:00,18.52
2016-12-25 23:30:00,17.16
2016-12-25 23:31:00,19.14
2016-12-25 23:32:00,18.53
2016-12-25 23:33:00,19.04
2016-12-25 23:34:00,18.14
2016-12-25 23:35:00,17.3
2016-12-25 23:36:00,18.88
2016-12-25 23:37:00,18.19
2016-12-25 23:38:00,16.77
2016-12-25 23:39:00,19.12
2016-12-25 23:40:00,16.77
2016-12-25 23:41:00,17.74
2016-12-25 23:42:00,17.76
2016-12-25 23:43:00,15.28
2016-12-25 23:44:00,15.42
2016-12-25 23:45:00,14.52
2016-12-25 23:46:00,14.77
2016-12-25 23:47:00,15.8
2016-12-25 23:48:00,21.69
2016-12-25 23:49:00,20.58
2016-12-25 23:50:00,16.81
2016-12-25 23:51:00,20.83
2016-12-25 23:52:00,20.62
2016-12-25 23:53:00,17.48
2016-12-25 23:54:00,16.42
2016-12-25 23:55:00,15.52
2016-12-25 23:56:00,20.89
2016-12-25 23:57:00,17.49
2016-12-25 23:58:00,15.21
2016-12-25 23:59:00,14.89
