Time [min],Global Horizontal [W/m^2]
0,-11.06
1,-10.74
2,-10.65
3,-10.83
4,-11.0
5,-11.21
6,-11.44
7,-11.77
8,-11.93
9,-11.88
10,-11.72
11,-11.51
12,-11.36
13,-11.34
14,-11.34
15,-11.33
16,-11.15
17,-10.9
18,-10.56
19,-10.2
20,-9.92
21,-9.72
22,-9.7
23,-9.72
24,-9.69
25,-9.57
26,-9.45
27,-9.28
28,-9.14
29,-9.11
30,-8.98
31,-8.96
32,-8.96
33,-8.95
34,-8.82
35,-8.79
36,-8.91
37,-9.1
38,-9.67
39,-10.51
40,-11.29
41,-11.76
42,-11.89
43,-11.87
44,-11.76
45,-11.8
46,-11.88
47,-11.89
48,-11.9
49,-11.88
50,-11.87
51,-11.76
52,-11.7
53,-11.56
54,-11.45
55,-11.35
56,-11.3
57,-11.16
58,-11.14
59,-11.1
60,-10.93
61,-10.79
62,-10.67
63,-10.56
64,-10.42
65,-10.37
66,-10.25
67,-10.15
68,-10.06
69,-10.06
70,-10.06
71,-10.18
72,-10.14
73,-10.06
74,-9.92
75,-9.86
76,-9.75
77,-9.6
78,-9.51
79,-9.58
80,-9.65
81,-9.42
82,-9.04
83,-8.82
84,-8.89
85,-9.17
86,-9.41
87,-9.59
88,-9.69
89,-9.69
90,-9.69
91,-9.62
92,-9.75
93,-9.97
94,-10.06
95,-10.06
96,-10.06
97,-10.05
98,-9.95
99,-9.91
100,-10.05
101,-10.09
102,-10.21
103,-10.24
104,-10.29
105,-10.24
106,-10.14
107,-10.0
108,-9.79
109,-9.51
110,-9.22
111,-8.94
112,-8.7
113,-8.5
114,-8.37
115,-8.58
116,-9.0
117,-9.5
118,-9.74
119,-9.65
120,-9.41
121,-9.08
122,-8.89
123,-8.79
124,-8.8
125,-8.86
126,-9.05
127,-9.42
128,-9.57
129,-9.69
130,-9.62
131,-9.63
132,-9.88
133,-9.9
134,-9.56
135,-9.35
136,-9.32
137,-9.32
138,-9.33
139,-9.34
140,-9.33
141,-9.33
142,-9.32
143,-9.28
144,-9.32
145,-9.33
146,-9.32
147,-9.19
148,-9.06
149,-9.08
150,-9.13
151,-9.17
152,-9.18
153,-9.32
154,-9.77
155,-10.19
156,-10.31
157,-10.18
158,-10.07
159,-10.2
160,-10.44
161,-10.5
162,-10.18
163,-9.78
164,-9.43
165,-9.24
166,-9.13
167,-9.14
168,-9.25
169,-9.47
170,-9.74
171,-9.96
172,-10.08
173,-10.29
174,-10.43
175,-10.56
176,-10.52
177,-10.35
178,-10.21
179,-10.19
180,-10.08
181,-10.0
182,-10.08
183,-10.08
184,-10.05
185,-10.03
186,-10.06
187,-10.01
188,-9.84
189,-9.69
190,-9.7
191,-9.84
192,-9.9
193,-9.75
194,-9.68
195,-9.57
196,-9.48
197,-9.39
198,-9.47
199,-9.65
200,-9.85
201,-9.97
202,-10.17
203,-10.27
204,-10.29
205,-10.17
206,-9.89
207,-9.73
208,-9.92
209,-10.06
210,-9.99
211,-9.87
212,-9.96
213,-10.0
214,-9.92
215,-9.97
216,-10.18
217,-10.03
218,-9.71
219,-9.38
220,-9.03
221,-8.81
222,-8.92
223,-8.94
224,-9.13
225,-9.42
226,-9.6
227,-9.64
228,-9.69
229,-9.49
230,-9.33
231,-9.21
232,-9.18
233,-9.52
234,-9.56
235,-9.11
236,-8.85
237,-8.71
238,-9.1
239,-9.64
240,-9.87
241,-10.13
242,-10.33
243,-10.36
244,-9.94
245,-9.33
246,-9.11
247,-9.18
248,-10.05
249,-10.77
250,-10.74
251,-10.45
252,-10.08
253,-9.67
254,-9.24
255,-8.96
256,-8.72
257,-8.51
258,-8.29
259,-8.1
260,-8.1
261,-8.41
262,-8.56
263,-8.67
264,-8.61
265,-8.64
266,-9.12
267,-9.42
268,-9.46
269,-9.52
270,-9.41
271,-9.21
272,-9.03
273,-8.76
274,-8.58
275,-8.57
276,-8.81
277,-9.17
278,-9.5
279,-9.7
280,-9.64
281,-9.36
282,-9.08
283,-9.21
284,-9.4
285,-9.78
286,-10.14
287,-10.56
288,-10.73
289,-10.48
290,-10.12
291,-9.73
292,-9.5
293,-9.42
294,-9.39
295,-9.3
296,-9.4
297,-9.41
298,-9.25
299,-9.13
300,-9.28
301,-9.35
302,-9.32
303,-9.39
304,-9.17
305,-8.96
306,-8.61
307,-8.42
308,-8.33
309,-8.46
310,-8.27
311,-7.96
312,-7.71
313,-7.62
314,-7.7
315,-7.65
316,-7.54
317,-7.41
318,-7.18
319,-6.99
320,-6.95
321,-6.86
322,-6.44
323,-5.89
324,-5.26
325,-4.46
326,-3.68
327,-3.01
328,-2.29
329,-1.72
330,-1.22
331,-0.51
332,0.46
333,1.54
334,2.57
335,3.35
336,4.0
337,4.88
338,5.73
339,6.78
340,7.99
341,9.14
342,10.21
343,11.35
344,12.79
345,14.32
346,15.62
347,16.87
348,18.07
349,19.38
350,20.99
351,22.65
352,24.03
353,25.42
354,26.99
355,28.46
356,29.92
357,31.35
358,32.62
359,34.18
360,35.76
361,37.31
362,38.92
363,40.49
364,42.11
365,43.63
366,45.09
367,46.79
368,48.77
369,50.82
370,52.68
371,54.58
372,56.51
373,58.46
374,60.33
375,62.16
376,63.9
377,65.78
378,67.86
379,69.95
380,71.99
381,73.98
382,76.18
383,78.32
384,80.12
385,82.42
386,84.71
387,86.71
388,89.1
389,91.29
390,93.64
391,95.88
392,97.94
393,100.14
394,102.5
395,104.42
396,106.41
397,108.76
398,111.32
399,113.87
400,116.74
401,119.01
402,121.19
403,123.85
404,126.39
405,128.92
406,131.59
407,134.17
408,136.75
409,139.57
410,142.04
411,144.62
412,147.11
413,149.68
414,152.11
415,154.7
416,157.07
417,159.8
418,162.4
419,164.98
420,167.55
421,170.16
422,172.56
423,175.08
424,177.78
425,180.55
426,182.83
427,185.06
428,187.21
429,189.21
430,191.69
431,193.67
432,195.26
433,197.56
434,199.8
435,202.89
436,205.8
437,208.45
438,210.68
439,212.79
440,215.72
441,218.5
442,221.26
443,223.62
444,225.61
445,227.76
446,230.21
447,232.09
448,234.63
449,236.51
450,238.34
451,240.57
452,243.04
453,245.45
454,247.86
455,250.28
456,253.17
457,255.76
458,258.75
459,261.87
460,265.28
461,267.91
462,270.61
463,273.62
464,276.33
465,278.67
466,281.07
467,284.26
468,287.11
469,289.76
470,292.69
471,295.52
472,298.82
473,302.64
474,305.52
475,308.18
476,311.3
477,314.11
478,316.45
479,319.08
480,320.94
481,323.43
482,326.01
483,328.66
484,332.1
485,335.44
486,339.08
487,342.96
488,345.94
489,347.68
490,350.64
491,354.26
492,356.83
493,358.96
494,361.9
495,363.76
496,366.05
497,368.6
498,372.93
499,375.72
500,380.25
501,383.66
502,386.39
503,389.78
504,394.47
505,397.64
506,401.08
507,405.06
508,408.0
509,410.98
510,415.74
511,419.91
512,423.24
513,427.32
514,430.45
515,432.28
516,435.1
517,437.7
518,440.39
519,444.21
520,445.24
521,446.88
522,449.85
523,452.35
524,455.49
525,458.82
526,461.02
527,465.05
528,468.86
529,473.53
530,475.46
531,476.06
532,480.38
533,485.44
534,485.95
535,487.4
536,489.64
537,493.36
538,494.72
539,497.21
540,497.37
541,498.33
542,500.75
543,503.93
544,505.04
545,508.05
546,507.97
547,506.66
548,506.45
549,507.94
550,509.77
551,511.45
552,510.91
553,513.17
554,514.51
555,517.1
556,519.17
557,521.28
558,526.31
559,532.49
560,535.57
561,538.32
562,540.48
563,543.23
564,545.74
565,548.59
566,550.63
567,554.59
568,557.78
569,562.43
570,565.82
571,567.42
572,570.46
573,575.28
574,578.46
575,580.38
576,581.78
577,583.25
578,584.68
579,587.74
580,589.97
581,591.61
582,595.01
583,600.72
584,606.63
585,609.79
586,612.36
587,615.78
588,619.38
589,622.3
590,623.98
591,625.49
592,627.93
593,631.2
594,635.14
595,638.61
596,644.92
597,648.49
598,653.02
599,657.35
600,663.06
601,667.04
602,672.28
603,677.34
604,682.45
605,684.24
606,685.78
607,684.1
608,685.67
609,687.84
610,688.78
611,686.93
612,689.21
613,691.79
614,696.33
615,693.39
616,695.65
617,700.6
618,703.48
619,705.04
620,702.34
621,706.68
622,707.33
623,706.08
624,701.88
625,699.31
626,696.93
627,701.67
628,702.75
629,703.16
630,710.51
631,714.9
632,714.82
633,712.88
634,712.34
635,712.77
636,715.06
637,716.47
638,718.9
639,722.29
640,723.14
641,725.31
642,724.74
643,721.53
644,717.72
645,722.26
646,723.03
647,719.17
648,719.52
649,726.78
650,733.89
651,736.97
652,740.9
653,744.92
654,738.3
655,740.26
656,746.44
657,754.32
658,754.46
659,751.99
660,749.66
661,749.27
662,748.55
663,747.81
664,755.39
665,753.88
666,761.35
667,764.56
668,764.18
669,763.36
670,766.67
671,765.28
672,765.63
673,767.86
674,767.19
675,771.3
676,775.65
677,778.48
678,777.27
679,783.33
680,787.67
681,791.4
682,791.45
683,785.98
684,790.81
685,791.47
686,789.59
687,790.13
688,789.88
689,787.86
690,789.22
691,786.45
692,791.02
693,787.6
694,789.58
695,792.15
696,795.01
697,795.78
698,797.27
699,805.66
700,809.28
701,809.16
702,805.18
703,806.71
704,809.65
705,809.31
706,817.84
707,819.27
708,812.2
709,812.85
710,818.87
711,823.96
712,821.52
713,821.1
714,820.9
715,819.75
716,821.86
717,827.61
718,827.05
719,828.12
720,829.04
721,830.4
722,832.09
723,831.55
724,831.49
725,835.57
726,834.62
727,835.09
728,836.94
729,834.96
730,835.12
731,830.07
732,829.7
733,835.82
734,842.87
735,845.68
736,845.05
737,845.78
738,842.04
739,846.0
740,845.97
741,843.61
742,846.76
743,850.09
744,852.25
745,849.2
746,847.54
747,845.37
748,842.41
749,845.76
750,847.65
751,844.42
752,841.45
753,839.35
754,838.83
755,839.23
756,845.48
757,842.44
758,841.94
759,842.28
760,847.38
761,844.39
762,847.1
763,853.96
764,849.24
765,838.55
766,831.53
767,832.85
768,837.46
769,840.53
770,844.41
771,842.37
772,835.94
773,831.92
774,830.3
775,829.28
776,832.22
777,835.68
778,834.98
779,829.85
780,823.48
781,817.88
782,819.93
783,817.52
784,813.47
785,809.8
786,809.41
787,813.28
788,814.35
789,812.77
790,810.88
791,804.68
792,802.81
793,796.08
794,795.28
795,790.65
796,787.65
797,790.87
798,798.99
799,799.2
800,796.76
801,799.29
802,793.69
803,799.05
804,799.87
805,792.63
806,788.56
807,788.04
808,786.9
809,788.97
810,779.17
811,760.33
812,760.26
813,763.42
814,764.38
815,764.82
816,763.9
817,770.79
818,773.46
819,770.5
820,772.65
821,765.82
822,757.88
823,755.1
824,757.89
825,760.32
826,763.58
827,754.05
828,749.9
829,755.44
830,759.18
831,753.88
832,748.32
833,742.47
834,735.06
835,725.15
836,714.3
837,713.69
838,709.03
839,701.49
840,699.05
841,699.33
842,696.06
843,692.62
844,689.65
845,688.74
846,686.72
847,682.16
848,682.5
849,684.75
850,680.68
851,680.15
852,677.58
853,671.57
854,667.31
855,665.32
856,660.43
857,657.25
858,653.66
859,650.24
860,647.78
861,644.97
862,640.34
863,637.72
864,635.84
865,635.36
866,633.42
867,631.19
868,625.35
869,623.77
870,616.83
871,613.96
872,612.46
873,614.19
874,616.61
875,616.38
876,613.38
877,460.37
878,222.53
879,208.78
880,212.97
881,403.4
882,597.59
883,618.34
884,614.69
885,583.88
886,595.61
887,596.37
888,597.76
889,599.15
890,467.62
891,408.0
892,551.69
893,565.95
894,574.25
895,575.25
896,577.63
897,575.06
898,572.39
899,575.76
900,578.27
901,578.01
902,579.63
903,580.34
904,582.85
905,584.43
906,585.32
907,580.44
908,578.8
909,580.89
910,583.35
911,584.89
912,585.51
913,586.07
914,589.09
915,585.38
916,580.48
917,576.01
918,573.76
919,571.98
920,565.36
921,562.42
922,560.63
923,555.19
924,543.02
925,532.13
926,528.3
927,518.68
928,511.24
929,505.22
930,500.53
931,497.62
932,498.31
933,494.65
934,489.73
935,481.34
936,440.0
937,306.08
938,253.88
939,409.19
940,221.21
941,180.88
942,185.37
943,192.45
944,201.76
945,210.53
946,217.32
947,221.49
948,352.81
949,446.71
950,437.67
951,429.92
952,415.49
953,397.73
954,317.78
955,357.48
956,227.89
957,131.18
958,120.2
959,116.43
960,114.37
961,114.71
962,114.92
963,122.33
964,133.99
965,165.55
966,318.62
967,377.43
968,379.9
969,385.76
970,381.45
971,384.07
972,380.48
973,375.25
974,364.32
975,346.55
976,312.39
977,200.69
978,235.56
979,217.52
980,132.91
981,137.71
982,197.16
983,124.45
984,123.79
985,123.95
986,120.44
987,121.4
988,122.45
989,121.36
990,121.54
991,146.34
992,129.67
993,139.27
994,174.2
995,266.63
996,305.59
997,304.75
998,300.53
999,293.61
1000,297.92
1001,295.62
1002,284.73
1003,228.94
1004,243.16
1005,235.74
1006,238.82
1007,169.34
1008,121.98
1009,117.06
1010,115.6
1011,128.26
1012,144.19
1013,138.99
1014,171.05
1015,120.55
1016,100.62
1017,91.64
1018,85.29
1019,81.08
1020,74.1
1021,68.67
1022,64.98
1023,62.32
1024,59.88
1025,57.89
1026,56.85
1027,57.0
1028,58.11
1029,60.06
1030,62.47
1031,64.83
1032,67.05
1033,69.39
1034,73.42
1035,112.2
1036,146.12
1037,144.92
1038,146.64
1039,146.02
1040,107.21
1041,81.08
1042,78.97
1043,77.67
1044,77.34
1045,77.85
1046,103.74
1047,133.47
1048,134.45
1049,133.83
1050,131.47
1051,128.35
1052,125.33
1053,122.4
1054,120.5
1055,119.93
1056,118.24
1057,115.77
1058,112.52
1059,110.05
1060,107.98
1061,105.55
1062,102.89
1063,100.07
1064,97.62
1065,94.75
1066,91.73
1067,89.36
1068,87.14
1069,84.59
1070,81.64
1071,78.67
1072,72.73
1073,68.83
1074,63.69
1075,55.46
1076,51.99
1077,49.33
1078,50.07
1079,46.35
1080,46.24
1081,43.27
1082,40.55
1083,38.82
1084,37.03
1085,35.23
1086,33.18
1087,31.03
1088,29.86
1089,31.0
1090,25.32
1091,22.99
1092,21.18
1093,19.6
1094,18.26
1095,17.19
1096,16.18
1097,15.15
1098,14.66
1099,14.35
1100,14.01
1101,13.65
1102,13.14
1103,12.47
1104,11.66
1105,10.91
1106,10.11
1107,9.13
1108,7.9
1109,6.62
1110,5.41
1111,4.26
1112,3.17
1113,2.16
1114,1.25
1115,0.17
1116,-0.98
1117,-2.0
1118,-2.78
1119,-3.28
1120,-3.78
1121,-4.33
1122,-4.86
1123,-5.59
1124,-6.48
1125,-7.46
1126,-8.67
1127,-9.85
1128,-10.72
1129,-11.33
1130,-11.76
1131,-11.95
1132,-12.16
1133,-12.47
1134,-12.64
1135,-12.77
1136,-12.98
1137,-13.21
1138,-13.42
1139,-13.53
1140,-13.66
1141,-13.83
1142,-14.0
1143,-14.12
1144,-14.18
1145,-14.1
1146,-14.05
1147,-13.9
1148,-13.72
1149,-13.48
1150,-13.26
1151,-13.07
1152,-12.93
1153,-12.84
1154,-12.81
1155,-12.81
1156,-12.8
1157,-12.74
1158,-12.64
1159,-12.58
1160,-12.52
1161,-12.45
1162,-12.32
1163,-12.24
1164,-12.25
1165,-12.17
1166,-12.09
1167,-11.98
1168,-11.93
1169,-11.95
1170,-11.89
1171,-11.89
1172,-11.98
1173,-11.99
1174,-11.88
1175,-11.7
1176,-11.57
1177,-11.56
1178,-11.77
1179,-11.99
1180,-11.95
1181,-11.86
1182,-11.88
1183,-11.89
1184,-11.89
1185,-11.94
1186,-12.06
1187,-11.99
1188,-11.78
1189,-11.59
1190,-11.48
1191,-11.35
1192,-11.33
1193,-11.23
1194,-11.17
1195,-11.23
1196,-11.29
1197,-11.21
1198,-11.11
1199,-11.08
1200,-11.15
1201,-11.16
1202,-11.04
1203,-10.79
1204,-10.52
1205,-10.32
1206,-10.15
1207,-9.96
1208,-9.89
1209,-9.62
1210,-9.51
1211,-9.5
1212,-9.53
1213,-9.61
1214,-9.6
1215,-9.55
1216,-9.54
1217,-9.67
1218,-9.82
1219,-10.13
1220,-10.37
1221,-10.32
1222,-10.24
1223,-10.24
1224,-10.23
1225,-10.11
1226,-10.04
1227,-10.05
1228,-10.04
1229,-10.01
1230,-10.06
1231,-10.18
1232,-10.26
1233,-10.32
1234,-10.52
1235,-10.7
1236,-10.77
1237,-10.78
1238,-10.74
1239,-10.67
1240,-10.76
1241,-10.77
1242,-10.73
1243,-10.61
1244,-10.6
1245,-10.52
1246,-10.47
1247,-10.53
1248,-10.61
1249,-10.61
1250,-10.65
1251,-10.61
1252,-10.6
1253,-10.6
1254,-10.61
1255,-10.62
1256,-10.76
1257,-10.79
1258,-10.79
1259,-10.79
1260,-10.79
1261,-10.79
1262,-10.79
1263,-10.8
1264,-10.85
1265,-10.83
1266,-10.91
1267,-11.2
1268,-11.38
1269,-11.38
1270,-11.22
1271,-11.22
1272,-11.2
1273,-11.24
1274,-11.48
1275,-11.59
1276,-11.71
1277,-11.97
1278,-11.63
1279,-11.13
1280,-10.79
1281,-10.43
1282,-10.31
1283,-10.4
1284,-10.49
1285,-10.72
1286,-10.48
1287,-10.41
1288,-10.44
1289,-10.66
1290,-10.56
1291,-10.42
1292,-10.31
1293,-10.11
1294,-10.11
1295,-10.25
1296,-10.5
1297,-10.54
1298,-10.47
1299,-10.63
1300,-11.14
1301,-11.7
1302,-11.97
1303,-12.07
1304,-11.92
1305,-11.74
1306,-11.68
1307,-11.35
1308,-11.17
1309,-10.89
1310,-10.67
1311,-10.47
1312,-10.25
1313,-10.24
1314,-10.32
1315,-10.42
1316,-10.39
1317,-10.24
1318,-10.06
1319,-10.06
1320,-10.07
1321,-9.91
1322,-9.76
1323,-9.66
1324,-9.46
1325,-9.32
1326,-9.34
1327,-9.46
1328,-9.35
1329,-9.69
1330,-10.15
1331,-10.24
1332,-10.17
1333,-9.97
1334,-9.61
1335,-9.53
1336,-9.67
1337,-9.82
1338,-9.94
1339,-9.88
1340,-10.13
1341,-10.21
1342,-10.03
1343,-9.68
1344,-9.38
1345,-9.36
1346,-9.75
1347,-10.14
1348,-10.4
1349,-10.57
1350,-10.5
1351,-10.43
1352,-10.6
1353,-10.65
1354,-10.79
1355,-10.93
1356,-10.93
1357,-10.81
1358,-10.78
1359,-10.78
1360,-11.09
1361,-11.34
1362,-11.37
1363,-11.48
1364,-11.62
1365,-11.68
1366,-11.7
1367,-11.72
1368,-11.77
1369,-11.45
1370,-10.81
1371,-10.28
1372,-10.06
1373,-10.07
1374,-10.06
1375,-10.09
1376,-10.06
1377,-9.84
1378,-9.56
1379,-9.33
1380,-9.33
1381,-9.47
1382,-9.77
1383,-10.11
1384,-10.36
1385,-10.42
1386,-10.38
1387,-10.4
1388,-10.5
1389,-10.65
1390,-10.76
1391,-10.9
1392,-11.17
1393,-11.34
1394,-11.39
1395,-11.45
1396,-11.61
1397,-11.66
1398,-11.52
1399,-11.54
1400,-11.77
1401,-11.91
1402,-11.77
1403,-11.49
1404,-10.98
1405,-10.37
1406,-10.04
1407,-10.15
1408,-10.52
1409,-11.43
1410,-11.45
1411,-11.34
1412,-11.38
1413,-11.28
1414,-11.0
1415,-10.65
1416,-10.29
1417,-9.94
1418,-9.73
1419,-9.72
1420,-9.7
1421,-9.83
1422,-9.92
1423,-9.95
1424,-10.0
1425,-10.07
1426,-10.13
1427,-10.28
1428,-10.44
1429,-10.56
1430,-10.62
1431,-10.71
1432,-10.79
1433,-10.71
1434,-10.5
1435,-10.23
1436,-10.05
1437,-9.91
1438,-9.87
1439,-9.89
1440,-10.03
1441,-10.32
1442,-10.6
1443,-10.9
1444,-11.27
1445,-11.54
1446,-11.53
1447,-11.36
1448,-11.18
1449,-11.16
1450,-11.17
1451,-10.89
1452,-10.61
1453,-10.47
1454,-10.43
1455,-10.46
1456,-10.8
1457,-11.27
1458,-11.63
1459,-11.79
1460,-11.72
1461,-11.37
1462,-11.06
1463,-10.86
1464,-10.62
1465,-10.36
1466,-10.23
1467,-10.15
1468,-10.2
1469,-10.22
1470,-10.13
1471,-10.05
1472,-10.12
1473,-10.16
1474,-10.05
1475,-10.05
1476,-10.16
1477,-10.38
1478,-10.68
1479,-10.85
1480,-10.8
1481,-10.81
1482,-10.81
1483,-10.95
1484,-11.1
1485,-11.11
1486,-11.04
1487,-11.06
1488,-11.01
1489,-10.87
1490,-10.71
1491,-10.47
1492,-10.33
1493,-10.25
1494,-10.29
1495,-10.27
1496,-10.2
1497,-10.21
1498,-10.35
1499,-10.46
1500,-10.57
1501,-10.62
1502,-10.59
1503,-10.6
1504,-10.72
1505,-10.8
1506,-10.63
1507,-10.33
1508,-10.16
1509,-10.16
1510,-10.14
1511,-10.17
1512,-10.33
1513,-10.42
1514,-10.37
1515,-10.27
1516,-10.24
1517,-10.25
1518,-10.33
1519,-10.39
1520,-10.44
1521,-10.58
1522,-10.69
1523,-10.79
1524,-10.89
1525,-11.08
1526,-11.08
1527,-11.03
1528,-10.89
1529,-10.88
1530,-10.91
1531,-11.06
1532,-11.1
1533,-10.98
1534,-10.88
1535,-10.88
1536,-10.89
1537,-11.02
1538,-11.46
1539,-11.88
1540,-12.14
1541,-12.11
1542,-12.07
1543,-12.1
1544,-12.16
1545,-12.17
1546,-12.17
1547,-12.16
1548,-12.05
1549,-11.69
1550,-11.28
1551,-10.88
1552,-10.56
1553,-10.39
1554,-10.34
1555,-10.42
1556,-10.59
1557,-10.61
1558,-10.69
1559,-10.74
1560,-10.91
1561,-10.95
1562,-10.95
1563,-10.91
1564,-10.69
1565,-10.47
1566,-10.39
1567,-10.4
1568,-10.35
1569,-10.24
1570,-10.14
1571,-10.1
1572,-10.22
1573,-10.36
1574,-10.3
1575,-10.14
1576,-10.07
1577,-10.11
1578,-10.23
1579,-10.56
1580,-10.87
1581,-10.86
1582,-10.7
1583,-10.7
1584,-10.64
1585,-10.39
1586,-10.31
1587,-10.52
1588,-10.66
1589,-10.41
1590,-10.36
1591,-10.58
1592,-10.55
1593,-10.38
1594,-10.14
1595,-10.0
1596,-10.11
1597,-10.19
1598,-10.14
1599,-10.08
1600,-10.06
1601,-10.13
1602,-10.38
1603,-10.63
1604,-10.71
1605,-10.74
1606,-10.78
1607,-10.77
1608,-10.67
1609,-10.6
1610,-10.71
1611,-10.84
1612,-11.0
1613,-11.16
1614,-11.26
1615,-11.17
1616,-11.17
1617,-11.24
1618,-11.42
1619,-11.38
1620,-11.22
1621,-11.01
1622,-10.88
1623,-10.85
1624,-10.88
1625,-10.88
1626,-10.95
1627,-11.11
1628,-11.32
1629,-11.5
1630,-11.53
1631,-11.5
1632,-11.33
1633,-11.25
1634,-11.24
1635,-11.11
1636,-10.94
1637,-11.0
1638,-11.31
1639,-11.92
1640,-12.52
1641,-12.53
1642,-12.24
1643,-11.99
1644,-11.99
1645,-12.2
1646,-12.35
1647,-12.42
1648,-12.72
1649,-13.09
1650,-13.23
1651,-13.21
1652,-13.06
1653,-12.89
1654,-13.0
1655,-12.95
1656,-12.54
1657,-12.15
1658,-11.68
1659,-11.56
1660,-11.44
1661,-11.17
1662,-11.07
1663,-10.92
1664,-10.88
1665,-10.88
1666,-10.79
1667,-10.56
1668,-10.41
1669,-10.35
1670,-10.4
1671,-10.38
1672,-10.34
1673,-10.28
1674,-10.33
1675,-10.49
1676,-10.86
1677,-11.13
1678,-11.06
1679,-10.76
1680,-10.64
1681,-10.68
1682,-10.75
1683,-10.88
1684,-10.88
1685,-11.03
1686,-11.12
1687,-11.14
1688,-11.08
1689,-10.96
1690,-11.08
1691,-11.07
1692,-11.07
1693,-11.04
1694,-10.79
1695,-10.44
1696,-10.09
1697,-9.86
1698,-9.74
1699,-9.5
1700,-9.22
1701,-9.05
1702,-9.07
1703,-9.45
1704,-9.66
1705,-9.99
1706,-10.15
1707,-10.15
1708,-10.14
1709,-10.04
1710,-9.89
1711,-9.71
1712,-9.6
1713,-9.65
1714,-9.61
1715,-9.9
1716,-10.01
1717,-9.79
1718,-9.74
1719,-9.78
1720,-9.63
1721,-9.42
1722,-9.42
1723,-9.46
1724,-9.42
1725,-9.41
1726,-9.33
1727,-9.23
1728,-9.17
1729,-9.1
1730,-9.33
1731,-9.47
1732,-9.41
1733,-9.2
1734,-9.03
1735,-9.03
1736,-9.55
1737,-9.99
1738,-10.09
1739,-9.89
1740,-9.74
1741,-9.62
1742,-9.6
1743,-9.52
1744,-9.43
1745,-9.42
1746,-9.55
1747,-9.6
1748,-9.53
1749,-9.34
1750,-9.02
1751,-8.77
1752,-8.58
1753,-8.55
1754,-8.5
1755,-8.22
1756,-7.92
1757,-7.74
1758,-7.66
1759,-7.52
1760,-7.32
1761,-7.0
1762,-6.58
1763,-6.01
1764,-5.39
1765,-4.73
1766,-4.02
1767,-3.4
1768,-2.86
1769,-2.34
1770,-1.77
1771,-0.87
1772,0.23
1773,1.16
1774,2.06
1775,2.96
1776,3.9
1777,4.88
1778,5.86
1779,6.83
1780,7.86
1781,8.92
1782,10.0
1783,11.3
1784,12.68
1785,14.02
1786,15.51
1787,16.95
1788,18.3
1789,19.83
1790,21.41
1791,23.04
1792,24.71
1793,26.19
1794,27.52
1795,29.01
1796,30.66
1797,32.18
1798,33.73
1799,35.42
1800,37.12
1801,38.79
1802,40.43
1803,41.98
1804,43.65
1805,45.3
1806,46.87
1807,48.55
1808,50.21
1809,51.69
1810,53.33
1811,55.06
1812,56.72
1813,58.42
1814,60.2
1815,62.15
1816,63.99
1817,65.92
1818,67.8
1819,69.62
1820,71.5
1821,73.46
1822,75.4
1823,77.57
1824,79.66
1825,81.6
1826,83.45
1827,85.48
1828,87.32
1829,89.24
1830,91.3
1831,93.06
1832,94.95
1833,96.94
1834,99.01
1835,100.94
1836,103.03
1837,105.08
1838,107.01
1839,109.21
1840,111.29
1841,113.35
1842,115.58
1843,118.18
1844,120.89
1845,123.3
1846,125.72
1847,128.28
1848,130.98
1849,133.61
1850,136.14
1851,138.81
1852,141.41
1853,143.89
1854,146.64
1855,149.96
1856,153.15
1857,156.17
1858,159.24
1859,162.6
1860,165.89
1861,168.95
1862,171.62
1863,174.32
1864,177.04
1865,179.69
1866,181.98
1867,184.26
1868,186.26
1869,188.01
1870,190.39
1871,193.2
1872,195.87
1873,198.67
1874,202.37
1875,205.61
1876,208.37
1877,211.46
1878,214.31
1879,216.67
1880,219.46
1881,221.8
1882,224.14
1883,227.2
1884,229.58
1885,232.34
1886,235.16
1887,237.28
1888,239.53
1889,242.62
1890,245.23
1891,247.85
1892,249.56
1893,251.91
1894,254.95
1895,258.34
1896,261.62
1897,264.23
1898,268.94
1899,272.87
1900,275.69
1901,278.48
1902,280.83
1903,284.78
1904,287.19
1905,290.75
1906,293.99
1907,296.83
1908,301.15
1909,305.35
1910,308.16
1911,311.66
1912,315.04
1913,318.23
1914,320.66
1915,322.23
1916,323.09
1917,325.02
1918,327.42
1919,330.13
1920,334.29
1921,336.78
1922,338.82
1923,340.73
1924,344.17
1925,347.21
1926,350.62
1927,353.72
1928,355.49
1929,359.05
1930,363.38
1931,367.56
1932,368.92
1933,373.57
1934,375.93
1935,379.99
1936,383.67
1937,385.6
1938,389.32
1939,392.21
1940,396.43
1941,400.17
1942,401.8
1943,403.06
1944,403.32
1945,406.66
1946,410.9
1947,413.65
1948,417.48
1949,421.03
1950,423.05
1951,424.8
1952,427.99
1953,432.34
1954,435.2
1955,439.66
1956,443.81
1957,447.17
1958,449.32
1959,450.86
1960,453.61
1961,457.12
1962,459.49
1963,462.83
1964,465.36
1965,467.27
1966,471.36
1967,472.86
1968,476.35
1969,480.52
1970,482.38
1971,485.99
1972,488.96
1973,489.86
1974,494.51
1975,497.97
1976,500.09
1977,502.94
1978,505.13
1979,505.24
1980,506.66
1981,508.92
1982,508.85
1983,510.55
1984,511.27
1985,510.2
1986,513.26
1987,513.88
1988,515.33
1989,517.87
1990,519.58
1991,522.49
1992,523.09
1993,523.3
1994,529.44
1995,532.91
1996,532.55
1997,532.2
1998,530.25
1999,527.72
2000,536.53
2001,544.31
2002,554.73
2003,550.15
2004,550.47
2005,549.29
2006,551.9
2007,557.18
2008,558.34
2009,559.23
2010,558.81
2011,558.24
2012,562.15
2013,559.57
2014,560.16
2015,564.16
2016,571.52
2017,576.64
2018,576.62
2019,576.95
2020,579.7
2021,580.82
2022,583.16
2023,585.75
2024,586.42
2025,588.79
2026,591.15
2027,595.33
2028,597.04
2029,605.61
2030,605.44
2031,610.74
2032,618.72
2033,620.6
2034,624.41
2035,623.8
2036,622.35
2037,621.45
2038,621.86
2039,623.69
2040,626.74
2041,631.06
2042,637.49
2043,644.26
2044,649.01
2045,650.47
2046,652.9
2047,659.07
2048,666.18
2049,665.65
2050,666.82
2051,672.62
2052,672.9
2053,669.47
2054,668.0
2055,670.79
2056,678.84
2057,681.19
2058,687.25
2059,690.62
2060,697.34
2061,697.19
2062,696.82
2063,693.37
2064,691.17
2065,696.14
2066,700.55
2067,697.26
2068,696.26
2069,695.28
2070,697.49
2071,703.05
2072,702.38
2073,705.34
2074,704.72
2075,699.02
2076,699.82
2077,703.12
2078,704.51
2079,701.53
2080,700.06
2081,700.87
2082,701.47
2083,704.33
2084,709.36
2085,713.06
2086,720.07
2087,720.8
2088,720.59
2089,719.61
2090,722.67
2091,721.77
2092,717.64
2093,717.84
2094,714.47
2095,716.93
2096,721.87
2097,725.58
2098,730.99
2099,737.36
2100,738.5
2101,739.67
2102,738.28
2103,743.18
2104,751.57
2105,749.2
2106,744.56
2107,749.34
2108,750.66
2109,758.1
2110,760.6
2111,759.37
2112,759.38
2113,755.17
2114,753.17
2115,752.46
2116,754.3
2117,755.23
2118,752.28
2119,757.12
2120,761.05
2121,763.1
2122,759.38
2123,758.15
2124,757.12
2125,763.89
2126,769.28
2127,767.2
2128,760.33
2129,758.57
2130,758.12
2131,759.22
2132,768.0
2133,769.49
2134,766.74
2135,765.2
2136,769.84
2137,772.94
2138,780.77
2139,784.8
2140,784.46
2141,786.68
2142,786.3
2143,789.9
2144,787.68
2145,791.34
2146,796.56
2147,795.87
2148,793.72
2149,796.91
2150,798.21
2151,800.92
2152,806.41
2153,808.07
2154,808.61
2155,801.69
2156,804.19
2157,809.46
2158,808.62
2159,810.74
2160,811.47
2161,812.3
2162,810.43
2163,816.79
2164,814.15
2165,813.8
2166,815.15
2167,811.74
2168,809.65
2169,807.44
2170,805.79
2171,806.85
2172,807.57
2173,806.97
2174,804.92
2175,800.96
2176,797.96
2177,798.01
2178,803.62
2179,804.32
2180,800.99
2181,803.24
2182,806.74
2183,811.55
2184,816.66
2185,814.1
2186,811.2
2187,807.54
2188,805.27
2189,800.69
2190,801.53
2191,807.63
2192,806.64
2193,802.27
2194,798.94
2195,799.03
2196,802.71
2197,800.78
2198,806.01
2199,810.45
2200,806.61
2201,804.48
2202,807.53
2203,807.7
2204,807.08
2205,801.75
2206,799.26
2207,795.49
2208,794.66
2209,793.32
2210,793.95
2211,792.59
2212,790.07
2213,786.88
2214,785.27
2215,786.79
2216,787.16
2217,782.01
2218,780.87
2219,783.37
2220,791.75
2221,794.42
2222,791.7
2223,783.37
2224,783.97
2225,778.88
2226,775.03
2227,776.84
2228,777.08
2229,774.52
2230,774.23
2231,779.66
2232,781.57
2233,783.01
2234,778.35
2235,777.67
2236,771.75
2237,761.24
2238,751.7
2239,755.04
2240,761.66
2241,762.01
2242,757.75
2243,757.53
2244,757.04
2245,754.27
2246,753.97
2247,756.47
2248,753.95
2249,750.23
2250,748.07
2251,746.98
2252,739.74
2253,734.31
2254,732.3
2255,726.97
2256,726.62
2257,720.65
2258,717.03
2259,717.55
2260,718.73
2261,715.02
2262,710.76
2263,704.94
2264,699.87
2265,692.31
2266,688.57
2267,684.3
2268,678.08
2269,672.21
2270,669.2
2271,663.17
2272,657.06
2273,662.55
2274,663.13
2275,665.63
2276,664.27
2277,659.2
2278,650.78
2279,645.41
2280,644.88
2281,643.71
2282,639.01
2283,640.17
2284,634.89
2285,628.81
2286,627.19
2287,625.56
2288,623.07
2289,623.56
2290,623.08
2291,623.08
2292,621.42
2293,619.72
2294,618.26
2295,616.59
2296,614.04
2297,613.15
2298,614.93
2299,614.16
2300,610.53
2301,609.95
2302,605.73
2303,599.06
2304,594.52
2305,590.87
2306,586.62
2307,580.58
2308,574.08
2309,568.98
2310,566.96
2311,563.14
2312,558.06
2313,558.36
2314,559.47
2315,558.36
2316,560.01
2317,559.24
2318,558.54
2319,554.69
2320,551.34
2321,549.75
2322,542.15
2323,549.09
2324,545.87
2325,542.51
2326,536.97
2327,531.68
2328,529.44
2329,526.74
2330,524.4
2331,527.67
2332,532.9
2333,532.97
2334,533.45
2335,534.33
2336,529.37
2337,525.87
2338,525.22
2339,520.17
2340,516.54
2341,517.43
2342,518.09
2343,519.08
2344,520.56
2345,518.66
2346,513.78
2347,511.79
2348,512.47
2349,511.67
2350,511.32
2351,512.02
2352,510.66
2353,505.62
2354,499.0
2355,495.5
2356,495.59
2357,492.28
2358,488.56
2359,485.19
2360,480.97
2361,478.19
2362,475.42
2363,472.15
2364,470.6
2365,466.37
2366,464.31
2367,460.26
2368,455.78
2369,450.44
2370,450.43
2371,450.54
2372,447.69
2373,443.69
2374,440.4
2375,439.63
2376,439.84
2377,439.16
2378,436.24
2379,431.79
2380,427.77
2381,423.91
2382,422.51
2383,415.39
2384,409.47
2385,406.06
2386,401.04
2387,401.39
2388,404.92
2389,405.86
2390,406.02
2391,404.25
2392,401.79
2393,399.45
2394,396.33
2395,392.27
2396,387.46
2397,384.54
2398,378.06
2399,371.49
2400,368.51
2401,366.12
2402,363.41
2403,361.63
2404,358.02
2405,355.37
2406,353.39
2407,351.41
2408,348.17
2409,344.5
2410,341.86
2411,337.8
2412,336.36
2413,334.02
2414,330.56
2415,327.67
2416,325.79
2417,322.21
2418,318.23
2419,317.16
2420,314.52
2421,310.22
2422,305.12
2423,300.1
2424,294.66
2425,289.75
2426,285.5
2427,281.94
2428,278.49
2429,274.44
2430,272.16
2431,270.63
2432,269.81
2433,268.78
2434,264.81
2435,259.73
2436,257.63
2437,254.68
2438,250.14
2439,246.17
2440,242.55
2441,241.02
2442,239.61
2443,236.92
2444,232.66
2445,227.54
2446,222.9
2447,219.83
2448,216.31
2449,212.25
2450,208.93
2451,206.73
2452,204.59
2453,202.12
2454,198.61
2455,191.98
2456,190.33
2457,184.69
2458,178.46
2459,176.5
2460,174.41
2461,172.83
2462,173.61
2463,171.85
2464,169.26
2465,165.57
2466,161.45
2467,157.02
2468,156.87
2469,155.54
2470,153.89
2471,151.49
2472,147.03
2473,96.24
2474,86.59
2475,83.4
2476,79.03
2477,102.59
2478,106.41
2479,115.52
2480,122.38
2481,122.89
2482,120.05
2483,111.07
2484,78.68
2485,73.98
2486,92.12
2487,103.63
2488,102.22
2489,99.71
2490,97.09
2491,94.56
2492,92.5
2493,90.56
2494,88.54
2495,86.25
2496,84.4
2497,82.41
2498,79.95
2499,77.26
2500,74.85
2501,71.99
2502,68.9
2503,66.37
2504,64.29
2505,62.36
2506,59.93
2507,57.62
2508,56.01
2509,54.01
2510,50.4
2511,38.6
2512,31.3
2513,29.0
2514,27.47
2515,30.51
2516,35.07
2517,33.24
2518,31.54
2519,30.23
2520,27.47
2521,26.34
2522,25.29
2523,24.22
2524,22.64
2525,19.51
2526,18.94
2527,18.14
2528,15.42
2529,12.12
2530,9.81
2531,8.62
2532,7.51
2533,6.45
2534,5.47
2535,4.63
2536,3.94
2537,3.3
2538,2.45
2539,1.56
2540,0.71
2541,-0.05
2542,-0.67
2543,-1.26
2544,-1.92
2545,-2.61
2546,-3.14
2547,-3.59
2548,-4.25
2549,-5.1
2550,-6.0
2551,-6.8
2552,-7.44
2553,-8.01
2554,-8.6
2555,-9.18
2556,-9.73
2557,-10.21
2558,-10.66
2559,-11.11
2560,-11.53
2561,-11.98
2562,-12.39
2563,-12.68
2564,-12.97
2565,-13.28
2566,-13.56
2567,-13.82
2568,-13.96
2569,-14.1
2570,-14.24
2571,-14.27
2572,-14.27
2573,-14.25
2574,-14.15
2575,-13.99
2576,-13.9
2577,-13.88
2578,-13.73
2579,-13.81
2580,-13.89
2581,-13.9
2582,-13.91
2583,-13.91
2584,-13.9
2585,-13.97
2586,-14.02
2587,-13.99
2588,-13.95
2589,-13.91
2590,-13.88
2591,-13.69
2592,-13.58
2593,-13.44
2594,-13.33
2595,-13.12
2596,-12.99
2597,-12.99
2598,-12.99
2599,-13.02
2600,-13.05
2601,-13.0
2602,-12.99
2603,-12.83
2604,-12.74
2605,-12.65
2606,-12.62
2607,-12.55
2608,-12.44
2609,-12.45
2610,-12.44
2611,-12.45
2612,-12.49
2613,-12.48
2614,-12.44
2615,-12.44
2616,-12.36
2617,-12.22
2618,-12.05
2619,-11.89
2620,-11.77
2621,-11.7
2622,-11.58
2623,-11.52
2624,-11.51
2625,-11.52
2626,-11.55
2627,-11.69
2628,-11.69
2629,-11.69
2630,-11.54
2631,-11.38
2632,-11.34
2633,-11.38
2634,-11.43
2635,-11.46
2636,-11.55
2637,-11.69
2638,-11.8
2639,-11.89
2640,-11.94
2641,-11.95
2642,-11.92
2643,-11.98
2644,-11.94
2645,-11.88
2646,-11.91
2647,-11.89
2648,-11.89
2649,-11.87
2650,-11.86
2651,-11.9
2652,-11.93
2653,-11.88
2654,-11.76
2655,-11.7
2656,-11.69
2657,-11.72
2658,-11.9
2659,-12.04
2660,-12.12
2661,-12.24
2662,-12.35
2663,-12.35
2664,-12.29
2665,-12.1
2666,-12.05
2667,-11.9
2668,-11.74
2669,-11.62
2670,-11.51
2671,-11.3
2672,-11.16
2673,-11.15
2674,-10.75
2675,-9.81
2676,-8.82
2677,-8.21
2678,-8.08
2679,-8.49
2680,-8.88
2681,-9.32
2682,-9.56
2683,-9.57
2684,-9.4
2685,-9.19
2686,-9.0
2687,-8.86
2688,-8.84
2689,-8.76
2690,-9.07
2691,-10.09
2692,-10.59
2693,-10.4
2694,-10.63
2695,-11.01
2696,-11.29
2697,-11.09
2698,-10.75
2699,-10.47
