DateTime,Building P (kW) 
2020-03-27 00:00:00,259.4
2020-03-27 00:01:00,273.4
2020-03-27 00:02:00,272.4
2020-03-27 00:03:00,272.4
2020-03-27 00:04:00,272.4
2020-03-27 00:05:00,264.4
2020-03-27 00:06:00,258.4
2020-03-27 00:07:00,244.4
2020-03-27 00:08:00,249.4
2020-03-27 00:09:00,259.4
2020-03-27 00:10:00,244.4
2020-03-27 00:11:00,255.4
2020-03-27 00:12:00,254.4
2020-03-27 00:13:00,280.4
2020-03-27 00:14:00,277.4
2020-03-27 00:15:00,282.4
2020-03-27 00:16:00,274.4
2020-03-27 00:17:00,271.4
2020-03-27 00:18:00,258.4
2020-03-27 00:19:00,250.4
2020-03-27 00:20:00,252.4
2020-03-27 00:21:00,269.4
2020-03-27 00:22:00,268.4
2020-03-27 00:23:00,274.4
2020-03-27 00:24:00,273.4
2020-03-27 00:25:00,271.4
2020-03-27 00:26:00,280.4
2020-03-27 00:27:00,268.4
2020-03-27 00:28:00,246.4
2020-03-27 00:29:00,251.4
2020-03-27 00:30:00,236.4
2020-03-27 00:31:00,243.4
2020-03-27 00:32:00,246.4
2020-03-27 00:33:00,280.4
2020-03-27 00:34:00,276.4
2020-03-27 00:35:00,270.4
2020-03-27 00:36:00,268.4
2020-03-27 00:37:00,275.4
2020-03-27 00:38:00,279.4
2020-03-27 00:39:00,260.4
2020-03-27 00:40:00,268.4
2020-03-27 00:41:00,251.4
2020-03-27 00:42:00,244.4
2020-03-27 00:43:00,243.4
2020-03-27 00:44:00,237.4
2020-03-27 00:45:00,236.4
2020-03-27 00:46:00,234.4
2020-03-27 00:47:00,261.4
2020-03-27 00:48:00,291.4
2020-03-27 00:49:00,277.4
2020-03-27 00:50:00,273.4
2020-03-27 00:51:00,263.4
2020-03-27 00:52:00,267.4
2020-03-27 00:53:00,264.4
2020-03-27 00:54:00,270.4
2020-03-27 00:55:00,271.4
2020-03-27 00:56:00,270.4
2020-03-27 00:57:00,268.4
2020-03-27 00:58:00,255.4
2020-03-27 00:59:00,249.4
2020-03-27 01:00:00,267.4
2020-03-27 01:01:00,268.4
2020-03-27 01:02:00,267.4
2020-03-27 01:03:00,275.4
2020-03-27 01:04:00,279.4
2020-03-27 01:05:00,270.4
2020-03-27 01:06:00,265.4
2020-03-27 01:07:00,265.4
2020-03-27 01:08:00,272.4
2020-03-27 01:09:00,277.2
2020-03-27 01:10:00,277.2
2020-03-27 01:11:00,281.2
2020-03-27 01:12:00,261.3
2020-03-27 01:13:00,258.4
2020-03-27 01:14:00,252.4
2020-03-27 01:15:00,239.4
2020-03-27 01:16:00,238.4
2020-03-27 01:17:00,249.4
2020-03-27 01:18:00,253.4
2020-03-27 01:19:00,251.4
2020-03-27 01:20:00,245.4
2020-03-27 01:21:00,255.4
2020-03-27 01:22:00,267.4
2020-03-27 01:23:00,288.4
2020-03-27 01:24:00,268.4
2020-03-27 01:25:00,265.4
2020-03-27 01:26:00,257.4
2020-03-27 01:27:00,261.4
2020-03-27 01:28:00,267.4
2020-03-27 01:29:00,269.4
2020-03-27 01:30:00,284.4
2020-03-27 01:31:00,286.4
2020-03-27 01:32:00,262.4
2020-03-27 01:33:00,259.4
2020-03-27 01:34:00,280.4
2020-03-27 01:35:00,284.4
2020-03-27 01:36:00,271.4
2020-03-27 01:37:00,263.4
2020-03-27 01:38:00,265.4
2020-03-27 01:39:00,261.4
2020-03-27 01:40:00,258.4
2020-03-27 01:41:00,264.4
2020-03-27 01:42:00,271.4
2020-03-27 01:43:00,278.4
2020-03-27 01:44:00,277.4
2020-03-27 01:45:00,288.4
2020-03-27 01:46:00,277.4
2020-03-27 01:47:00,270.4
2020-03-27 01:48:00,263.4
2020-03-27 01:49:00,260.4
2020-03-27 01:50:00,263.4
2020-03-27 01:51:00,268.4
2020-03-27 01:52:00,269.4
2020-03-27 01:53:00,271.4
2020-03-27 01:54:00,267.4
2020-03-27 01:55:00,266.4
2020-03-27 01:56:00,257.4
2020-03-27 01:57:00,271.4
2020-03-27 01:58:00,270.4
2020-03-27 01:59:00,248.4
2020-03-27 02:00:00,236.4
2020-03-27 02:01:00,247.4
2020-03-27 02:02:00,266.4
2020-03-27 02:03:00,254.4
2020-03-27 02:04:00,261.4
2020-03-27 02:05:00,265.4
2020-03-27 02:06:00,272.4
2020-03-27 02:07:00,264.4
2020-03-27 02:08:00,270.4
2020-03-27 02:09:00,279.4
2020-03-27 02:10:00,279.4
2020-03-27 02:11:00,280.4
2020-03-27 02:12:00,285.4
2020-03-27 02:13:00,289.4
2020-03-27 02:14:00,285.4
2020-03-27 02:15:00,281.4
2020-03-27 02:16:00,276.4
2020-03-27 02:17:00,258.4
2020-03-27 02:18:00,252.4
2020-03-27 02:19:00,295.3
2020-03-27 02:20:00,298.2
2020-03-27 02:21:00,299.2
2020-03-27 02:22:00,280.2
2020-03-27 02:23:00,263.4
2020-03-27 02:24:00,257.4
2020-03-27 02:25:00,241.4
2020-03-27 02:26:00,219.4
2020-03-27 02:27:00,217.4
2020-03-27 02:28:00,238.4
2020-03-27 02:29:00,268.4
2020-03-27 02:30:00,263.4
2020-03-27 02:31:00,254.4
2020-03-27 02:32:00,254.4
2020-03-27 02:33:00,246.4
2020-03-27 02:34:00,233.4
2020-03-27 02:35:00,230.4
2020-03-27 02:36:00,244.4
2020-03-27 02:37:00,244.4
2020-03-27 02:38:00,255.4
2020-03-27 02:39:00,277.4
2020-03-27 02:40:00,267.4
2020-03-27 02:41:00,277.4
2020-03-27 02:42:00,276.4
2020-03-27 02:43:00,257.4
2020-03-27 02:44:00,272.4
2020-03-27 02:45:00,285.4
2020-03-27 02:46:00,283.4
2020-03-27 02:47:00,261.4
2020-03-27 02:48:00,243.4
2020-03-27 02:49:00,259.4
2020-03-27 02:50:00,266.4
2020-03-27 02:51:00,260.4
2020-03-27 02:52:00,272.4
2020-03-27 02:53:00,276.4
2020-03-27 02:54:00,246.4
2020-03-27 02:55:00,238.4
2020-03-27 02:56:00,234.4
2020-03-27 02:57:00,247.4
2020-03-27 02:58:00,241.4
2020-03-27 02:59:00,234.4
2020-03-27 03:00:00,251.4
2020-03-27 03:01:00,252.4
2020-03-27 03:02:00,248.4
2020-03-27 03:03:00,246.4
2020-03-27 03:04:00,235.4
2020-03-27 03:05:00,225.4
2020-03-27 03:06:00,240.4
2020-03-27 03:07:00,251.4
2020-03-27 03:08:00,268.4
2020-03-27 03:09:00,282.4
2020-03-27 03:10:00,264.4
2020-03-27 03:11:00,254.4
2020-03-27 03:12:00,240.4
2020-03-27 03:13:00,248.4
2020-03-27 03:14:00,258.4
2020-03-27 03:15:00,252.4
2020-03-27 03:16:00,269.4
2020-03-27 03:17:00,273.4
2020-03-27 03:18:00,260.4
2020-03-27 03:19:00,273.4
2020-03-27 03:20:00,280.4
2020-03-27 03:21:00,301.4
2020-03-27 03:22:00,290.4
2020-03-27 03:23:00,263.4
2020-03-27 03:24:00,254.4
2020-03-27 03:25:00,261.4
2020-03-27 03:26:00,262.4
2020-03-27 03:27:00,265.4
2020-03-27 03:28:00,272.4
2020-03-27 03:29:00,272.2
2020-03-27 03:30:00,276.2
2020-03-27 03:31:00,271.2
2020-03-27 03:32:00,275.3
2020-03-27 03:33:00,276.4
2020-03-27 03:34:00,286.4
2020-03-27 03:35:00,278.4
2020-03-27 03:36:00,274.4
2020-03-27 03:37:00,266.4
2020-03-27 03:38:00,258.4
2020-03-27 03:39:00,259.4
2020-03-27 03:40:00,268.4
2020-03-27 03:41:00,280.4
2020-03-27 03:42:00,284.4
2020-03-27 03:43:00,285.4
2020-03-27 03:44:00,270.4
2020-03-27 03:45:00,268.4
2020-03-27 03:46:00,276.4
2020-03-27 03:47:00,297.4
2020-03-27 03:48:00,299.4
2020-03-27 03:49:00,290.4
2020-03-27 03:50:00,283.4
2020-03-27 03:51:00,268.4
2020-03-27 03:52:00,267.4
2020-03-27 03:53:00,280.4
2020-03-27 03:54:00,291.4
2020-03-27 03:55:00,302.4
2020-03-27 03:56:00,287.4
2020-03-27 03:57:00,267.4
2020-03-27 03:58:00,255.4
2020-03-27 03:59:00,254.4
2020-03-27 04:00:00,266.4
2020-03-27 04:01:00,281.4
2020-03-27 04:02:00,289.4
2020-03-27 04:03:00,303.4
2020-03-27 04:04:00,300.4
2020-03-27 04:05:00,285.4
2020-03-27 04:06:00,270.4
2020-03-27 04:07:00,263.4
2020-03-27 04:08:00,270.4
2020-03-27 04:09:00,274.4
2020-03-27 04:10:00,289.4
2020-03-27 04:11:00,295.4
2020-03-27 04:12:00,293.4
2020-03-27 04:13:00,279.2
2020-03-27 04:14:00,276.2
2020-03-27 04:15:00,290.2
2020-03-27 04:16:00,301.3
2020-03-27 04:17:00,281.4
2020-03-27 04:18:00,283.4
2020-03-27 04:19:00,288.4
2020-03-27 04:20:00,290.4
2020-03-27 04:21:00,271.4
2020-03-27 04:22:00,262.4
2020-03-27 04:23:00,246.4
2020-03-27 04:24:00,252.4
2020-03-27 04:25:00,267.4
2020-03-27 04:26:00,285.4
2020-03-27 04:27:00,297.4
2020-03-27 04:28:00,283.4
2020-03-27 04:29:00,272.4
2020-03-27 04:30:00,256.4
2020-03-27 04:31:00,251.4
2020-03-27 04:32:00,236.4
2020-03-27 04:33:00,227.4
2020-03-27 04:34:00,257.4
2020-03-27 04:35:00,286.4
2020-03-27 04:36:00,309.4
2020-03-27 04:37:00,305.4
2020-03-27 04:38:00,295.4
2020-03-27 04:39:00,289.4
2020-03-27 04:40:00,285.4
2020-03-27 04:41:00,289.4
2020-03-27 04:42:00,292.4
2020-03-27 04:43:00,312.4
2020-03-27 04:44:00,325.4
2020-03-27 04:45:00,297.4
2020-03-27 04:46:00,278.4
2020-03-27 04:47:00,281.4
2020-03-27 04:48:00,298.4
2020-03-27 04:49:00,306.4
2020-03-27 04:50:00,311.4
2020-03-27 04:51:00,306.4
2020-03-27 04:52:00,295.4
2020-03-27 04:53:00,291.4
2020-03-27 04:54:00,298.4
2020-03-27 04:55:00,285.4
2020-03-27 04:56:00,281.4
2020-03-27 04:57:00,271.3
2020-03-27 04:58:00,267.2
2020-03-27 04:59:00,275.2
2020-03-27 05:00:00,318.2
2020-03-27 05:01:00,327.4
2020-03-27 05:02:00,336.4
2020-03-27 05:03:00,346.4
2020-03-27 05:04:00,346.4
2020-03-27 05:05:00,344.4
2020-03-27 05:06:00,342.4
2020-03-27 05:07:00,336.4
2020-03-27 05:08:00,350.4
2020-03-27 05:09:00,367.4
2020-03-27 05:10:00,398.4
2020-03-27 05:11:00,393.4
2020-03-27 05:12:00,372.4
2020-03-27 05:13:00,344.4
2020-03-27 05:14:00,353.4
2020-03-27 05:15:00,375.4
2020-03-27 05:16:00,395.4
2020-03-27 05:17:00,396.4
2020-03-27 05:18:00,379.4
2020-03-27 05:19:00,348.5
2020-03-27 05:20:00,326.4
2020-03-27 05:21:00,330.4
2020-03-27 05:22:00,341.4
2020-03-27 05:23:00,354.5
2020-03-27 05:24:00,356.4
2020-03-27 05:25:00,340.5
2020-03-27 05:26:00,329.4
2020-03-27 05:27:00,321.5
2020-03-27 05:28:00,336.5
2020-03-27 05:29:00,325.5
2020-03-27 05:30:00,321.5
2020-03-27 05:31:00,344.5
2020-03-27 05:32:00,358.5
2020-03-27 05:33:00,353.5
2020-03-27 05:34:00,363.5
2020-03-27 05:35:00,336.5
2020-03-27 05:36:00,341.5
2020-03-27 05:37:00,357.5
2020-03-27 05:38:00,356.5
2020-03-27 05:39:00,337.5
2020-03-27 05:40:00,323.5
2020-03-27 05:41:00,339.5
2020-03-27 05:42:00,348.4
2020-03-27 05:43:00,358.3
2020-03-27 05:44:00,356.3
2020-03-27 05:45:00,353.3
2020-03-27 05:46:00,338.3
2020-03-27 05:47:00,321.5
2020-03-27 05:48:00,316.5
2020-03-27 05:49:00,311.5
2020-03-27 05:50:00,307.4
2020-03-27 05:51:00,327.4
2020-03-27 05:52:00,334.5
2020-03-27 05:53:00,351.5
2020-03-27 05:54:00,364.5
2020-03-27 05:55:00,363.5
2020-03-27 05:56:00,325.5
2020-03-27 05:57:00,305.5
2020-03-27 05:58:00,309.5
2020-03-27 05:59:00,289.5
2020-03-27 06:00:00,301.5
2020-03-27 06:01:00,325.5
2020-03-27 06:02:00,333.5
2020-03-27 06:03:00,321.5
2020-03-27 06:04:00,301.5
2020-03-27 06:05:00,295.5
2020-03-27 06:06:00,302.5
2020-03-27 06:07:00,313.5
2020-03-27 06:08:00,316.5
2020-03-27 06:09:00,329.5
2020-03-27 06:10:00,359.5
2020-03-27 06:11:00,360.5
2020-03-27 06:12:00,342.5
2020-03-27 06:13:00,317.5
2020-03-27 06:14:00,316.5
2020-03-27 06:15:00,322.5
2020-03-27 06:16:00,326.5
2020-03-27 06:17:00,323.4
2020-03-27 06:18:00,330.4
2020-03-27 06:19:00,332.4
2020-03-27 06:20:00,354.4
2020-03-27 06:21:00,347.4
2020-03-27 06:22:00,361.4
2020-03-27 06:23:00,364.5
2020-03-27 06:24:00,365.5
2020-03-27 06:25:00,363.5
2020-03-27 06:26:00,342.5
2020-03-27 06:27:00,350.5
2020-03-27 06:28:00,345.5
2020-03-27 06:29:00,359.5
2020-03-27 06:30:00,354.5
2020-03-27 06:31:00,342.5
2020-03-27 06:32:00,328.5
2020-03-27 06:33:00,375.5
2020-03-27 06:34:00,386.3
2020-03-27 06:35:00,414.3
2020-03-27 06:36:00,405.3
2020-03-27 06:37:00,397.3
2020-03-27 06:38:00,374.4
2020-03-27 06:39:00,373.5
2020-03-27 06:40:00,391.2
2020-03-27 06:41:00,403.0
2020-03-27 06:42:00,363.9
2020-03-27 06:43:00,346.0
2020-03-27 06:44:00,344.0
2020-03-27 06:45:00,341.0
2020-03-27 06:46:00,337.0
2020-03-27 06:47:00,352.0
2020-03-27 06:48:00,363.0
2020-03-27 06:49:00,360.0
2020-03-27 06:50:00,347.0
2020-03-27 06:51:00,332.0
2020-03-27 06:52:00,330.0
2020-03-27 06:53:00,359.0
2020-03-27 06:54:00,372.9
2020-03-27 06:55:00,387.0
2020-03-27 06:56:00,402.0
2020-03-27 06:57:00,382.0
2020-03-27 06:58:00,360.0
2020-03-27 06:59:00,341.9
2020-03-27 07:00:00,344.0
2020-03-27 07:01:00,363.0
2020-03-27 07:02:00,357.0
2020-03-27 07:03:00,355.0
2020-03-27 07:04:00,363.9
2020-03-27 07:05:00,362.0
2020-03-27 07:06:00,348.9
2020-03-27 07:07:00,343.9
2020-03-27 07:08:00,363.0
2020-03-27 07:09:00,386.9
2020-03-27 07:10:00,378.0
2020-03-27 07:11:00,397.0
2020-03-27 07:12:00,412.8
2020-03-27 07:13:00,417.0
2020-03-27 07:14:00,401.9
2020-03-27 07:15:00,400.0
2020-03-27 07:16:00,373.0
2020-03-27 07:17:00,365.8
2020-03-27 07:18:00,363.0
2020-03-27 07:19:00,348.9
2020-03-27 07:20:00,326.0
2020-03-27 07:21:00,330.9
2020-03-27 07:22:00,336.6
2020-03-27 07:23:00,341.8
2020-03-27 07:24:00,345.7
2020-03-27 07:25:00,373.9
2020-03-27 07:26:00,364.0
2020-03-27 07:27:00,355.4
2020-03-27 07:28:00,352.0
2020-03-27 07:29:00,326.9
2020-03-27 07:30:00,307.0
2020-03-27 07:31:00,296.1
2020-03-27 07:32:00,308.9
2020-03-27 07:33:00,331.1
2020-03-27 07:34:00,330.0
2020-03-27 07:35:00,321.1
2020-03-27 07:36:00,318.1
2020-03-27 07:37:00,326.0
2020-03-27 07:38:00,348.1
2020-03-27 07:39:00,356.0
2020-03-27 07:40:00,339.1
2020-03-27 07:41:00,338.48
2020-03-27 07:42:00,350.85
2020-03-27 07:43:00,355.88
2020-03-27 07:44:00,352.89
2020-03-27 07:45:00,333.49
2020-03-27 07:46:00,362.46
2020-03-27 07:47:00,396.76
2020-03-27 07:48:00,398.77
2020-03-27 07:49:00,395.76
2020-03-27 07:50:00,393.16
2020-03-27 07:51:00,407.23
2020-03-27 07:52:00,404.61
2020-03-27 07:53:00,424.15
2020-03-27 07:54:00,432.71
2020-03-27 07:55:00,398.41
2020-03-27 07:56:00,385.95
2020-03-27 07:57:00,389.72
2020-03-27 07:58:00,380.83
2020-03-27 07:59:00,356.5
2020-03-27 08:00:00,360.6
2020-03-27 08:01:00,355.5
2020-03-27 08:02:00,370.1
2020-03-27 08:03:00,354.2
2020-03-27 08:04:00,349.6
2020-03-27 08:05:00,334.5
2020-03-27 08:06:00,348.6
2020-03-27 08:07:00,362.3
2020-03-27 08:08:00,355.1
2020-03-27 08:09:00,357.2
2020-03-27 08:10:00,360.9
2020-03-27 08:11:00,332.8
2020-03-27 08:12:00,312.3
2020-03-27 08:13:00,301.0
2020-03-27 08:14:00,318.1
2020-03-27 08:15:00,324.4
2020-03-27 08:16:00,338.4
2020-03-27 08:17:00,361.7
2020-03-27 08:18:00,363.9
2020-03-27 08:19:00,329.7
2020-03-27 08:20:00,321.8
2020-03-27 08:21:00,336.7
2020-03-27 08:22:00,327.9
2020-03-27 08:23:00,336.7
2020-03-27 08:24:00,336.1
2020-03-27 08:25:00,380.8
2020-03-27 08:26:00,379.7
2020-03-27 08:27:00,381.7
2020-03-27 08:28:00,398.9
2020-03-27 08:29:00,395.5
2020-03-27 08:30:00,389.6
2020-03-27 08:31:00,377.0
2020-03-27 08:32:00,343.0
2020-03-27 08:33:00,333.7
2020-03-27 08:34:00,350.4
2020-03-27 08:35:00,348.3
2020-03-27 08:36:00,346.3
2020-03-27 08:37:00,361.6
2020-03-27 08:38:00,373.8
2020-03-27 08:39:00,357.4
2020-03-27 08:40:00,367.4
2020-03-27 08:41:00,380.9
2020-03-27 08:42:00,395.7
2020-03-27 08:43:00,392.5
2020-03-27 08:44:00,384.7
2020-03-27 08:45:00,395.9
2020-03-27 08:46:00,360.3
2020-03-27 08:47:00,369.4
2020-03-27 08:48:00,361.8
2020-03-27 08:49:00,354.5
2020-03-27 08:50:00,352.0
2020-03-27 08:51:00,346.8
2020-03-27 08:52:00,349.1
2020-03-27 08:53:00,353.1
2020-03-27 08:54:00,361.9
2020-03-27 08:55:00,362.1
2020-03-27 08:56:00,356.9
2020-03-27 08:57:00,390.5
2020-03-27 08:58:00,395.1
2020-03-27 08:59:00,401.7
2020-03-27 09:00:00,386.0
2020-03-27 09:01:00,376.9
2020-03-27 09:02:00,399.4
2020-03-27 09:03:00,400.1
2020-03-27 09:04:00,376.2
2020-03-27 09:05:00,372.7
2020-03-27 09:06:00,385.9
2020-03-27 09:07:00,366.0
2020-03-27 09:08:00,357.3
2020-03-27 09:09:00,344.8
2020-03-27 09:10:00,338.1
2020-03-27 09:11:00,328.9
2020-03-27 09:12:00,337.8
2020-03-27 09:13:00,345.9
2020-03-27 09:14:00,345.7
2020-03-27 09:15:00,343.5
2020-03-27 09:16:00,374.3
2020-03-27 09:17:00,378.9
2020-03-27 09:18:00,378.4
2020-03-27 09:19:00,368.1
2020-03-27 09:20:00,365.5
2020-03-27 09:21:00,355.5
2020-03-27 09:22:00,361.3
2020-03-27 09:23:00,378.7
2020-03-27 09:24:00,378.1
2020-03-27 09:25:00,384.7
2020-03-27 09:26:00,410.8
2020-03-27 09:27:00,406.9
2020-03-27 09:28:00,385.8
2020-03-27 09:29:00,391.3
2020-03-27 09:30:00,380.2
2020-03-27 09:31:00,391.9
2020-03-27 09:32:00,396.2
2020-03-27 09:33:00,392.0
2020-03-27 09:34:00,399.2
2020-03-27 09:35:00,423.3
2020-03-27 09:36:00,384.4
2020-03-27 09:37:00,369.9
2020-03-27 09:38:00,367.1
2020-03-27 09:39:00,369.8
2020-03-27 09:40:00,365.8
2020-03-27 09:41:00,368.1
2020-03-27 09:42:00,349.3
2020-03-27 09:43:00,349.3
2020-03-27 09:44:00,341.0
2020-03-27 09:45:00,325.9
2020-03-27 09:46:00,346.0
2020-03-27 09:47:00,364.9
2020-03-27 09:48:00,359.0
2020-03-27 09:49:00,361.7
2020-03-27 09:50:00,361.6
2020-03-27 09:51:00,346.7
2020-03-27 09:52:00,333.7
2020-03-27 09:53:00,337.2
2020-03-27 09:54:00,339.4
2020-03-27 09:55:00,324.2
2020-03-27 09:56:00,331.0
2020-03-27 09:57:00,340.6
2020-03-27 09:58:00,368.2
2020-03-27 09:59:00,356.5
2020-03-27 10:00:00,340.1
2020-03-27 10:01:00,345.0
2020-03-27 10:02:00,344.1
2020-03-27 10:03:00,338.8
2020-03-27 10:04:00,356.8
2020-03-27 10:05:00,387.3
2020-03-27 10:06:00,408.2
2020-03-27 10:07:00,394.5
2020-03-27 10:08:00,389.7
2020-03-27 10:09:00,390.4
2020-03-27 10:10:00,386.7
2020-03-27 10:11:00,366.0
2020-03-27 10:12:00,354.1
2020-03-27 10:13:00,376.7
2020-03-27 10:14:00,382.6
2020-03-27 10:15:00,381.3
2020-03-27 10:16:00,360.0
2020-03-27 10:17:00,365.1
2020-03-27 10:18:00,358.1
2020-03-27 10:19:00,367.1
2020-03-27 10:20:00,395.6
2020-03-27 10:21:00,390.2
2020-03-27 10:22:00,386.7
2020-03-27 10:23:00,388.2
2020-03-27 10:24:00,371.9
2020-03-27 10:25:00,352.0
2020-03-27 10:26:00,343.9
2020-03-27 10:27:00,356.7
2020-03-27 10:28:00,368.0
2020-03-27 10:29:00,354.2
2020-03-27 10:30:00,342.7
2020-03-27 10:31:00,345.4
2020-03-27 10:32:00,326.3
2020-03-27 10:33:00,331.2
2020-03-27 10:34:00,335.0
2020-03-27 10:35:00,337.0
2020-03-27 10:36:00,327.4
2020-03-27 10:37:00,326.9
2020-03-27 10:38:00,334.4
2020-03-27 10:39:00,369.6
2020-03-27 10:40:00,389.0
2020-03-27 10:41:00,387.2
2020-03-27 10:42:00,367.5
2020-03-27 10:43:00,382.9
2020-03-27 10:44:00,380.3
2020-03-27 10:45:00,368.7
2020-03-27 10:46:00,364.7
2020-03-27 10:47:00,362.5
2020-03-27 10:48:00,359.0
2020-03-27 10:49:00,347.4
2020-03-27 10:50:00,335.3
2020-03-27 10:51:00,342.0
2020-03-27 10:52:00,338.5
2020-03-27 10:53:00,343.0
2020-03-27 10:54:00,363.7
2020-03-27 10:55:00,369.2
2020-03-27 10:56:00,355.9
2020-03-27 10:57:00,353.7
2020-03-27 10:58:00,353.5
2020-03-27 10:59:00,358.5
2020-03-27 11:00:00,365.6
2020-03-27 11:01:00,359.1
2020-03-27 11:02:00,348.4
2020-03-27 11:03:00,343.5
2020-03-27 11:04:00,349.0
2020-03-27 11:05:00,339.0
2020-03-27 11:06:00,311.0
2020-03-27 11:07:00,321.0
2020-03-27 11:08:00,337.0
2020-03-27 11:09:00,355.0
2020-03-27 11:10:00,345.0
2020-03-27 11:11:00,346.0
2020-03-27 11:12:00,360.0
2020-03-27 11:13:00,362.0
2020-03-27 11:14:00,390.0
2020-03-27 11:15:00,396.0
2020-03-27 11:16:00,374.0
2020-03-27 11:17:00,361.0
2020-03-27 11:18:00,345.0
2020-03-27 11:19:00,356.0
2020-03-27 11:20:00,366.0
2020-03-27 11:21:00,337.0
2020-03-27 11:22:00,323.0
2020-03-27 11:23:00,323.0
2020-03-27 11:24:00,336.0
2020-03-27 11:25:00,338.0
2020-03-27 11:26:00,338.0
2020-03-27 11:27:00,355.0
2020-03-27 11:28:00,377.0
2020-03-27 11:29:00,385.0
2020-03-27 11:30:00,384.0
2020-03-27 11:31:00,387.0
2020-03-27 11:32:00,381.0
2020-03-27 11:33:00,365.0
2020-03-27 11:34:00,378.0
2020-03-27 11:35:00,363.5
2020-03-27 11:36:00,339.0
2020-03-27 11:37:00,337.0
2020-03-27 11:38:00,345.0
2020-03-27 11:39:00,341.0
2020-03-27 11:40:00,325.0
2020-03-27 11:41:00,337.0
2020-03-27 11:42:00,344.0
2020-03-27 11:43:00,350.0
2020-03-27 11:44:00,356.0
2020-03-27 11:45:00,354.0
2020-03-27 11:46:00,358.0
2020-03-27 11:47:00,351.0
2020-03-27 11:48:00,336.0
2020-03-27 11:49:00,343.0
2020-03-27 11:50:00,339.0
2020-03-27 11:51:00,340.0
2020-03-27 11:52:00,329.0
2020-03-27 11:53:00,328.0
2020-03-27 11:54:00,342.0
2020-03-27 11:55:00,350.0
2020-03-27 11:56:00,346.0
2020-03-27 11:57:00,342.0
2020-03-27 11:58:00,323.0
2020-03-27 11:59:00,317.0
2020-03-27 12:00:00,302.0
2020-03-27 12:01:00,329.0
2020-03-27 12:02:00,360.0
2020-03-27 12:03:00,365.0
2020-03-27 12:04:00,382.0
2020-03-27 12:05:00,382.0
2020-03-27 12:06:00,361.0
2020-03-27 12:07:00,322.0
2020-03-27 12:08:00,310.0
2020-03-27 12:09:00,307.0
2020-03-27 12:10:00,323.0
2020-03-27 12:11:00,335.0
2020-03-27 12:12:00,332.0
2020-03-27 12:13:00,348.0
2020-03-27 12:14:00,362.0
2020-03-27 12:15:00,347.0
2020-03-27 12:16:00,329.0
2020-03-27 12:17:00,320.0
2020-03-27 12:18:00,316.0
2020-03-27 12:19:00,313.0
2020-03-27 12:20:00,312.0
2020-03-27 12:21:00,328.0
2020-03-27 12:22:00,338.0
2020-03-27 12:23:00,341.0
2020-03-27 12:24:00,365.0
2020-03-27 12:25:00,368.0
2020-03-27 12:26:00,362.0
2020-03-27 12:27:00,342.0
2020-03-27 12:28:00,331.0
2020-03-27 12:29:00,327.0
2020-03-27 12:30:00,328.0
2020-03-27 12:31:00,334.0
2020-03-27 12:32:00,321.0
2020-03-27 12:33:00,314.0
2020-03-27 12:34:00,328.0
2020-03-27 12:35:00,349.0
2020-03-27 12:36:00,338.0
2020-03-27 12:37:00,329.0
2020-03-27 12:38:00,334.0
2020-03-27 12:39:00,323.0
2020-03-27 12:40:00,312.0
2020-03-27 12:41:00,333.0
2020-03-27 12:42:00,346.0
2020-03-27 12:43:00,344.0
2020-03-27 12:44:00,333.0
2020-03-27 12:45:00,332.0
2020-03-27 12:46:00,345.0
2020-03-27 12:47:00,355.0
2020-03-27 12:48:00,336.0
2020-03-27 12:49:00,332.0
2020-03-27 12:50:00,322.0
2020-03-27 12:51:00,317.0
2020-03-27 12:52:00,339.0
2020-03-27 12:53:00,336.0
2020-03-27 12:54:00,340.0
2020-03-27 12:55:00,326.0
2020-03-27 12:56:00,317.0
2020-03-27 12:57:00,322.0
2020-03-27 12:58:00,322.0
2020-03-27 12:59:00,339.0
2020-03-27 13:00:00,335.0
2020-03-27 13:01:00,313.0
2020-03-27 13:02:00,321.0
2020-03-27 13:03:00,333.0
2020-03-27 13:04:00,335.0
2020-03-27 13:05:00,328.0
2020-03-27 13:06:00,330.0
2020-03-27 13:07:00,355.0
2020-03-27 13:08:00,371.0
2020-03-27 13:09:00,360.0
2020-03-27 13:10:00,362.0
2020-03-27 13:11:00,360.0
2020-03-27 13:12:00,358.0
2020-03-27 13:13:00,332.0
2020-03-27 13:14:00,325.0
2020-03-27 13:15:00,318.0
2020-03-27 13:16:00,328.0
2020-03-27 13:17:00,347.0
2020-03-27 13:18:00,358.0
2020-03-27 13:19:00,354.0
2020-03-27 13:20:00,377.0
2020-03-27 13:21:00,377.0
2020-03-27 13:22:00,351.0
2020-03-27 13:23:00,330.0
2020-03-27 13:24:00,316.0
2020-03-27 13:25:00,326.0
2020-03-27 13:26:00,364.0
2020-03-27 13:27:00,369.0
2020-03-27 13:28:00,368.0
2020-03-27 13:29:00,375.0
2020-03-27 13:30:00,370.0
2020-03-27 13:31:00,366.0
2020-03-27 13:32:00,342.4
2020-03-27 13:33:00,337.0
2020-03-27 13:34:00,333.0
2020-03-27 13:35:00,324.0
2020-03-27 13:36:00,330.0
2020-03-27 13:37:00,329.0
2020-03-27 13:38:00,319.0
2020-03-27 13:39:00,305.0
2020-03-27 13:40:00,318.0
2020-03-27 13:41:00,315.0
2020-03-27 13:42:00,320.0
2020-03-27 13:43:00,334.0
2020-03-27 13:44:00,343.0
2020-03-27 13:45:00,338.0
2020-03-27 13:46:00,317.0
2020-03-27 13:47:00,310.0
2020-03-27 13:48:00,309.0
2020-03-27 13:49:00,318.0
2020-03-27 13:50:00,320.2
2020-03-27 13:51:00,327.2
2020-03-27 13:52:00,339.4
2020-03-27 13:53:00,336.5
2020-03-27 13:54:00,322.2
2020-03-27 13:55:00,305.2
2020-03-27 13:56:00,310.7
2020-03-27 13:57:00,316.6
2020-03-27 13:58:00,317.5
2020-03-27 13:59:00,312.0
2020-03-27 14:00:00,321.8
2020-03-27 14:01:00,315.6
2020-03-27 14:02:00,324.1
2020-03-27 14:03:00,311.5
2020-03-27 14:04:00,301.8
2020-03-27 14:05:00,295.4
2020-03-27 14:06:00,302.7
2020-03-27 14:07:00,297.0
2020-03-27 14:08:00,311.0
2020-03-27 14:09:00,347.0
2020-03-27 14:10:00,358.0
2020-03-27 14:11:00,343.4
2020-03-27 14:12:00,335.7
2020-03-27 14:13:00,359.9
2020-03-27 14:14:00,358.1
2020-03-27 14:15:00,349.3
2020-03-27 14:16:00,347.6
2020-03-27 14:17:00,373.7
2020-03-27 14:18:00,367.0
2020-03-27 14:19:00,340.0
2020-03-27 14:20:00,319.0
2020-03-27 14:21:00,283.0
2020-03-27 14:22:00,291.0
2020-03-27 14:23:00,299.0
2020-03-27 14:24:00,313.0
2020-03-27 14:25:00,324.0
2020-03-27 14:26:00,342.0
2020-03-27 14:27:00,338.0
2020-03-27 14:28:00,323.0
2020-03-27 14:29:00,324.0
2020-03-27 14:30:00,308.0
2020-03-27 14:31:00,299.7
2020-03-27 14:32:00,304.4
2020-03-27 14:33:00,301.0
2020-03-27 14:34:00,314.0
2020-03-27 14:35:00,325.0
2020-03-27 14:36:00,332.0
2020-03-27 14:37:00,331.0
2020-03-27 14:38:00,338.0
2020-03-27 14:39:00,351.4
2020-03-27 14:40:00,334.5
2020-03-27 14:41:00,325.0
2020-03-27 14:42:00,314.7
2020-03-27 14:43:00,335.4
2020-03-27 14:44:00,337.1
2020-03-27 14:45:00,321.4
2020-03-27 14:46:00,319.4
2020-03-27 14:47:00,334.1
2020-03-27 14:48:00,325.0
2020-03-27 14:49:00,331.0
2020-03-27 14:50:00,323.0
2020-03-27 14:51:00,302.0
2020-03-27 14:52:00,305.0
2020-03-27 14:53:00,315.6
2020-03-27 14:54:00,305.5
2020-03-27 14:55:00,341.1
2020-03-27 14:56:00,341.5
2020-03-27 14:57:00,361.2
2020-03-27 14:58:00,378.7
2020-03-27 14:59:00,395.1
2020-03-27 15:00:00,360.5
2020-03-27 15:01:00,363.1
2020-03-27 15:02:00,345.9
2020-03-27 15:03:00,328.0
2020-03-27 15:04:00,325.5
2020-03-27 15:05:00,330.5
2020-03-27 15:06:00,321.7
2020-03-27 15:07:00,316.0
2020-03-27 15:08:00,316.5
2020-03-27 15:09:00,352.5
2020-03-27 15:10:00,354.3
2020-03-27 15:11:00,346.7
2020-03-27 15:12:00,354.6
2020-03-27 15:13:00,338.3
2020-03-27 15:14:00,337.8
2020-03-27 15:15:00,348.4
2020-03-27 15:16:00,337.3
2020-03-27 15:17:00,305.6
2020-03-27 15:18:00,304.5
2020-03-27 15:19:00,328.0
2020-03-27 15:20:00,336.0
2020-03-27 15:21:00,341.0
2020-03-27 15:22:00,354.7
2020-03-27 15:23:00,355.4
2020-03-27 15:24:00,329.1
2020-03-27 15:25:00,333.7
2020-03-27 15:26:00,334.9
2020-03-27 15:27:00,328.9
2020-03-27 15:28:00,329.2
2020-03-27 15:29:00,342.2
2020-03-27 15:30:00,371.2
2020-03-27 15:31:00,362.0
2020-03-27 15:32:00,361.9
2020-03-27 15:33:00,360.9
2020-03-27 15:34:00,402.5
2020-03-27 15:35:00,370.0
2020-03-27 15:36:00,354.9
2020-03-27 15:37:00,364.5
2020-03-27 15:38:00,353.8
2020-03-27 15:39:00,370.7
2020-03-27 15:40:00,339.6
2020-03-27 15:41:00,334.7
2020-03-27 15:42:00,341.8
2020-03-27 15:43:00,333.7
2020-03-27 15:44:00,338.1
2020-03-27 15:45:00,331.0
2020-03-27 15:46:00,324.7
2020-03-27 15:47:00,295.0
2020-03-27 15:48:00,292.1
2020-03-27 15:49:00,305.1
2020-03-27 15:50:00,312.9
2020-03-27 15:51:00,319.4
2020-03-27 15:52:00,328.0
2020-03-27 15:53:00,357.4
2020-03-27 15:54:00,375.6
2020-03-27 15:55:00,370.6
2020-03-27 15:56:00,353.3
2020-03-27 15:57:00,340.5
2020-03-27 15:58:00,337.9
2020-03-27 15:59:00,363.2
2020-03-27 16:00:00,379.4
2020-03-27 16:01:00,380.5
2020-03-27 16:02:00,344.8
2020-03-27 16:03:00,327.8
2020-03-27 16:04:00,331.1
2020-03-27 16:05:00,345.5
2020-03-27 16:06:00,341.8
2020-03-27 16:07:00,343.6
2020-03-27 16:08:00,350.4
2020-03-27 16:09:00,364.6
2020-03-27 16:10:00,360.7
2020-03-27 16:11:00,340.8
2020-03-27 16:12:00,314.8
2020-03-27 16:13:00,311.8
2020-03-27 16:14:00,349.0
2020-03-27 16:15:00,350.0
2020-03-27 16:16:00,374.0
2020-03-27 16:17:00,389.0
2020-03-27 16:18:00,401.0
2020-03-27 16:19:00,377.0
2020-03-27 16:20:00,334.0
2020-03-27 16:21:00,330.0
2020-03-27 16:22:00,311.0
2020-03-27 16:23:00,309.0
2020-03-27 16:24:00,328.0
2020-03-27 16:25:00,337.0
2020-03-27 16:26:00,324.0
2020-03-27 16:27:00,328.0
2020-03-27 16:28:00,319.0
2020-03-27 16:29:00,323.5
2020-03-27 16:30:00,327.3
2020-03-27 16:31:00,346.7
2020-03-27 16:32:00,342.1
2020-03-27 16:33:00,323.3
2020-03-27 16:34:00,322.1
2020-03-27 16:35:00,305.8
2020-03-27 16:36:00,314.3
2020-03-27 16:37:00,325.7
2020-03-27 16:38:00,344.3
2020-03-27 16:39:00,364.2
2020-03-27 16:40:00,371.8
2020-03-27 16:41:00,342.0
2020-03-27 16:42:00,318.4
2020-03-27 16:43:00,325.4
2020-03-27 16:44:00,334.7
2020-03-27 16:45:00,333.6
2020-03-27 16:46:00,360.3
2020-03-27 16:47:00,361.2
2020-03-27 16:48:00,403.1
2020-03-27 16:49:00,400.7
2020-03-27 16:50:00,386.1
2020-03-27 16:51:00,382.1
2020-03-27 16:52:00,369.3
2020-03-27 16:53:00,365.7
2020-03-27 16:54:00,353.5
2020-03-27 16:55:00,331.2
2020-03-27 16:56:00,327.5
2020-03-27 16:57:00,354.5
2020-03-27 16:58:00,357.7
2020-03-27 16:59:00,354.3
2020-03-27 17:00:00,338.6
2020-03-27 17:01:00,324.9
2020-03-27 17:02:00,329.7
2020-03-27 17:03:00,331.4
2020-03-27 17:04:00,335.2
2020-03-27 17:05:00,353.6
2020-03-27 17:06:00,351.5
2020-03-27 17:07:00,331.1
2020-03-27 17:08:00,339.4
2020-03-27 17:09:00,321.9
2020-03-27 17:10:00,321.2
2020-03-27 17:11:00,335.3
2020-03-27 17:12:00,368.8
2020-03-27 17:13:00,366.8
2020-03-27 17:14:00,343.9
2020-03-27 17:15:00,352.0
2020-03-27 17:16:00,333.1
2020-03-27 17:17:00,324.2
2020-03-27 17:18:00,324.9
2020-03-27 17:19:00,329.4
2020-03-27 17:20:00,322.7
2020-03-27 17:21:00,324.8
2020-03-27 17:22:00,382.1
2020-03-27 17:23:00,392.3
2020-03-27 17:24:00,399.4
2020-03-27 17:25:00,390.0
2020-03-27 17:26:00,396.7
2020-03-27 17:27:00,396.1
2020-03-27 17:28:00,387.4
2020-03-27 17:29:00,348.7
2020-03-27 17:30:00,398.3
2020-03-27 17:31:00,402.42
2020-03-27 17:32:00,400.91
2020-03-27 17:33:00,375.22
2020-03-27 17:34:00,353.611
2020-03-27 17:35:00,336.33
2020-03-27 17:36:00,348.9
2020-03-27 17:37:00,365.8
2020-03-27 17:38:00,354.37
2020-03-27 17:39:00,336.8
2020-03-27 17:40:00,323.95
2020-03-27 17:41:00,340.126
2020-03-27 17:42:00,330.87
2020-03-27 17:43:00,349.53
2020-03-27 17:44:00,349.39
2020-03-27 17:45:00,377.7
2020-03-27 17:46:00,380.3
2020-03-27 17:47:00,371.1
2020-03-27 17:48:00,324.9
2020-03-27 17:49:00,320.9
2020-03-27 17:50:00,308.8
2020-03-27 17:51:00,332.0
2020-03-27 17:52:00,330.8
2020-03-27 17:53:00,329.8
2020-03-27 17:54:00,357.8
2020-03-27 17:55:00,373.0
2020-03-27 17:56:00,376.8
2020-03-27 17:57:00,381.8
2020-03-27 17:58:00,388.6
2020-03-27 17:59:00,405.7
2020-03-27 18:00:00,330.7
2020-03-27 18:01:00,325.7
2020-03-27 18:02:00,316.9
2020-03-27 18:03:00,291.9
2020-03-27 18:04:00,301.9
2020-03-27 18:05:00,317.8
2020-03-27 18:06:00,322.7
2020-03-27 18:07:00,342.0
2020-03-27 18:08:00,360.9
2020-03-27 18:09:00,353.8
2020-03-27 18:10:00,319.8
2020-03-27 18:11:00,321.8
2020-03-27 18:12:00,335.0
2020-03-27 18:13:00,331.9
2020-03-27 18:14:00,327.8
2020-03-27 18:15:00,341.8
2020-03-27 18:16:00,368.9
2020-03-27 18:17:00,374.0
2020-03-27 18:18:00,341.9
2020-03-27 18:19:00,336.8
2020-03-27 18:20:00,326.8
2020-03-27 18:21:00,321.9
2020-03-27 18:22:00,330.0
2020-03-27 18:23:00,336.9
2020-03-27 18:24:00,352.8
2020-03-27 18:25:00,333.8
2020-03-27 18:26:00,347.0
2020-03-27 18:27:00,349.8
2020-03-27 18:28:00,343.0
2020-03-27 18:29:00,334.8
2020-03-27 18:30:00,332.8
2020-03-27 18:31:00,343.0
2020-03-27 18:32:00,314.0
2020-03-27 18:33:00,287.9
2020-03-27 18:34:00,294.9
2020-03-27 18:35:00,310.6
2020-03-27 18:36:00,346.8
2020-03-27 18:37:00,379.8
2020-03-27 18:38:00,373.7
2020-03-27 18:39:00,348.9
2020-03-27 18:40:00,353.7
2020-03-27 18:41:00,340.9
2020-03-27 18:42:00,331.0
2020-03-27 18:43:00,332.0
2020-03-27 18:44:00,339.8
2020-03-27 18:45:00,336.8
2020-03-27 18:46:00,345.8
2020-03-27 18:47:00,346.9
2020-03-27 18:48:00,344.0
2020-03-27 18:49:00,351.0
2020-03-27 18:50:00,351.8
2020-03-27 18:51:00,333.9
2020-03-27 18:52:00,325.8
2020-03-27 18:53:00,336.9
2020-03-27 18:54:00,339.0
2020-03-27 18:55:00,332.9
2020-03-27 18:56:00,327.0
2020-03-27 18:57:00,323.9
2020-03-27 18:58:00,357.8
2020-03-27 18:59:00,366.9
2020-03-27 19:00:00,365.9
2020-03-27 19:01:00,351.0
2020-03-27 19:02:00,337.0
2020-03-27 19:03:00,305.9
2020-03-27 19:04:00,297.8
2020-03-27 19:05:00,303.9
2020-03-27 19:06:00,319.9
2020-03-27 19:07:00,335.0
2020-03-27 19:08:00,315.0
2020-03-27 19:09:00,307.0
2020-03-27 19:10:00,288.8
2020-03-27 19:11:00,288.0
2020-03-27 19:12:00,307.0
2020-03-27 19:13:00,319.0
2020-03-27 19:14:00,338.4
2020-03-27 19:15:00,345.5
2020-03-27 19:16:00,320.7
2020-03-27 19:17:00,283.4
2020-03-27 19:18:00,292.2
2020-03-27 19:19:00,290.2
2020-03-27 19:20:00,316.2
2020-03-27 19:21:00,310.3
2020-03-27 19:22:00,303.4
2020-03-27 19:23:00,301.4
2020-03-27 19:24:00,279.4
2020-03-27 19:25:00,279.4
2020-03-27 19:26:00,282.4
2020-03-27 19:27:00,276.4
2020-03-27 19:28:00,299.4
2020-03-27 19:29:00,305.4
2020-03-27 19:30:00,300.4
2020-03-27 19:31:00,307.4
2020-03-27 19:32:00,310.4
2020-03-27 19:33:00,291.4
2020-03-27 19:34:00,294.4
2020-03-27 19:35:00,300.4
2020-03-27 19:36:00,302.4
2020-03-27 19:37:00,281.4
2020-03-27 19:38:00,268.4
2020-03-27 19:39:00,252.4
2020-03-27 19:40:00,255.4
2020-03-27 19:41:00,266.4
2020-03-27 19:42:00,292.4
2020-03-27 19:43:00,304.4
2020-03-27 19:44:00,325.4
2020-03-27 19:45:00,325.4
2020-03-27 19:46:00,292.4
2020-03-27 19:47:00,288.4
2020-03-27 19:48:00,312.4
2020-03-27 19:49:00,333.4
2020-03-27 19:50:00,333.4
2020-03-27 19:51:00,297.4
2020-03-27 19:52:00,282.4
2020-03-27 19:53:00,278.4
2020-03-27 19:54:00,275.4
2020-03-27 19:55:00,274.4
2020-03-27 19:56:00,278.4
2020-03-27 19:57:00,283.4
2020-03-27 19:58:00,293.4
2020-03-27 19:59:00,285.4
2020-03-27 20:00:00,281.2
2020-03-27 20:01:00,288.2
2020-03-27 20:02:00,290.2
2020-03-27 20:03:00,292.2
2020-03-27 20:04:00,294.4
2020-03-27 20:05:00,320.4
2020-03-27 20:06:00,323.4
2020-03-27 20:07:00,305.4
2020-03-27 20:08:00,274.4
2020-03-27 20:09:00,255.4
2020-03-27 20:10:00,260.4
2020-03-27 20:11:00,252.4
2020-03-27 20:12:00,270.4
2020-03-27 20:13:00,293.4
2020-03-27 20:14:00,296.4
2020-03-27 20:15:00,289.4
2020-03-27 20:16:00,279.4
2020-03-27 20:17:00,282.4
2020-03-27 20:18:00,277.4
2020-03-27 20:19:00,295.4
2020-03-27 20:20:00,298.4
2020-03-27 20:21:00,304.4
2020-03-27 20:22:00,314.4
2020-03-27 20:23:00,328.4
2020-03-27 20:24:00,325.4
2020-03-27 20:25:00,323.4
2020-03-27 20:26:00,316.4
2020-03-27 20:27:00,320.4
2020-03-27 20:28:00,325.4
2020-03-27 20:29:00,315.4
2020-03-27 20:30:00,324.4
2020-03-27 20:31:00,317.4
2020-03-27 20:32:00,310.4
2020-03-27 20:33:00,303.4
2020-03-27 20:34:00,307.4
2020-03-27 20:35:00,301.4
2020-03-27 20:36:00,299.4
2020-03-27 20:37:00,288.4
2020-03-27 20:38:00,277.4
2020-03-27 20:39:00,281.4
2020-03-27 20:40:00,280.2
2020-03-27 20:41:00,285.2
2020-03-27 20:42:00,259.2
2020-03-27 20:43:00,266.2
2020-03-27 20:44:00,276.3
2020-03-27 20:45:00,282.4
2020-03-27 20:46:00,311.4
2020-03-27 20:47:00,330.4
2020-03-27 20:48:00,349.4
2020-03-27 20:49:00,325.4
2020-03-27 20:50:00,278.4
2020-03-27 20:51:00,260.4
2020-03-27 20:52:00,269.4
2020-03-27 20:53:00,283.4
2020-03-27 20:54:00,309.4
2020-03-27 20:55:00,326.4
2020-03-27 20:56:00,324.4
2020-03-27 20:57:00,322.4
2020-03-27 20:58:00,335.4
2020-03-27 20:59:00,346.4
2020-03-27 21:00:00,318.4
2020-03-27 21:01:00,310.4
2020-03-27 21:02:00,315.4
2020-03-27 21:03:00,334.4
2020-03-27 21:04:00,319.4
2020-03-27 21:05:00,322.4
2020-03-27 21:06:00,296.4
2020-03-27 21:07:00,332.4
2020-03-27 21:08:00,328.4
2020-03-27 21:09:00,322.4
2020-03-27 21:10:00,305.4
2020-03-27 21:11:00,286.4
2020-03-27 21:12:00,281.4
2020-03-27 21:13:00,275.4
2020-03-27 21:14:00,280.4
2020-03-27 21:15:00,283.4
2020-03-27 21:16:00,275.4
2020-03-27 21:17:00,262.4
2020-03-27 21:18:00,273.4
2020-03-27 21:19:00,308.4
2020-03-27 21:20:00,302.4
2020-03-27 21:21:00,280.2
2020-03-27 21:22:00,274.2
2020-03-27 21:23:00,285.2
2020-03-27 21:24:00,315.2
2020-03-27 21:25:00,312.3
2020-03-27 21:26:00,304.4
2020-03-27 21:27:00,295.4
2020-03-27 21:28:00,304.3
2020-03-27 21:29:00,309.3
2020-03-27 21:30:00,300.3
2020-03-27 21:31:00,313.4
2020-03-27 21:32:00,318.4
2020-03-27 21:33:00,317.4
2020-03-27 21:34:00,321.4
2020-03-27 21:35:00,306.4
2020-03-27 21:36:00,293.4
2020-03-27 21:37:00,299.4
2020-03-27 21:38:00,289.4
2020-03-27 21:39:00,289.4
2020-03-27 21:40:00,310.4
2020-03-27 21:41:00,331.4
2020-03-27 21:42:00,314.4
2020-03-27 21:43:00,304.4
2020-03-27 21:44:00,310.4
2020-03-27 21:45:00,310.4
2020-03-27 21:46:00,321.4
2020-03-27 21:47:00,293.4
2020-03-27 21:48:00,294.4
2020-03-27 21:49:00,291.4
2020-03-27 21:50:00,303.4
2020-03-27 21:51:00,298.4
2020-03-27 21:52:00,300.4
2020-03-27 21:53:00,289.4
2020-03-27 21:54:00,282.4
2020-03-27 21:55:00,281.4
2020-03-27 21:56:00,280.4
2020-03-27 21:57:00,276.4
2020-03-27 21:58:00,282.4
2020-03-27 21:59:00,256.4
2020-03-27 22:00:00,267.4
2020-03-27 22:01:00,264.4
2020-03-27 22:02:00,259.4
2020-03-27 22:03:00,247.3
2020-03-27 22:04:00,261.2
2020-03-27 22:05:00,280.2
2020-03-27 22:06:00,294.2
2020-03-27 22:07:00,299.2
2020-03-27 22:08:00,306.4
2020-03-27 22:09:00,315.4
2020-03-27 22:10:00,313.4
2020-03-27 22:11:00,319.4
2020-03-27 22:12:00,334.4
2020-03-27 22:13:00,345.4
2020-03-27 22:14:00,352.4
2020-03-27 22:15:00,339.4
2020-03-27 22:16:00,311.4
2020-03-27 22:17:00,328.4
2020-03-27 22:18:00,325.4
2020-03-27 22:19:00,327.4
2020-03-27 22:20:00,319.4
2020-03-27 22:21:00,331.4
2020-03-27 22:22:00,329.4
2020-03-27 22:23:00,307.4
2020-03-27 22:24:00,298.4
2020-03-27 22:25:00,291.4
2020-03-27 22:26:00,308.4
2020-03-27 22:27:00,303.4
2020-03-27 22:28:00,295.4
2020-03-27 22:29:00,296.4
2020-03-27 22:30:00,299.4
2020-03-27 22:31:00,296.4
2020-03-27 22:32:00,323.4
2020-03-27 22:33:00,325.4
2020-03-27 22:34:00,296.4
2020-03-27 22:35:00,292.4
2020-03-27 22:36:00,309.4
2020-03-27 22:37:00,298.3
2020-03-27 22:38:00,282.3
2020-03-27 22:39:00,271.3
2020-03-27 22:40:00,263.3
2020-03-27 22:41:00,270.3
2020-03-27 22:42:00,258.3
2020-03-27 22:43:00,264.3
2020-03-27 22:44:00,308.2
2020-03-27 22:45:00,329.1
2020-03-27 22:46:00,315.2
2020-03-27 22:47:00,289.1
2020-03-27 22:48:00,285.3
2020-03-27 22:49:00,290.4
2020-03-27 22:50:00,299.4
2020-03-27 22:51:00,323.3
2020-03-27 22:52:00,368.3
2020-03-27 22:53:00,382.3
2020-03-27 22:54:00,369.4
2020-03-27 22:55:00,344.4
2020-03-27 22:56:00,337.4
2020-03-27 22:57:00,313.4
2020-03-27 22:58:00,290.3
2020-03-27 22:59:00,283.3
2020-03-27 23:00:00,290.3
2020-03-27 23:01:00,290.3
2020-03-27 23:02:00,296.3
2020-03-27 23:03:00,293.4
2020-03-27 23:04:00,277.4
2020-03-27 23:05:00,298.4
2020-03-27 23:06:00,322.4
2020-03-27 23:07:00,327.4
2020-03-27 23:08:00,290.4
2020-03-27 23:09:00,265.4
2020-03-27 23:10:00,294.4
2020-03-27 23:11:00,311.4
2020-03-27 23:12:00,317.4
2020-03-27 23:13:00,306.4
2020-03-27 23:14:00,308.3
2020-03-27 23:15:00,298.3
2020-03-27 23:16:00,308.4
2020-03-27 23:17:00,306.4
2020-03-27 23:18:00,287.3
2020-03-27 23:19:00,286.4
2020-03-27 23:20:00,334.4
2020-03-27 23:21:00,337.4
2020-03-27 23:22:00,319.4
2020-03-27 23:23:00,306.2
2020-03-27 23:24:00,300.1
2020-03-27 23:25:00,308.1
2020-03-27 23:26:00,328.1
2020-03-27 23:27:00,335.3
2020-03-27 23:28:00,317.3
2020-03-27 23:29:00,299.3
2020-03-27 23:30:00,306.3
2020-03-27 23:31:00,311.3
2020-03-27 23:32:00,314.3
2020-03-27 23:33:00,322.3
2020-03-27 23:34:00,352.3
2020-03-27 23:35:00,351.3
2020-03-27 23:36:00,346.3
2020-03-27 23:37:00,331.3
2020-03-27 23:38:00,331.3
2020-03-27 23:39:00,345.3
2020-03-27 23:40:00,332.3
2020-03-27 23:41:00,323.3
2020-03-27 23:42:00,328.3
2020-03-27 23:43:00,320.3
2020-03-27 23:44:00,325.3
2020-03-27 23:45:00,330.3
2020-03-27 23:46:00,335.3
2020-03-27 23:47:00,314.3
2020-03-27 23:48:00,318.3
2020-03-27 23:49:00,326.3
2020-03-27 23:50:00,330.3
2020-03-27 23:51:00,300.3
2020-03-27 23:52:00,278.3
2020-03-27 23:53:00,295.3
2020-03-27 23:54:00,286.3
2020-03-27 23:55:00,300.3
2020-03-27 23:56:00,308.3
2020-03-27 23:57:00,305.3
2020-03-27 23:58:00,304.3
2020-03-27 23:59:00,297.3
2020-03-28 00:00:00,295.4
2020-03-28 00:01:00,306.4
2020-03-28 00:02:00,288.3
2020-03-28 00:03:00,305.2
2020-03-28 00:04:00,304.2
2020-03-28 00:05:00,315.2
2020-03-28 00:06:00,308.3
2020-03-28 00:07:00,301.4
2020-03-28 00:08:00,297.4
2020-03-28 00:09:00,304.3
2020-03-28 00:10:00,310.4
2020-03-28 00:11:00,317.4
2020-03-28 00:12:00,323.4
2020-03-28 00:13:00,306.4
2020-03-28 00:14:00,313.4
2020-03-28 00:15:00,318.4
2020-03-28 00:16:00,304.4
2020-03-28 00:17:00,321.4
2020-03-28 00:18:00,320.4
2020-03-28 00:19:00,330.4
2020-03-28 00:20:00,327.4
2020-03-28 00:21:00,304.4
2020-03-28 00:22:00,310.4
2020-03-28 00:23:00,302.4
2020-03-28 00:24:00,296.4
2020-03-28 00:25:00,288.4
2020-03-28 00:26:00,285.4
2020-03-28 00:27:00,303.4
2020-03-28 00:28:00,300.4
2020-03-28 00:29:00,304.4
2020-03-28 00:30:00,314.4
2020-03-28 00:31:00,322.4
2020-03-28 00:32:00,336.4
2020-03-28 00:33:00,317.4
2020-03-28 00:34:00,325.4
2020-03-28 00:35:00,313.4
2020-03-28 00:36:00,284.4
2020-03-28 00:37:00,286.4
2020-03-28 00:38:00,302.4
2020-03-28 00:39:00,318.4
2020-03-28 00:40:00,330.4
2020-03-28 00:41:00,310.4
2020-03-28 00:42:00,307.4
2020-03-28 00:43:00,334.3
2020-03-28 00:44:00,334.2
2020-03-28 00:45:00,323.2
2020-03-28 00:46:00,311.2
2020-03-28 00:47:00,310.2
2020-03-28 00:48:00,329.4
2020-03-28 00:49:00,354.4
2020-03-28 00:50:00,349.3
2020-03-28 00:51:00,335.3
2020-03-28 00:52:00,331.3
2020-03-28 00:53:00,351.4
2020-03-28 00:54:00,354.4
2020-03-28 00:55:00,337.4
2020-03-28 00:56:00,314.4
2020-03-28 00:57:00,327.4
2020-03-28 00:58:00,321.4
2020-03-28 00:59:00,330.4
2020-03-28 01:00:00,308.4
2020-03-28 01:01:00,274.4
2020-03-28 01:02:00,276.4
2020-03-28 01:03:00,271.4
2020-03-28 01:04:00,273.4
2020-03-28 01:05:00,288.4
2020-03-28 01:06:00,294.4
2020-03-28 01:07:00,332.4
2020-03-28 01:08:00,333.4
2020-03-28 01:09:00,319.4
2020-03-28 01:10:00,292.4
2020-03-28 01:11:00,339.4
2020-03-28 01:12:00,349.4
2020-03-28 01:13:00,348.4
2020-03-28 01:14:00,346.4
2020-03-28 01:15:00,331.4
2020-03-28 01:16:00,351.4
2020-03-28 01:17:00,355.4
2020-03-28 01:18:00,363.4
2020-03-28 01:19:00,371.4
2020-03-28 01:20:00,388.4
2020-03-28 01:21:00,351.4
2020-03-28 01:22:00,339.4
2020-03-28 01:23:00,337.4
2020-03-28 01:24:00,332.4
2020-03-28 01:25:00,337.4
2020-03-28 01:26:00,328.3
2020-03-28 01:27:00,337.2
2020-03-28 01:28:00,357.2
2020-03-28 01:29:00,351.2
2020-03-28 01:30:00,342.2
2020-03-28 01:31:00,345.4
2020-03-28 01:32:00,343.4
2020-03-28 01:33:00,341.3
2020-03-28 01:34:00,328.3
2020-03-28 01:35:00,311.3
2020-03-28 01:36:00,325.4
2020-03-28 01:37:00,334.4
2020-03-28 01:38:00,342.4
2020-03-28 01:39:00,328.4
2020-03-28 01:40:00,325.4
2020-03-28 01:41:00,326.4
2020-03-28 01:42:00,346.4
2020-03-28 01:43:00,337.4
2020-03-28 01:44:00,337.4
2020-03-28 01:45:00,364.4
2020-03-28 01:46:00,373.4
2020-03-28 01:47:00,363.4
2020-03-28 01:48:00,330.4
2020-03-28 01:49:00,329.4
2020-03-28 01:50:00,351.4
2020-03-28 01:51:00,319.4
2020-03-28 01:52:00,321.4
2020-03-28 01:53:00,338.4
2020-03-28 01:54:00,331.4
2020-03-28 01:55:00,325.4
2020-03-28 01:56:00,319.4
2020-03-28 01:57:00,296.4
2020-03-28 01:58:00,309.4
2020-03-28 01:59:00,329.4
2020-03-28 02:00:00,342.4
2020-03-28 02:01:00,347.4
2020-03-28 02:02:00,341.4
2020-03-28 02:03:00,354.4
2020-03-28 02:04:00,350.4
2020-03-28 02:05:00,329.4
2020-03-28 02:06:00,322.2
2020-03-28 02:07:00,311.2
2020-03-28 02:08:00,302.2
2020-03-28 02:09:00,315.2
2020-03-28 02:10:00,315.4
2020-03-28 02:11:00,321.4
2020-03-28 02:12:00,293.4
2020-03-28 02:13:00,296.4
2020-03-28 02:14:00,315.4
2020-03-28 02:15:00,326.4
2020-03-28 02:16:00,316.4
2020-03-28 02:17:00,326.4
2020-03-28 02:18:00,339.4
2020-03-28 02:19:00,344.4
2020-03-28 02:20:00,344.4
2020-03-28 02:21:00,324.4
2020-03-28 02:22:00,294.4
2020-03-28 02:23:00,290.4
2020-03-28 02:24:00,292.4
2020-03-28 02:25:00,307.4
2020-03-28 02:26:00,324.4
2020-03-28 02:27:00,323.4
2020-03-28 02:28:00,330.4
2020-03-28 02:29:00,337.4
2020-03-28 02:30:00,322.4
2020-03-28 02:31:00,310.4
2020-03-28 02:32:00,316.4
2020-03-28 02:33:00,339.4
2020-03-28 02:34:00,348.4
2020-03-28 02:35:00,337.4
2020-03-28 02:36:00,326.4
2020-03-28 02:37:00,338.4
2020-03-28 02:38:00,342.4
2020-03-28 02:39:00,328.4
2020-03-28 02:40:00,329.4
2020-03-28 02:41:00,334.3
2020-03-28 02:42:00,323.2
2020-03-28 02:43:00,322.2
2020-03-28 02:44:00,331.2
2020-03-28 02:45:00,314.3
2020-03-28 02:46:00,314.4
2020-03-28 02:47:00,304.4
2020-03-28 02:48:00,300.4
2020-03-28 02:49:00,310.4
2020-03-28 02:50:00,354.4
2020-03-28 02:51:00,348.4
2020-03-28 02:52:00,340.4
2020-03-28 02:53:00,306.4
2020-03-28 02:54:00,301.4
2020-03-28 02:55:00,286.4
2020-03-28 02:56:00,283.4
2020-03-28 02:57:00,287.4
2020-03-28 02:58:00,306.4
2020-03-28 02:59:00,330.4
2020-03-28 03:00:00,314.4
2020-03-28 03:01:00,350.4
2020-03-28 03:02:00,356.4
2020-03-28 03:03:00,368.4
2020-03-28 03:04:00,362.4
2020-03-28 03:05:00,358.4
2020-03-28 03:06:00,353.4
2020-03-28 03:07:00,347.4
2020-03-28 03:08:00,326.4
2020-03-28 03:09:00,347.4
2020-03-28 03:10:00,351.4
2020-03-28 03:11:00,345.4
2020-03-28 03:12:00,339.4
2020-03-28 03:13:00,348.4
2020-03-28 03:14:00,341.4
2020-03-28 03:15:00,339.2
2020-03-28 03:16:00,322.2
2020-03-28 03:17:00,336.2
2020-03-28 03:18:00,357.2
2020-03-28 03:19:00,346.4
2020-03-28 03:20:00,339.4
2020-03-28 03:21:00,328.4
2020-03-28 03:22:00,316.4
2020-03-28 03:23:00,313.4
2020-03-28 03:24:00,330.4
2020-03-28 03:25:00,356.4
2020-03-28 03:26:00,362.4
2020-03-28 03:27:00,353.4
2020-03-28 03:28:00,353.4
2020-03-28 03:29:00,332.4
2020-03-28 03:30:00,330.4
2020-03-28 03:31:00,325.4
2020-03-28 03:32:00,304.4
2020-03-28 03:33:00,298.4
2020-03-28 03:34:00,295.4
2020-03-28 03:35:00,304.4
2020-03-28 03:36:00,309.4
2020-03-28 03:37:00,328.4
2020-03-28 03:38:00,326.4
2020-03-28 03:39:00,325.4
2020-03-28 03:40:00,333.4
2020-03-28 03:41:00,340.4
2020-03-28 03:42:00,338.4
2020-03-28 03:43:00,346.4
2020-03-28 03:44:00,347.4
2020-03-28 03:45:00,343.4
2020-03-28 03:46:00,363.4
2020-03-28 03:47:00,367.4
2020-03-28 03:48:00,355.2
2020-03-28 03:49:00,337.2
2020-03-28 03:50:00,348.2
2020-03-28 03:51:00,348.2
2020-03-28 03:52:00,357.3
2020-03-28 03:53:00,345.4
2020-03-28 03:54:00,348.4
2020-03-28 03:55:00,337.4
2020-03-28 03:56:00,327.4
2020-03-28 03:57:00,321.4
2020-03-28 03:58:00,318.4
2020-03-28 03:59:00,328.4
2020-03-28 04:00:00,332.4
2020-03-28 04:01:00,342.4
2020-03-28 04:02:00,332.4
2020-03-28 04:03:00,346.4
2020-03-28 04:04:00,348.4
2020-03-28 04:05:00,338.4
2020-03-28 04:06:00,309.4
2020-03-28 04:07:00,299.4
2020-03-28 04:08:00,311.4
2020-03-28 04:09:00,324.4
2020-03-28 04:10:00,316.4
2020-03-28 04:11:00,314.4
2020-03-28 04:12:00,289.4
2020-03-28 04:13:00,294.4
2020-03-28 04:14:00,309.4
2020-03-28 04:15:00,311.4
2020-03-28 04:16:00,300.4
2020-03-28 04:17:00,326.4
2020-03-28 04:18:00,324.4
2020-03-28 04:19:00,319.4
2020-03-28 04:20:00,322.2
2020-03-28 04:21:00,358.2
2020-03-28 04:22:00,373.2
2020-03-28 04:23:00,368.2
2020-03-28 04:24:00,350.3
2020-03-28 04:25:00,349.4
2020-03-28 04:26:00,354.4
2020-03-28 04:27:00,347.4
2020-03-28 04:28:00,364.4
2020-03-28 04:29:00,350.4
2020-03-28 04:30:00,339.4
2020-03-28 04:31:00,346.4
2020-03-28 04:32:00,337.4
2020-03-28 04:33:00,325.4
2020-03-28 04:34:00,324.4
2020-03-28 04:35:00,356.4
2020-03-28 04:36:00,368.4
2020-03-28 04:37:00,361.4
2020-03-28 04:38:00,362.4
2020-03-28 04:39:00,342.4
2020-03-28 04:40:00,328.4
2020-03-28 04:41:00,335.4
2020-03-28 04:42:00,333.4
2020-03-28 04:43:00,334.4
2020-03-28 04:44:00,332.4
2020-03-28 04:45:00,348.4
2020-03-28 04:46:00,334.4
2020-03-28 04:47:00,329.4
2020-03-28 04:48:00,309.4
2020-03-28 04:49:00,316.4
2020-03-28 04:50:00,337.4
2020-03-28 04:51:00,345.4
2020-03-28 04:52:00,336.4
2020-03-28 04:53:00,325.3
2020-03-28 04:54:00,351.2
2020-03-28 04:55:00,346.2
2020-03-28 04:56:00,359.2
2020-03-28 04:57:00,383.2
2020-03-28 04:58:00,397.4
2020-03-28 04:59:00,400.4
2020-03-28 05:00:00,397.4
2020-03-28 05:01:00,374.4
2020-03-28 05:02:00,334.4
2020-03-28 05:03:00,314.4
2020-03-28 05:04:00,306.4
2020-03-28 05:05:00,305.4
2020-03-28 05:06:00,343.4
2020-03-28 05:07:00,338.4
2020-03-28 05:08:00,330.4
2020-03-28 05:09:00,325.4
2020-03-28 05:10:00,337.4
2020-03-28 05:11:00,355.4
2020-03-28 05:12:00,405.4
2020-03-28 05:13:00,437.4
2020-03-28 05:14:00,418.4
2020-03-28 05:15:00,403.4
2020-03-28 05:16:00,402.4
2020-03-28 05:17:00,418.4
2020-03-28 05:18:00,391.4
2020-03-28 05:19:00,380.4
2020-03-28 05:20:00,386.4
2020-03-28 05:21:00,377.4
2020-03-28 05:22:00,359.4
2020-03-28 05:23:00,361.4
2020-03-28 05:24:00,360.4
2020-03-28 05:25:00,351.4
2020-03-28 05:26:00,360.4
2020-03-28 05:27:00,382.4
2020-03-28 05:28:00,404.3
2020-03-28 05:29:00,399.2
2020-03-28 05:30:00,380.2
2020-03-28 05:31:00,372.2
2020-03-28 05:32:00,393.3
2020-03-28 05:33:00,379.4
2020-03-28 05:34:00,384.4
2020-03-28 05:35:00,389.4
2020-03-28 05:36:00,394.4
2020-03-28 05:37:00,394.4
2020-03-28 05:38:00,380.4
2020-03-28 05:39:00,397.4
2020-03-28 05:40:00,370.4
2020-03-28 05:41:00,365.4
2020-03-28 05:42:00,359.4
2020-03-28 05:43:00,371.4
2020-03-28 05:44:00,367.4
2020-03-28 05:45:00,375.4
2020-03-28 05:46:00,389.4
2020-03-28 05:47:00,419.4
2020-03-28 05:48:00,410.4
2020-03-28 05:49:00,390.4
2020-03-28 05:50:00,414.4
2020-03-28 05:51:00,403.4
2020-03-28 05:52:00,398.4
2020-03-28 05:53:00,405.4
2020-03-28 05:54:00,374.4
2020-03-28 05:55:00,352.4
2020-03-28 05:56:00,343.4
2020-03-28 05:57:00,330.4
2020-03-28 05:58:00,337.4
2020-03-28 05:59:00,355.4
2020-03-28 06:00:00,371.4
2020-03-28 06:01:00,366.4
2020-03-28 06:02:00,354.3
2020-03-28 06:03:00,360.2
2020-03-28 06:04:00,337.2
2020-03-28 06:05:00,345.2
2020-03-28 06:06:00,355.3
2020-03-28 06:07:00,359.4
2020-03-28 06:08:00,360.4
2020-03-28 06:09:00,343.4
2020-03-28 06:10:00,349.4
2020-03-28 06:11:00,339.4
2020-03-28 06:12:00,349.4
2020-03-28 06:13:00,354.4
2020-03-28 06:14:00,369.4
2020-03-28 06:15:00,387.4
2020-03-28 06:16:00,406.4
2020-03-28 06:17:00,403.4
2020-03-28 06:18:00,389.4
2020-03-28 06:19:00,360.4
2020-03-28 06:20:00,328.4
2020-03-28 06:21:00,357.4
2020-03-28 06:22:00,360.4
2020-03-28 06:23:00,364.4
2020-03-28 06:24:00,371.4
2020-03-28 06:25:00,357.4
2020-03-28 06:26:00,364.4
2020-03-28 06:27:00,362.4
2020-03-28 06:28:00,353.4
2020-03-28 06:29:00,372.4
2020-03-28 06:30:00,404.4
2020-03-28 06:31:00,402.4
2020-03-28 06:32:00,367.4
2020-03-28 06:33:00,352.4
2020-03-28 06:34:00,337.3
2020-03-28 06:35:00,318.2
2020-03-28 06:36:00,324.2
2020-03-28 06:37:00,346.2
2020-03-28 06:38:00,347.3
2020-03-28 06:39:00,338.4
2020-03-28 06:40:00,333.3
2020-03-28 06:41:00,337.4
2020-03-28 06:42:00,331.4
2020-03-28 06:43:00,335.4
2020-03-28 06:44:00,376.4
2020-03-28 06:45:00,413.4
2020-03-28 06:46:00,427.3
2020-03-28 06:47:00,418.4
2020-03-28 06:48:00,400.4
2020-03-28 06:49:00,354.4
2020-03-28 06:50:00,350.4
2020-03-28 06:51:00,332.4
2020-03-28 06:52:00,335.3
2020-03-28 06:53:00,366.4
2020-03-28 06:54:00,363.4
2020-03-28 06:55:00,371.3
2020-03-28 06:56:00,373.3
2020-03-28 06:57:00,382.0
2020-03-28 06:58:00,373.8
2020-03-28 06:59:00,373.9
2020-03-28 07:00:00,416.8
2020-03-28 07:01:00,425.9
2020-03-28 07:02:00,427.8
2020-03-28 07:03:00,428.9
2020-03-28 07:04:00,402.7
2020-03-28 07:05:00,411.6
2020-03-28 07:06:00,435.7
2020-03-28 07:07:00,461.7
2020-03-28 07:08:00,472.7
2020-03-28 07:09:00,445.9
2020-03-28 07:10:00,401.7
2020-03-28 07:11:00,413.9
2020-03-28 07:12:00,435.8
2020-03-28 07:13:00,439.8
2020-03-28 07:14:00,448.9
2020-03-28 07:15:00,442.8
2020-03-28 07:16:00,434.8
2020-03-28 07:17:00,418.9
2020-03-28 07:18:00,405.8
2020-03-28 07:19:00,404.9
2020-03-28 07:20:00,412.8
2020-03-28 07:21:00,385.8
2020-03-28 07:22:00,375.9
2020-03-28 07:23:00,374.8
2020-03-28 07:24:00,381.9
2020-03-28 07:25:00,402.8
2020-03-28 07:26:00,441.8
2020-03-28 07:27:00,424.9
2020-03-28 07:28:00,426.8
2020-03-28 07:29:00,411.9
2020-03-28 07:30:00,419.8
2020-03-28 07:31:00,417.8
2020-03-28 07:32:00,442.9
2020-03-28 07:33:00,476.8
2020-03-28 07:34:00,429.9
2020-03-28 07:35:00,423.6
2020-03-28 07:36:00,408.6
2020-03-28 07:37:00,417.7
2020-03-28 07:38:00,415.6
2020-03-28 07:39:00,455.8
2020-03-28 07:40:00,469.8
2020-03-28 07:41:00,460.9
2020-03-28 07:42:00,474.9
2020-03-28 07:43:00,483.8
2020-03-28 07:44:00,456.9
2020-03-28 07:45:00,438.9
2020-03-28 07:46:00,425.8
2020-03-28 07:47:00,415.8
2020-03-28 07:48:00,387.9
2020-03-28 07:49:00,364.9
2020-03-28 07:50:00,367.9
2020-03-28 07:51:00,395.8
2020-03-28 07:52:00,398.9
2020-03-28 07:53:00,402.9
2020-03-28 07:54:00,393.9
2020-03-28 07:55:00,388.8
2020-03-28 07:56:00,376.8
2020-03-28 07:57:00,362.9
2020-03-28 07:58:00,348.9
2020-03-28 07:59:00,368.8
2020-03-28 08:00:00,368.9
2020-03-28 08:01:00,375.8
2020-03-28 08:02:00,381.9
2020-03-28 08:03:00,412.8
2020-03-28 08:04:00,411.9
2020-03-28 08:05:00,398.8
2020-03-28 08:06:00,393.8
2020-03-28 08:07:00,371.7
2020-03-28 08:08:00,353.7
2020-03-28 08:09:00,351.6
2020-03-28 08:10:00,361.7
2020-03-28 08:11:00,364.9
2020-03-28 08:12:00,384.8
2020-03-28 08:13:00,384.8
2020-03-28 08:14:00,404.9
2020-03-28 08:15:00,397.8
2020-03-28 08:16:00,390.8
2020-03-28 08:17:00,402.9
2020-03-28 08:18:00,396.8
2020-03-28 08:19:00,389.8
2020-03-28 08:20:00,396.9
2020-03-28 08:21:00,398.6
2020-03-28 08:22:00,387.4
2020-03-28 08:23:00,388.5
2020-03-28 08:24:00,381.3
2020-03-28 08:25:00,367.3
2020-03-28 08:26:00,368.3
2020-03-28 08:27:00,319.0
2020-03-28 08:28:00,297.6
2020-03-28 08:29:00,319.0
2020-03-28 08:30:00,314.7
2020-03-28 08:31:00,322.0
2020-03-28 08:32:00,322.7
2020-03-28 08:33:00,305.0
2020-03-28 08:34:00,340.8
2020-03-28 08:35:00,344.0
2020-03-28 08:36:00,344.0
2020-03-28 08:37:00,347.8
2020-03-28 08:38:00,337.0
2020-03-28 08:39:00,332.0
2020-03-28 08:40:00,333.0
2020-03-28 08:41:00,335.8
2020-03-28 08:42:00,331.8
2020-03-28 08:43:00,330.8
2020-03-28 08:44:00,306.8
2020-03-28 08:45:00,299.0
2020-03-28 08:46:00,312.0
2020-03-28 08:47:00,302.6
2020-03-28 08:48:00,299.2
2020-03-28 08:49:00,285.34
2020-03-28 08:50:00,295.35
2020-03-28 08:51:00,299.53
2020-03-28 08:52:00,308.46
2020-03-28 08:53:00,307.54
2020-03-28 08:54:00,340.32
2020-03-28 08:55:00,343.43
2020-03-28 08:56:00,335.7
2020-03-28 08:57:00,324.93
2020-03-28 08:58:00,316.05
2020-03-28 08:59:00,315.98
2020-03-28 09:00:00,338.7
2020-03-28 09:01:00,350.06
2020-03-28 09:02:00,352.08
2020-03-28 09:03:00,362.81
2020-03-28 09:04:00,362.63
2020-03-28 09:05:00,356.21
2020-03-28 09:06:00,353.84
2020-03-28 09:07:00,355.66
2020-03-28 09:08:00,339.98
2020-03-28 09:09:00,350.9
2020-03-28 09:10:00,396.42
2020-03-28 09:11:00,398.66
2020-03-28 09:12:00,392.3
2020-03-28 09:13:00,383.7
2020-03-28 09:14:00,353.2
2020-03-28 09:15:00,343.2
2020-03-28 09:16:00,351.0
2020-03-28 09:17:00,374.3
2020-03-28 09:18:00,377.1
2020-03-28 09:19:00,348.6
2020-03-28 09:20:00,323.4
2020-03-28 12:21:00,310.0
2020-03-28 12:22:00,331.0
2020-03-28 12:23:00,332.0
2020-03-28 12:24:00,315.0
2020-03-28 12:25:00,298.0
2020-03-28 12:26:00,302.0
2020-03-28 12:27:00,290.0
2020-03-28 12:28:00,299.0
2020-03-28 12:29:00,366.0
2020-03-28 12:30:00,381.0
2020-03-28 12:31:00,341.0
2020-03-28 12:32:00,351.0
2020-03-28 12:33:00,347.0
2020-03-28 12:34:00,308.0
2020-03-28 12:35:00,299.0
2020-03-28 12:36:00,295.0
2020-03-28 12:37:00,296.0
2020-03-28 12:38:00,288.0
2020-03-28 12:39:00,283.0
2020-03-28 12:40:00,299.0
2020-03-28 12:41:00,309.0
2020-03-28 12:42:00,336.0
2020-03-28 12:43:00,322.0
2020-03-28 12:44:00,329.0
2020-03-28 12:45:00,314.0
2020-03-28 12:46:00,317.0
2020-03-28 12:47:00,315.0
2020-03-28 12:48:00,314.0
2020-03-28 12:49:00,308.0
2020-03-28 12:50:00,304.0
2020-03-28 12:51:00,311.0
2020-03-28 12:52:00,322.0
2020-03-28 12:53:00,333.0
2020-03-28 12:54:00,312.0
2020-03-28 12:55:00,294.0
2020-03-28 12:56:00,276.0
2020-03-28 12:57:00,288.0
2020-03-28 12:58:00,309.0
2020-03-28 12:59:00,318.0
2020-03-28 13:00:00,332.0
2020-03-28 13:01:00,337.0
2020-03-28 13:02:00,339.0
2020-03-28 13:03:00,325.0
2020-03-28 13:04:00,308.0
2020-03-28 13:05:00,306.0
2020-03-28 13:06:00,298.0
2020-03-28 13:07:00,294.0
2020-03-28 13:08:00,300.0
2020-03-28 13:09:00,284.0
2020-03-28 13:10:00,271.0
2020-03-28 13:11:00,270.0
2020-03-28 13:12:00,284.0
2020-03-28 13:13:00,293.0
2020-03-28 13:14:00,294.0
2020-03-28 13:15:00,303.0
2020-03-28 13:16:00,323.0
2020-03-28 13:17:00,312.0
2020-03-28 13:18:00,307.0
2020-03-28 13:19:00,310.0
2020-03-28 13:20:00,309.0
2020-03-28 13:21:00,298.0
2020-03-28 13:22:00,318.0
2020-03-28 13:23:00,321.0
2020-03-28 13:24:00,294.0
2020-03-28 13:25:00,279.0
2020-03-28 13:26:00,273.0
2020-03-28 13:27:00,314.0
2020-03-28 13:28:00,327.0
2020-03-28 13:29:00,330.0
2020-03-28 13:30:00,327.0
2020-03-28 13:31:00,312.0
2020-03-28 13:32:00,311.0
2020-03-28 13:33:00,315.0
2020-03-28 13:34:00,303.0
2020-03-28 13:35:00,298.0
2020-03-28 13:36:00,297.0
2020-03-28 13:37:00,284.0
2020-03-28 13:38:00,262.0
2020-03-28 13:39:00,269.0
2020-03-28 13:40:00,268.0
2020-03-28 13:41:00,259.0
2020-03-28 13:42:00,276.0
2020-03-28 13:43:00,286.0
2020-03-28 13:44:00,296.0
2020-03-28 13:45:00,295.0
2020-03-28 13:46:00,302.0
2020-03-28 13:47:00,292.0
2020-03-28 13:48:00,288.0
2020-03-28 13:49:00,289.0
2020-03-28 13:50:00,277.0
2020-03-28 13:51:00,261.0
2020-03-28 13:52:00,266.0
2020-03-28 13:53:00,282.0
2020-03-28 13:54:00,272.0
2020-03-28 13:55:00,269.0
2020-03-28 13:56:00,288.0
2020-03-28 13:57:00,286.0
2020-03-28 13:58:00,272.0
2020-03-28 13:59:00,256.0
2020-03-28 14:00:00,273.0
2020-03-28 14:01:00,285.0
2020-03-28 14:02:00,317.0
2020-03-28 14:03:00,319.0
2020-03-28 14:04:00,293.0
2020-03-28 14:05:00,317.0
2020-03-28 14:06:00,327.0
2020-03-28 14:07:00,327.0
2020-03-28 14:08:00,314.0
2020-03-28 14:09:00,302.0
2020-03-28 14:10:00,272.0
2020-03-28 14:11:00,268.0
2020-03-28 14:12:00,267.0
2020-03-28 14:13:00,290.0
2020-03-28 14:14:00,310.0
2020-03-28 14:15:00,290.0
2020-03-28 14:16:00,270.0
2020-03-28 14:17:00,261.0
2020-03-28 14:18:00,255.0
2020-03-28 14:19:00,244.0
2020-03-28 14:20:00,281.0
2020-03-28 14:21:00,274.0
2020-03-28 14:22:00,271.0
2020-03-28 14:23:00,265.0
2020-03-28 14:24:00,274.0
2020-03-28 14:25:00,280.0
2020-03-28 14:26:00,282.0
2020-03-28 14:27:00,299.0
2020-03-28 14:28:00,253.0
2020-03-28 14:29:00,253.0
2020-03-28 14:30:00,253.0
2020-03-28 14:31:00,252.0
2020-03-28 14:32:00,264.0
2020-03-28 14:33:00,265.0
2020-03-28 14:34:00,275.0
2020-03-28 14:35:00,296.0
2020-03-28 14:36:00,302.0
2020-03-28 14:37:00,289.0
2020-03-28 14:38:00,283.0
2020-03-28 14:39:00,290.0
2020-03-28 14:40:00,288.0
2020-03-28 14:41:00,293.0
2020-03-28 14:42:00,289.0
2020-03-28 14:43:00,272.0
2020-03-28 14:44:00,271.0
2020-03-28 14:45:00,268.0
2020-03-28 14:46:00,283.0
2020-03-28 14:47:00,273.0
2020-03-28 14:48:00,266.0
2020-03-28 14:49:00,268.0
2020-03-28 14:50:00,261.0
2020-03-28 14:51:00,268.0
2020-03-28 14:52:00,276.0
2020-03-28 14:53:00,268.0
2020-03-28 14:54:00,268.0
2020-03-28 14:55:00,248.0
2020-03-28 14:56:00,261.0
2020-03-28 14:57:00,263.0
2020-03-28 14:58:00,281.0
2020-03-28 14:59:00,303.0
2020-03-28 15:00:00,297.0
2020-03-28 15:01:00,282.0
2020-03-28 15:02:00,277.0
2020-03-28 15:03:00,287.0
2020-03-28 15:04:00,285.0
2020-03-28 15:05:00,269.0
2020-03-28 15:06:00,281.0
2020-03-28 15:07:00,318.0
2020-03-28 15:08:00,314.0
2020-03-28 15:09:00,304.0
2020-03-28 15:10:00,316.0
2020-03-28 15:11:00,293.0
2020-03-28 15:12:00,259.0
2020-03-28 15:13:00,267.0
2020-03-28 15:14:00,253.0
2020-03-28 15:15:00,267.0
2020-03-28 15:16:00,267.0
2020-03-28 15:17:00,297.0
2020-03-28 15:18:00,298.0
2020-03-28 15:19:00,302.0
2020-03-28 15:20:00,295.0
2020-03-28 15:21:00,285.0
2020-03-28 15:22:00,281.0
2020-03-28 15:23:00,282.0
2020-03-28 15:24:00,297.0
2020-03-28 15:25:00,272.0
2020-03-28 15:26:00,256.0
2020-03-28 15:27:00,253.0
2020-03-28 15:28:00,261.0
2020-03-28 15:29:00,263.0
2020-03-28 15:30:00,266.0
2020-03-28 15:31:00,255.0
2020-03-28 15:32:00,270.0
2020-03-28 15:33:00,259.0
2020-03-28 15:34:00,260.0
2020-03-28 15:35:00,263.0
2020-03-28 15:36:00,256.0
2020-03-28 15:37:00,252.0
2020-03-28 15:38:00,264.0
2020-03-28 15:39:00,256.0
2020-03-28 15:40:00,260.0
2020-03-28 15:41:00,287.0
2020-03-28 15:42:00,291.0
2020-03-28 15:43:00,277.0
2020-03-28 15:44:00,266.0
2020-03-28 15:45:00,256.0
2020-03-28 15:46:00,245.0
2020-03-28 15:47:00,240.0
2020-03-28 15:48:00,266.0
2020-03-28 15:49:00,251.0
2020-03-28 15:50:00,254.0
2020-03-28 15:51:00,300.0
2020-03-28 15:52:00,322.0
2020-03-28 15:53:00,308.0
2020-03-28 15:54:00,256.0
2020-03-28 15:55:00,257.0
2020-03-28 15:56:00,254.0
2020-03-28 15:57:00,242.0
2020-03-28 15:58:00,249.0
2020-03-28 15:59:00,259.0
2020-03-28 16:00:00,264.0
2020-03-28 16:01:00,267.0
2020-03-28 16:02:00,258.0
2020-03-28 16:03:00,243.0
2020-03-28 16:04:00,260.0
2020-03-28 16:05:00,250.0
2020-03-28 16:06:00,261.0
2020-03-28 16:07:00,273.0
2020-03-28 16:08:00,267.0
2020-03-28 16:09:00,274.0
2020-03-28 16:10:00,270.0
2020-03-28 16:11:00,264.0
2020-03-28 16:12:00,258.0
2020-03-28 16:13:00,262.0
2020-03-28 16:14:00,281.0
2020-03-28 16:15:00,269.0
2020-03-28 16:16:00,266.0
2020-03-28 16:17:00,277.0
2020-03-28 16:18:00,274.0
2020-03-28 16:19:00,282.0
2020-03-28 16:20:00,287.0
2020-03-28 16:21:00,290.0
2020-03-28 16:22:00,286.0
2020-03-28 16:23:00,278.0
2020-03-28 16:24:00,265.0
2020-03-28 16:25:00,281.0
2020-03-28 16:26:00,287.0
2020-03-28 16:27:00,279.0
2020-03-28 16:28:00,264.0
2020-03-28 16:29:00,259.0
2020-03-28 16:30:00,267.0
2020-03-28 16:31:00,263.0
2020-03-28 16:32:00,253.0
2020-03-28 16:33:00,258.0
2020-03-28 16:34:00,281.0
2020-03-28 16:35:00,288.0
2020-03-28 16:36:00,273.0
2020-03-28 16:37:00,258.0
2020-03-28 16:38:00,268.0
2020-03-28 16:39:00,258.0
2020-03-28 16:40:00,258.0
2020-03-28 16:41:00,268.0
2020-03-28 16:42:00,262.0
2020-03-28 16:43:00,269.0
2020-03-28 16:44:00,265.0
2020-03-28 16:45:00,261.0
2020-03-28 16:46:00,249.0
2020-03-28 16:47:00,239.0
2020-03-28 16:48:00,241.0
2020-03-28 16:49:00,264.0
2020-03-28 16:50:00,275.0
2020-03-28 16:51:00,275.0
2020-03-28 16:52:00,271.0
2020-03-28 16:53:00,265.0
2020-03-28 16:54:00,256.0
2020-03-28 16:55:00,245.0
2020-03-28 16:56:00,253.0
2020-03-28 16:57:00,260.0
2020-03-28 16:58:00,267.0
2020-03-28 16:59:00,269.0
2020-03-28 17:00:00,282.0
2020-03-28 17:01:00,293.0
2020-03-28 17:02:00,303.0
2020-03-28 17:03:00,301.0
2020-03-28 17:04:00,280.0
2020-03-28 17:05:00,265.0
2020-03-28 17:06:00,265.0
2020-03-28 17:07:00,262.0
2020-03-28 17:08:00,266.0
2020-03-28 17:09:00,276.0
2020-03-28 17:10:00,281.0
2020-03-28 17:11:00,277.0
2020-03-28 17:12:00,267.0
2020-03-28 17:13:00,251.0
2020-03-28 17:14:00,252.0
2020-03-28 17:15:00,273.0
2020-03-28 17:16:00,287.0
2020-03-28 17:17:00,279.0
2020-03-28 17:18:00,261.0
2020-03-28 17:19:00,243.0
2020-03-28 17:20:00,233.0
2020-03-28 17:21:00,236.0
2020-03-28 17:22:00,239.0
2020-03-28 17:23:00,250.0
2020-03-28 17:24:00,237.0
2020-03-28 17:25:00,243.0
2020-03-28 17:26:00,259.0
2020-03-28 17:27:00,270.0
2020-03-28 17:28:00,273.0
2020-03-28 17:29:00,280.0
2020-03-28 17:30:00,285.0
2020-03-28 17:31:00,263.0
2020-03-28 17:32:00,267.0
2020-03-28 17:33:00,268.0
2020-03-28 17:34:00,273.0
2020-03-28 17:35:00,288.0
2020-03-28 17:36:00,282.0
2020-03-28 17:37:00,275.0
2020-03-28 17:38:00,264.0
2020-03-28 17:39:00,262.0
2020-03-28 17:40:00,260.0
2020-03-28 17:41:00,265.0
2020-03-28 17:42:00,279.0
2020-03-28 17:43:00,305.0
2020-03-28 17:44:00,294.0
2020-03-28 17:45:00,290.0
2020-03-28 17:46:00,273.0
2020-03-28 17:47:00,260.0
2020-03-28 17:48:00,265.0
2020-03-28 17:49:00,265.1
2020-03-28 17:50:00,268.0
2020-03-28 17:51:00,254.0
2020-03-28 17:52:00,263.0
2020-03-28 17:53:00,251.0
2020-03-28 17:54:00,256.0
2020-03-28 17:55:00,247.0
2020-03-28 17:56:00,255.0
2020-03-28 17:57:00,253.0
2020-03-28 17:58:00,258.0
2020-03-28 17:59:00,255.0
2020-03-28 18:00:00,251.0
2020-03-28 18:01:00,241.0
2020-03-28 18:02:00,229.4
2020-03-28 18:03:00,248.0
2020-03-28 18:04:00,261.3
2020-03-28 18:05:00,262.2
2020-03-28 18:06:00,256.1
2020-03-28 18:07:00,260.7
2020-03-28 18:08:00,264.8
2020-03-28 18:09:00,237.1
2020-03-28 18:10:00,244.8
2020-03-28 18:11:00,263.3
2020-03-28 18:12:00,293.6
2020-03-28 18:13:00,293.7
2020-03-28 18:14:00,288.5
2020-03-28 18:15:00,279.5
2020-03-28 18:16:00,254.6
2020-03-28 18:17:00,251.3
2020-03-28 18:18:00,253.0
2020-03-28 18:19:00,255.6
2020-03-28 18:20:00,258.3
2020-03-28 18:21:00,249.6
2020-03-28 18:22:00,242.3
2020-03-28 18:23:00,243.1
2020-03-28 18:24:00,238.4
2020-03-28 18:25:00,248.8
2020-03-28 18:26:00,263.5
2020-03-28 18:27:00,260.7
2020-03-28 18:28:00,255.9
2020-03-28 18:29:00,246.3
2020-03-28 18:30:00,252.0
2020-03-28 18:31:00,262.0
2020-03-28 18:32:00,260.0
2020-03-28 18:33:00,250.0
2020-03-28 18:34:00,249.0
2020-03-28 18:35:00,262.0
2020-03-28 18:36:00,267.0
2020-03-28 18:37:00,257.0
2020-03-28 18:38:00,250.0
2020-03-28 18:39:00,240.3
2020-03-28 18:40:00,236.1
2020-03-28 18:41:00,232.3
2020-03-28 18:42:00,254.5
2020-03-28 18:43:00,272.0
2020-03-28 18:44:00,283.1
2020-03-28 18:45:00,287.4
2020-03-28 18:46:00,294.5
2020-03-28 18:47:00,279.0
2020-03-28 18:48:00,251.2
2020-03-28 18:49:00,251.5
2020-03-28 18:50:00,250.9
2020-03-28 18:51:00,261.29
2020-03-28 18:52:00,263.67
2020-03-28 18:53:00,267.81
2020-03-28 18:54:00,274.11
2020-03-28 18:55:00,267.3
2020-03-28 18:56:00,276.61
2020-03-28 18:57:00,272.13
2020-03-28 18:58:00,261.59
2020-03-28 18:59:00,261.41
2020-03-28 19:00:00,281.38
2020-03-28 19:01:00,270.18
2020-03-28 19:02:00,270.86
2020-03-28 19:03:00,264.45
2020-03-28 19:04:00,274.16
2020-03-28 19:05:00,287.674
2020-03-28 19:06:00,288.224
2020-03-28 19:07:00,254.86
2020-03-28 19:08:00,249.52
2020-03-28 19:09:00,233.13
2020-03-28 19:10:00,245.0
2020-03-28 19:11:00,259.7
2020-03-28 19:12:00,274.4
2020-03-28 19:13:00,287.1
2020-03-28 19:14:00,290.8
2020-03-28 19:15:00,273.1
2020-03-28 19:16:00,282.1
2020-03-28 19:17:00,269.9
2020-03-28 19:18:00,274.0
2020-03-28 19:19:00,264.0
2020-03-28 19:20:00,267.0
2020-03-28 19:21:00,249.0
2020-03-28 19:22:00,265.0
2020-03-28 19:23:00,280.9
2020-03-28 19:24:00,281.0
2020-03-28 19:25:00,284.0
2020-03-28 19:26:00,285.0
2020-03-28 19:27:00,278.0
2020-03-28 19:28:00,272.0
2020-03-28 19:29:00,295.0
2020-03-28 19:30:00,297.0
2020-03-28 19:31:00,301.0
2020-03-28 19:32:00,302.0
2020-03-28 19:33:00,307.0
2020-03-28 19:34:00,294.0
2020-03-28 19:35:00,312.0
2020-03-28 19:36:00,300.0
2020-03-28 19:37:00,303.0
2020-03-28 19:38:00,305.0
2020-03-28 19:39:00,297.0
2020-03-28 19:40:00,301.0
2020-03-28 19:41:00,290.0
2020-03-28 19:42:00,307.1
2020-03-28 19:43:00,309.9
2020-03-28 19:44:00,301.4
2020-03-28 19:45:00,288.4
2020-03-28 19:46:00,279.4
2020-03-28 19:47:00,268.4
2020-03-28 19:48:00,268.4
2020-03-28 19:49:00,282.4
2020-03-28 19:50:00,289.4
2020-03-28 19:51:00,281.4
2020-03-28 19:52:00,276.4
2020-03-28 19:53:00,276.3
2020-03-28 19:54:00,265.2
2020-03-28 19:55:00,263.2
2020-03-28 19:56:00,283.2
2020-03-28 19:57:00,293.3
2020-03-28 19:58:00,299.4
2020-03-28 19:59:00,317.4
2020-03-28 20:00:00,313.4
2020-03-28 20:01:00,304.4
2020-03-28 20:02:00,289.4
2020-03-28 20:03:00,265.4
2020-03-28 20:04:00,269.4
2020-03-28 20:05:00,283.4
2020-03-28 20:06:00,274.4
2020-03-28 20:07:00,279.4
2020-03-28 20:08:00,299.4
2020-03-28 20:09:00,319.4
2020-03-28 20:10:00,312.4
2020-03-28 20:11:00,301.4
2020-03-28 20:12:00,296.4
2020-03-28 20:13:00,284.4
2020-03-28 20:14:00,283.4
2020-03-28 20:15:00,274.4
2020-03-28 20:16:00,269.4
2020-03-28 20:17:00,280.4
2020-03-28 20:18:00,266.4
2020-03-28 20:19:00,271.4
2020-03-28 20:20:00,269.4
2020-03-28 20:21:00,266.4
2020-03-28 20:22:00,256.4
2020-03-28 20:23:00,275.4
2020-03-28 20:24:00,286.4
2020-03-28 20:25:00,291.4
2020-03-28 20:26:00,311.4
2020-03-28 20:27:00,291.4
2020-03-28 20:28:00,275.4
2020-03-28 20:29:00,279.4
2020-03-28 20:30:00,278.4
2020-03-28 20:31:00,275.4
2020-03-28 20:32:00,284.4
2020-03-28 20:33:00,280.4
2020-03-28 20:34:00,294.4
2020-03-28 20:35:00,282.4
2020-03-28 20:36:00,281.4
2020-03-28 20:37:00,283.4
2020-03-28 20:38:00,285.4
2020-03-28 20:39:00,283.3
2020-03-28 20:40:00,265.2
2020-03-28 20:41:00,260.2
2020-03-28 20:42:00,273.2
2020-03-28 20:43:00,285.4
2020-03-28 20:44:00,291.4
2020-03-28 20:45:00,294.4
2020-03-28 20:46:00,278.4
2020-03-28 20:47:00,302.4
2020-03-28 20:48:00,296.4
2020-03-28 20:49:00,290.4
2020-03-28 20:50:00,294.4
2020-03-28 20:51:00,271.4
2020-03-28 20:52:00,293.4
2020-03-28 20:53:00,293.4
2020-03-28 20:54:00,295.4
2020-03-28 20:55:00,265.4
2020-03-28 20:56:00,268.4
2020-03-28 20:57:00,265.4
2020-03-28 20:58:00,268.4
2020-03-28 20:59:00,269.4
2020-03-28 21:00:00,277.4
2020-03-28 21:01:00,307.4
2020-03-28 21:02:00,305.4
2020-03-28 21:03:00,317.4
2020-03-28 21:04:00,320.4
2020-03-28 21:05:00,333.4
2020-03-28 21:06:00,324.4
2020-03-28 21:07:00,327.4
2020-03-28 21:08:00,333.4
2020-03-28 21:09:00,322.4
2020-03-28 21:10:00,315.4
2020-03-28 21:11:00,312.4
2020-03-28 21:12:00,308.4
2020-03-28 21:13:00,323.4
2020-03-28 21:14:00,332.4
2020-03-28 21:15:00,326.4
2020-03-28 21:16:00,306.4
2020-03-28 21:17:00,308.4
2020-03-28 21:18:00,317.4
2020-03-28 21:19:00,315.4
2020-03-28 21:20:00,290.4
2020-03-28 21:21:00,277.4
2020-03-28 21:22:00,266.2
2020-03-28 21:23:00,266.2
2020-03-28 21:24:00,269.2
2020-03-28 21:25:00,264.2
2020-03-28 21:26:00,255.4
2020-03-28 21:27:00,263.4
2020-03-28 21:28:00,294.4
2020-03-28 21:29:00,314.4
2020-03-28 21:30:00,296.4
2020-03-28 21:31:00,273.4
2020-03-28 21:32:00,254.4
2020-03-28 21:33:00,256.4
2020-03-28 21:34:00,274.4
2020-03-28 21:35:00,274.4
2020-03-28 21:36:00,293.4
2020-03-28 21:37:00,297.4
2020-03-28 21:38:00,286.4
2020-03-28 21:39:00,321.4
2020-03-28 21:40:00,321.4
2020-03-28 21:41:00,325.4
2020-03-28 21:42:00,294.4
2020-03-28 21:43:00,299.4
2020-03-28 21:44:00,308.4
2020-03-28 21:45:00,294.4
2020-03-28 21:46:00,296.4
2020-03-28 21:47:00,288.4
2020-03-28 21:48:00,287.4
2020-03-28 21:49:00,278.4
2020-03-28 21:50:00,294.4
2020-03-28 21:51:00,307.4
2020-03-28 21:52:00,308.4
2020-03-28 21:53:00,292.4
2020-03-28 21:54:00,288.4
2020-03-28 21:55:00,281.4
2020-03-28 21:56:00,282.4
2020-03-28 21:57:00,301.4
2020-03-28 21:58:00,313.4
2020-03-28 21:59:00,309.4
2020-03-28 22:00:00,325.4
2020-03-28 22:01:00,314.4
2020-03-28 22:02:00,319.4
2020-03-28 22:03:00,319.4
2020-03-28 22:04:00,294.4
2020-03-28 22:05:00,289.4
2020-03-28 22:06:00,286.2
2020-03-28 22:07:00,293.2
2020-03-28 22:08:00,266.2
2020-03-28 22:09:00,264.2
2020-03-28 22:10:00,271.4
2020-03-28 22:11:00,287.4
2020-03-28 22:12:00,275.4
2020-03-28 22:13:00,266.4
2020-03-28 22:14:00,256.4
2020-03-28 22:15:00,279.4
2020-03-28 22:16:00,316.4
2020-03-28 22:17:00,325.4
2020-03-28 22:18:00,325.4
2020-03-28 22:19:00,297.4
2020-03-28 22:20:00,287.4
2020-03-28 22:21:00,312.4
2020-03-28 22:22:00,317.4
2020-03-28 22:23:00,323.4
2020-03-28 22:24:00,330.4
2020-03-28 22:25:00,287.4
2020-03-28 22:26:00,287.4
2020-03-28 22:27:00,305.4
2020-03-28 22:28:00,337.4
2020-03-28 22:29:00,326.4
2020-03-28 22:30:00,322.4
2020-03-28 22:31:00,307.4
2020-03-28 22:32:00,300.4
2020-03-28 22:33:00,261.4
2020-03-28 22:34:00,246.4
2020-03-28 22:35:00,254.4
2020-03-28 22:36:00,300.4
2020-03-28 22:37:00,321.4
2020-03-28 22:38:00,317.4
2020-03-28 22:39:00,301.4
2020-03-28 22:40:00,274.4
2020-03-28 22:41:00,260.4
2020-03-28 22:42:00,271.4
2020-03-28 22:43:00,293.4
2020-03-28 22:44:00,299.4
2020-03-28 22:45:00,312.4
2020-03-28 22:46:00,323.4
2020-03-28 22:47:00,306.4
2020-03-28 22:48:00,297.4
2020-03-28 22:49:00,297.4
2020-03-28 22:50:00,294.2
2020-03-28 22:51:00,292.2
2020-03-28 22:52:00,278.2
2020-03-28 22:53:00,287.2
2020-03-28 22:54:00,292.4
2020-03-28 22:55:00,307.4
2020-03-28 22:56:00,310.4
2020-03-28 22:57:00,317.4
2020-03-28 22:58:00,322.4
2020-03-28 22:59:00,320.4
2020-03-28 23:00:00,302.4
2020-03-28 23:01:00,277.4
2020-03-28 23:02:00,268.4
2020-03-28 23:03:00,280.4
2020-03-28 23:04:00,304.4
2020-03-28 23:05:00,290.4
2020-03-28 23:06:00,287.4
2020-03-28 23:07:00,289.4
2020-03-28 23:08:00,291.4
2020-03-28 23:09:00,343.4
2020-03-28 23:10:00,356.4
2020-03-28 23:11:00,357.4
2020-03-28 23:12:00,364.4
2020-03-28 23:13:00,339.4
2020-03-28 23:14:00,341.4
2020-03-28 23:15:00,347.4
2020-03-28 23:16:00,343.4
2020-03-28 23:17:00,344.4
2020-03-28 23:18:00,335.4
2020-03-28 23:19:00,324.4
2020-03-28 23:20:00,321.4
2020-03-28 23:21:00,334.4
2020-03-28 23:22:00,351.4
2020-03-28 23:23:00,369.4
2020-03-28 23:24:00,359.4
2020-03-28 23:25:00,360.4
2020-03-28 23:26:00,346.4
2020-03-28 23:27:00,357.4
2020-03-28 23:28:00,358.4
2020-03-28 23:29:00,352.4
2020-03-28 23:30:00,336.4
2020-03-28 23:31:00,345.4
2020-03-28 23:32:00,347.4
2020-03-28 23:33:00,344.2
2020-03-28 23:34:00,354.2
2020-03-28 23:35:00,336.2
2020-03-28 23:36:00,323.2
2020-03-28 23:37:00,316.3
2020-03-28 23:38:00,335.4
2020-03-28 23:39:00,352.4
2020-03-28 23:40:00,351.4
2020-03-28 23:41:00,337.4
2020-03-28 23:42:00,303.4
2020-03-28 23:43:00,310.4
2020-03-28 23:44:00,302.4
2020-03-28 23:45:00,321.4
2020-03-28 23:46:00,307.4
2020-03-28 23:47:00,291.4
2020-03-28 23:48:00,288.4
2020-03-28 23:49:00,297.4
2020-03-28 23:50:00,298.4
2020-03-28 23:51:00,301.4
2020-03-28 23:52:00,282.4
2020-03-28 23:53:00,299.4
2020-03-28 23:54:00,297.4
2020-03-28 23:55:00,311.4
2020-03-28 23:56:00,317.4
2020-03-28 23:57:00,290.4
2020-03-28 23:58:00,285.4
2020-03-28 23:59:00,289.4
