DateTime,Building P (kW) ,Building Q (kVAR)
3/27/2020 0:00,259.4,272.6
3/27/2020 0:01,273.4,286.6
3/27/2020 0:02,272.4,285.6
3/27/2020 0:03,272.4,285.6
3/27/2020 0:04,272.4,285.6
3/27/2020 0:05,264.4,277.2
3/27/2020 0:06,258.4,271.2
3/27/2020 0:07,244.4,257.2
3/27/2020 0:08,249.4,262.2
3/27/2020 0:09,259.4,272.3
3/27/2020 0:10,244.4,257.3
3/27/2020 0:11,255.4,268.3
3/27/2020 0:12,254.4,267.3
3/27/2020 0:13,280.4,293.3
3/27/2020 0:14,277.4,290.3
3/27/2020 0:15,282.4,295.3
3/27/2020 0:16,274.4,287.3
3/27/2020 0:17,271.4,284.3
3/27/2020 0:18,258.4,271.3
3/27/2020 0:19,250.4,263.4
3/27/2020 0:20,252.4,265.4
3/27/2020 0:21,269.4,282.4
3/27/2020 0:22,268.4,281.4
3/27/2020 0:23,274.4,287.3
3/27/2020 0:24,273.4,286.4
3/27/2020 0:25,271.4,284.4
3/27/2020 0:26,280.4,293.4
3/27/2020 0:27,268.4,281.4
3/27/2020 0:28,246.4,259.4
3/27/2020 0:29,251.4,264.4
3/27/2020 0:30,236.4,249.5
3/27/2020 0:31,243.4,256.5
3/27/2020 0:32,246.4,259.5
3/27/2020 0:33,280.4,293.4
3/27/2020 0:34,276.4,289.4
3/27/2020 0:35,270.4,283.4
3/27/2020 0:36,268.4,281.5
3/27/2020 0:37,275.4,288.5
3/27/2020 0:38,279.4,292.5
3/27/2020 0:39,260.4,273.5
3/27/2020 0:40,268.4,281.5
3/27/2020 0:41,251.4,264.5
3/27/2020 0:42,244.4,257.5
3/27/2020 0:43,243.4,256.5
3/27/2020 0:44,237.4,250.6
3/27/2020 0:45,236.4,249.6
3/27/2020 0:46,234.4,247.6
3/27/2020 0:47,261.4,274.5
3/27/2020 0:48,291.4,304.5
3/27/2020 0:49,277.4,290.5
3/27/2020 0:50,273.4,286.5
3/27/2020 0:51,263.4,276.5
3/27/2020 0:52,267.4,280.5
3/27/2020 0:53,264.4,277.5
3/27/2020 0:54,270.4,283.5
3/27/2020 0:55,271.4,284.5
3/27/2020 0:56,270.4,283.5
3/27/2020 0:57,268.4,281.5
3/27/2020 0:58,255.4,268.5
3/27/2020 0:59,249.4,262.6
3/27/2020 1:00,267.4,280.5
3/27/2020 1:01,268.4,281.5
3/27/2020 1:02,267.4,280.5
3/27/2020 1:03,275.4,288.5
3/27/2020 1:04,279.4,292.6
3/27/2020 1:05,270.4,283.1
3/27/2020 1:06,265.4,278.1
3/27/2020 1:07,265.4,278.1
3/27/2020 1:08,272.4,285.1
3/27/2020 1:09,277.2,290.1
3/27/2020 1:10,277.2,290.1
3/27/2020 1:11,281.2,294.1
3/27/2020 1:12,261.3,274.1
3/27/2020 1:13,258.4,271.1
3/27/2020 1:14,252.4,265.1
3/27/2020 1:15,239.4,252.2
3/27/2020 1:16,238.4,251.2
3/27/2020 1:17,249.4,262.2
3/27/2020 1:18,253.4,266.2
3/27/2020 1:19,251.4,264.2
3/27/2020 1:20,245.4,258.2
3/27/2020 1:21,255.4,268.1
3/27/2020 1:22,267.4,280.1
3/27/2020 1:23,288.4,301.1
3/27/2020 1:24,268.4,281.2
3/27/2020 1:25,265.4,278.2
3/27/2020 1:26,257.4,270.2
3/27/2020 1:27,261.4,274.2
3/27/2020 1:28,267.4,280.2
3/27/2020 1:29,269.4,282.2
3/27/2020 1:30,284.4,297.1
3/27/2020 1:31,286.4,299.1
3/27/2020 1:32,262.4,275.2
3/27/2020 1:33,259.4,272.2
3/27/2020 1:34,280.4,293.2
3/27/2020 1:35,284.4,297.2
3/27/2020 1:36,271.4,284.2
3/27/2020 1:37,263.4,276.2
3/27/2020 1:38,265.4,278.2
3/27/2020 1:39,261.4,274.2
3/27/2020 1:40,258.4,271.2
3/27/2020 1:41,264.4,277.1
3/27/2020 1:42,271.4,284.1
3/27/2020 1:43,278.4,291.1
3/27/2020 1:44,277.4,290.1
3/27/2020 1:45,288.4,301.1
3/27/2020 1:46,277.4,290.1
3/27/2020 1:47,270.4,283.1
3/27/2020 1:48,263.4,276.1
3/27/2020 1:49,260.4,273.2
3/27/2020 1:50,263.4,276.2
3/27/2020 1:51,268.4,281.1
3/27/2020 1:52,269.4,282.2
3/27/2020 1:53,271.4,284.2
3/27/2020 1:54,267.4,280.2
3/27/2020 1:55,266.4,279.2
3/27/2020 1:56,257.4,270.2
3/27/2020 1:57,271.4,284.2
3/27/2020 1:58,270.4,283.2
3/27/2020 1:59,248.4,261.3
3/27/2020 2:00,236.4,249.3
3/27/2020 2:01,247.4,260.3
3/27/2020 2:02,266.4,279.2
3/27/2020 2:03,254.4,267.2
3/27/2020 2:04,261.4,274.2
3/27/2020 2:05,265.4,278.2
3/27/2020 2:06,272.4,285.3
3/27/2020 2:07,264.4,277.3
3/27/2020 2:08,270.4,283.3
3/27/2020 2:09,279.4,292.3
3/27/2020 2:10,279.4,292.3
3/27/2020 2:11,280.4,293.3
3/27/2020 2:12,285.4,298.2
3/27/2020 2:13,289.4,302.3
3/27/2020 2:14,285.4,298.3
3/27/2020 2:15,281.4,294.3
3/27/2020 2:16,276.4,289.3
3/27/2020 2:17,258.4,271.3
3/27/2020 2:18,252.4,265.3
3/27/2020 2:19,295.3,308.3
3/27/2020 2:20,298.2,311.3
3/27/2020 2:21,299.2,312.3
3/27/2020 2:22,280.2,293.3
3/27/2020 2:23,263.4,276.3
3/27/2020 2:24,257.4,270.3
3/27/2020 2:25,241.4,254.3
3/27/2020 2:26,219.4,232.3
3/27/2020 2:27,217.4,230.3
3/27/2020 2:28,238.4,251.3
3/27/2020 2:29,268.4,281.3
3/27/2020 2:30,263.4,276.3
3/27/2020 2:31,254.4,267.2
3/27/2020 2:32,254.4,267.2
3/27/2020 2:33,246.4,259.3
3/27/2020 2:34,233.4,246.3
3/27/2020 2:35,230.4,243.3
3/27/2020 2:36,244.4,257.3
3/27/2020 2:37,244.4,257.3
3/27/2020 2:38,255.4,268.3
3/27/2020 2:39,277.4,290.3
3/27/2020 2:40,267.4,280.3
3/27/2020 2:41,277.4,290.3
3/27/2020 2:42,276.4,289.3
3/27/2020 2:43,257.4,270.3
3/27/2020 2:44,272.4,285.3
3/27/2020 2:45,285.4,298.3
3/27/2020 2:46,283.4,296.3
3/27/2020 2:47,261.4,274.3
3/27/2020 2:48,243.4,256.3
3/27/2020 2:49,259.4,272.3
3/27/2020 2:50,266.4,279.3
3/27/2020 2:51,260.4,273.3
3/27/2020 2:52,272.4,285.3
3/27/2020 2:53,276.4,289.3
3/27/2020 2:54,246.4,259.3
3/27/2020 2:55,238.4,251.3
3/27/2020 2:56,234.4,247.3
3/27/2020 2:57,247.4,260.3
3/27/2020 2:58,241.4,254.2
3/27/2020 2:59,234.4,247.1
3/27/2020 3:00,251.4,264.1
3/27/2020 3:01,252.4,265.1
3/27/2020 3:02,248.4,261.2
3/27/2020 3:03,246.4,259.2
3/27/2020 3:04,235.4,248.2
3/27/2020 3:05,225.4,238.2
3/27/2020 3:06,240.4,253.1
3/27/2020 3:07,251.4,264.1
3/27/2020 3:08,268.4,281.1
3/27/2020 3:09,282.4,295.1
3/27/2020 3:10,264.4,277.1
3/27/2020 3:11,254.4,267.1
3/27/2020 3:12,240.4,253.1
3/27/2020 3:13,248.4,261.1
3/27/2020 3:14,258.4,271.1
3/27/2020 3:15,252.4,265.1
3/27/2020 3:16,269.4,282.1
3/27/2020 3:17,273.4,286.1
3/27/2020 3:18,260.4,273.1
3/27/2020 3:19,273.4,286.1
3/27/2020 3:20,280.4,293.1
3/27/2020 3:21,301.4,314.1
3/27/2020 3:22,290.4,303.1
3/27/2020 3:23,263.4,276.1
3/27/2020 3:24,254.4,267.1
3/27/2020 3:25,261.4,274.1
3/27/2020 3:26,262.4,275.1
3/27/2020 3:27,265.4,278.1
3/27/2020 3:28,272.4,285.1
3/27/2020 3:29,272.2,285.1
3/27/2020 3:30,276.2,289.1
3/27/2020 3:31,271.2,284.1
3/27/2020 3:32,275.3,288.1
3/27/2020 3:33,276.4,289.1
3/27/2020 3:34,286.4,299.1
3/27/2020 3:35,278.4,291.1
3/27/2020 3:36,274.4,287.1
3/27/2020 3:37,266.4,279.1
3/27/2020 3:38,258.4,271.1
3/27/2020 3:39,259.4,272
3/27/2020 3:40,268.4,281
3/27/2020 3:41,280.4,293
3/27/2020 3:42,284.4,297
3/27/2020 3:43,285.4,298
3/27/2020 3:44,270.4,283
3/27/2020 3:45,268.4,281
3/27/2020 3:46,276.4,289
3/27/2020 3:47,297.4,310
3/27/2020 3:48,299.4,312
3/27/2020 3:49,290.4,303
3/27/2020 3:50,283.4,296
3/27/2020 3:51,268.4,281.1
3/27/2020 3:52,267.4,280
3/27/2020 3:53,280.4,293
3/27/2020 3:54,291.4,304
3/27/2020 3:55,302.4,315
3/27/2020 3:56,287.4,300
3/27/2020 3:57,267.4,280
3/27/2020 3:58,255.4,268
3/27/2020 3:59,254.4,267
3/27/2020 4:00,266.4,278.98
3/27/2020 4:01,281.4,293.96
3/27/2020 4:02,289.4,301.94
3/27/2020 4:03,303.4,315.92
3/27/2020 4:04,300.4,312.96
3/27/2020 4:05,285.4,297.99
3/27/2020 4:06,270.4,283
3/27/2020 4:07,263.4,275.99
3/27/2020 4:08,270.4,283
3/27/2020 4:09,274.4,286.97
3/27/2020 4:10,289.4,301.96
3/27/2020 4:11,295.4,307.97
3/27/2020 4:12,293.4,305.96
3/27/2020 4:13,279.2,291.98
3/27/2020 4:14,276.2,288.98
3/27/2020 4:15,290.2,302.99
3/27/2020 4:16,301.3,313.97
3/27/2020 4:17,281.4,293.97
3/27/2020 4:18,283.4,295.98
3/27/2020 4:19,288.4,300.98
3/27/2020 4:20,290.4,302.99
3/27/2020 4:21,271.4,284
3/27/2020 4:22,262.4,274.99
3/27/2020 4:23,246.4,258.96
3/27/2020 4:24,252.4,264.99
3/27/2020 4:25,267.4,279.97
3/27/2020 4:26,285.4,297.94
3/27/2020 4:27,297.4,309.93
3/27/2020 4:28,283.4,295.94
3/27/2020 4:29,272.4,284.96
3/27/2020 4:30,256.4,268.95
3/27/2020 4:31,251.4,263.96
3/27/2020 4:32,236.4,249
3/27/2020 4:33,227.4,239.97
3/27/2020 4:34,257.4,269.95
3/27/2020 4:35,286.4,298.92
3/27/2020 4:36,309.4,321.89
3/27/2020 4:37,305.4,317.88
3/27/2020 4:38,295.4,307.89
3/27/2020 4:39,289.4,301.9
3/27/2020 4:40,285.4,297.91
3/27/2020 4:41,289.4,301.89
3/27/2020 4:42,292.4,304.87
3/27/2020 4:43,312.4,324.85
3/27/2020 4:44,325.4,337.81
3/27/2020 4:45,297.4,309.84
3/27/2020 4:46,278.4,290.85
3/27/2020 4:47,281.4,293.84
3/27/2020 4:48,298.4,310.8
3/27/2020 4:49,306.4,318.8
3/27/2020 4:50,311.4,323.81
3/27/2020 4:51,306.4,318.82
3/27/2020 4:52,295.4,307.82
3/27/2020 4:53,291.4,303.82
3/27/2020 4:54,298.4,310.81
3/27/2020 4:55,285.4,297.79
3/27/2020 4:56,281.4,293.82
3/27/2020 4:57,271.3,283.83
3/27/2020 4:58,267.2,279.85
3/27/2020 4:59,275.2,287.82
3/27/2020 5:00,318.2,330.78
3/27/2020 5:01,327.4,339.74
3/27/2020 5:02,336.4,348.72
3/27/2020 5:03,346.4,358.72
3/27/2020 5:04,346.4,358.71
3/27/2020 5:05,344.4,356.69
3/27/2020 5:06,342.4,354.7
3/27/2020 5:07,336.4,348.69
3/27/2020 5:08,350.4,362.67
3/27/2020 5:09,367.4,379.67
3/27/2020 5:10,398.4,410.64
3/27/2020 5:11,393.4,405.65
3/27/2020 5:12,372.4,384.71
3/27/2020 5:13,344.4,356.71
3/27/2020 5:14,353.4,365.7
3/27/2020 5:15,375.4,387.67
3/27/2020 5:16,395.4,407.66
3/27/2020 5:17,396.4,408.63
3/27/2020 5:18,379.4,391.62
3/27/2020 5:19,348.5,360.61
3/27/2020 5:20,326.4,338.65
3/27/2020 5:21,330.4,342.65
3/27/2020 5:22,341.4,353.63
3/27/2020 5:23,354.5,366.6
3/27/2020 5:24,356.4,368.62
3/27/2020 5:25,340.5,352.61
3/27/2020 5:26,329.4,341.61
3/27/2020 5:27,321.5,333.6
3/27/2020 5:28,336.5,348.58
3/27/2020 5:29,325.5,337.58
3/27/2020 5:30,321.5,333.55
3/27/2020 5:31,344.5,356.55
3/27/2020 5:32,358.5,370.54
3/27/2020 5:33,353.5,365.54
3/27/2020 5:34,363.5,375.5
3/27/2020 5:35,336.5,348.55
3/27/2020 5:36,341.5,353.54
3/27/2020 5:37,357.5,369.51
3/27/2020 5:38,356.5,368.51
3/27/2020 5:39,337.5,349.52
3/27/2020 5:40,323.5,335.53
3/27/2020 5:41,339.5,351.5
3/27/2020 5:42,348.4,360.48
3/27/2020 5:43,358.3,370.49
3/27/2020 5:44,356.3,368.47
3/27/2020 5:45,353.3,365.43
3/27/2020 5:46,338.3,350.42
3/27/2020 5:47,321.5,333.43
3/27/2020 5:48,316.5,328.43
3/27/2020 5:49,311.5,323.44
3/27/2020 5:50,307.4,319.45
3/27/2020 5:51,327.4,339.45
3/27/2020 5:52,334.5,346.42
3/27/2020 5:53,351.5,363.4
3/27/2020 5:54,364.5,376.43
3/27/2020 5:55,363.5,375.48
3/27/2020 5:56,325.5,337.47
3/27/2020 5:57,305.5,317.47
3/27/2020 5:58,309.5,321.46
3/27/2020 5:59,289.5,301.48
3/27/2020 6:00,301.5,313.41
3/27/2020 6:01,325.5,337.35
3/27/2020 6:02,333.5,345.31
3/27/2020 6:03,321.5,333.33
3/27/2020 6:04,301.5,313.36
3/27/2020 6:05,295.5,307.36
3/27/2020 6:06,302.5,314.31
3/27/2020 6:07,313.5,325.29
3/27/2020 6:08,316.5,328.28
3/27/2020 6:09,329.5,341.26
3/27/2020 6:10,359.5,371.24
3/27/2020 6:11,360.5,372.21
3/27/2020 6:12,342.5,354.24
3/27/2020 6:13,317.5,329.24
3/27/2020 6:14,316.5,328.24
3/27/2020 6:15,322.5,334.19
3/27/2020 6:16,326.5,338.21
3/27/2020 6:17,323.4,335.63
3/27/2020 6:18,330.4,342.63
3/27/2020 6:19,332.4,344.63
3/27/2020 6:20,354.4,366.59
3/27/2020 6:21,347.4,359.6
3/27/2020 6:22,361.4,373.61
3/27/2020 6:23,364.5,376.57
3/27/2020 6:24,365.5,377.52
3/27/2020 6:25,363.5,375.47
3/27/2020 6:26,342.5,354.5
3/27/2020 6:27,350.5,362.47
3/27/2020 6:28,345.5,357.47
3/27/2020 6:29,359.5,371.47
3/27/2020 6:30,354.5,366.46
3/27/2020 6:31,342.5,354.45
3/27/2020 6:32,328.5,340.46
3/27/2020 6:33,375.5,387.4
3/27/2020 6:34,386.3,398.4
3/27/2020 6:35,414.3,426.35
3/27/2020 6:36,405.3,417.35
3/27/2020 6:37,397.3,409.35
3/27/2020 6:38,374.4,386.32
3/27/2020 6:39,373.5,385.29
3/27/2020 6:40,391.2,403.31
3/27/2020 6:41,403,415.33
3/27/2020 6:42,363.9,376.46
3/27/2020 6:43,346,358.33
3/27/2020 6:44,344,356.29
3/27/2020 6:45,341,353.11
3/27/2020 6:46,337,349.03
3/27/2020 6:47,352,364.02
3/27/2020 6:48,363,375.13
3/27/2020 6:49,360,372.04
3/27/2020 6:50,347,359.04
3/27/2020 6:51,332,344.06
3/27/2020 6:52,330,342.05
3/27/2020 6:53,359,371
3/27/2020 6:54,372.9,385.1
3/27/2020 6:55,387,398.98
3/27/2020 6:56,402,413.98
3/27/2020 6:57,382,394.08
3/27/2020 6:58,360,372.1
3/27/2020 6:59,341.9,354.2
3/27/2020 7:00,344,356.07
3/27/2020 7:01,363,374.94
3/27/2020 7:02,357,369.02
3/27/2020 7:03,355,367.04
3/27/2020 7:04,363.9,376.09
3/27/2020 7:05,362,373.91
3/27/2020 7:06,348.9,361.02
3/27/2020 7:07,343.9,355.98
3/27/2020 7:08,363,374.96
3/27/2020 7:09,386.9,399.04
3/27/2020 7:10,378,389.86
3/27/2020 7:11,397,409
3/27/2020 7:12,412.8,425.38
3/27/2020 7:13,417,429.31
3/27/2020 7:14,401.9,414.4
3/27/2020 7:15,400,412.22
3/27/2020 7:16,373,385.25
3/27/2020 7:17,365.8,378.49
3/27/2020 7:18,363,375.32
3/27/2020 7:19,348.9,361.4
3/27/2020 7:20,326,338.21
3/27/2020 7:21,330.9,343.2
3/27/2020 7:22,336.6,349.44
3/27/2020 7:23,341.8,354.28
3/27/2020 7:24,345.7,358.37
3/27/2020 7:25,373.9,386.18
3/27/2020 7:26,364,376.19
3/27/2020 7:27,355.4,368.5
3/27/2020 7:28,352,365.38
3/27/2020 7:29,326.9,340.48
3/27/2020 7:30,307,320.25
3/27/2020 7:31,296.1,308.78
3/27/2020 7:32,308.9,322.03
3/27/2020 7:33,331.1,343.87
3/27/2020 7:34,330,342.65
3/27/2020 7:35,321.1,333.5
3/27/2020 7:36,318.1,330.53
3/27/2020 7:37,326,338.62
3/27/2020 7:38,348.1,360.54
3/27/2020 7:39,356,368.64
3/27/2020 7:40,339.1,351.46
3/27/2020 7:41,338.48,342.1
3/27/2020 7:42,350.85,354.36
3/27/2020 7:43,355.88,369
3/27/2020 7:44,352.89,358.35
3/27/2020 7:45,333.49,332.44
3/27/2020 7:46,362.46,359.342
3/27/2020 7:47,396.76,393.399
3/27/2020 7:48,398.77,395.951
3/27/2020 7:49,395.76,394.93
3/27/2020 7:50,393.16,396.4
3/27/2020 7:51,407.23,427
3/27/2020 7:52,404.61,406.33
3/27/2020 7:53,424.15,419.7
3/27/2020 7:54,432.71,430.11
3/27/2020 7:55,398.41,395.17
3/27/2020 7:56,385.95,385.31
3/27/2020 7:57,389.72,388.26
3/27/2020 7:58,380.83,373.39
3/27/2020 7:59,356.5,347.0259
3/27/2020 8:00,360.6,343.9
3/27/2020 8:01,355.5,348.41
3/27/2020 8:02,370.1,370.3
3/27/2020 8:03,354.2,338.262
3/27/2020 8:04,349.6,342.29
3/27/2020 8:05,334.5,316.9
3/27/2020 8:06,348.6,340.31
3/27/2020 8:07,362.3,369.1
3/27/2020 8:08,355.1,345.33
3/27/2020 8:09,357.2,352.5
3/27/2020 8:10,360.9,342.61
3/27/2020 8:11,332.8,317.51
3/27/2020 8:12,312.3,309.2
3/27/2020 8:13,301,287.7
3/27/2020 8:14,318.1,309
3/27/2020 8:15,324.4,309.92
3/27/2020 8:16,338.4,321.57
3/27/2020 8:17,361.7,334.7
3/27/2020 8:18,363.9,335.4
3/27/2020 8:19,329.7,303.6
3/27/2020 8:20,321.8,302.62
3/27/2020 8:21,336.7,326.09
3/27/2020 8:22,327.9,318.36
3/27/2020 8:23,336.7,330.24
3/27/2020 8:24,336.1,334.6
3/27/2020 8:25,380.8,363.47
3/27/2020 8:26,379.7,356.6
3/27/2020 8:27,381.7,362
3/27/2020 8:28,398.9,405
3/27/2020 8:29,395.5,398.4
3/27/2020 8:30,389.6,381.22
3/27/2020 8:31,377,364.991
3/27/2020 8:32,343,349.4
3/27/2020 8:33,333.7,347.4
3/27/2020 8:34,350.4,351.9
3/27/2020 8:35,348.3,366.1
3/27/2020 8:36,346.3,352.5
3/27/2020 8:37,361.6,368.2
3/27/2020 8:38,373.8,367.69
3/27/2020 8:39,357.4,349.32
3/27/2020 8:40,367.4,367.6
3/27/2020 8:41,380.9,382
3/27/2020 8:42,395.7,417.6
3/27/2020 8:43,392.5,405.8
3/27/2020 8:44,384.7,393.4
3/27/2020 8:45,395.9,401
3/27/2020 8:46,360.3,380.1
3/27/2020 8:47,369.4,369.3
3/27/2020 8:48,361.8,359.1
3/27/2020 8:49,354.5,352.2
3/27/2020 8:50,352,341.16
3/27/2020 8:51,346.8,343.6
3/27/2020 8:52,349.1,338.92
3/27/2020 8:53,353.1,340.19
3/27/2020 8:54,361.9,347.23
3/27/2020 8:55,362.1,338
3/27/2020 8:56,356.9,335.44
3/27/2020 8:57,390.5,378.3
3/27/2020 8:58,395.1,370.5
3/27/2020 8:59,401.7,377.7
3/27/2020 9:00,386,365.13
3/27/2020 9:01,376.9,353
3/27/2020 9:02,399.4,372.8
3/27/2020 9:03,400.1,374.947
3/27/2020 9:04,376.2,346.7
3/27/2020 9:05,372.7,343.7
3/27/2020 9:06,385.9,364.76
3/27/2020 9:07,366,332.9
3/27/2020 9:08,357.3,319.5
3/27/2020 9:09,344.8,307.5
3/27/2020 9:10,338.1,301.5
3/27/2020 9:11,328.9,295.6
3/27/2020 9:12,337.8,306.6
3/27/2020 9:13,345.9,314.7
3/27/2020 9:14,345.7,310.5
3/27/2020 9:15,343.5,304.4
3/27/2020 9:16,374.3,334.4
3/27/2020 9:17,378.9,342.4
3/27/2020 9:18,378.4,345.5
3/27/2020 9:19,368.1,336.5
3/27/2020 9:20,365.5,335.5
3/27/2020 9:21,355.5,328.206
3/27/2020 9:22,361.3,331.6
3/27/2020 9:23,378.7,348.9
3/27/2020 9:24,378.1,345.7
3/27/2020 9:25,384.7,353.451
3/27/2020 9:26,410.8,375.4
3/27/2020 9:27,406.9,369.4
3/27/2020 9:28,385.8,346.4
3/27/2020 9:29,391.3,350.8
3/27/2020 9:30,380.2,335.3
3/27/2020 9:31,391.9,342.2
3/27/2020 9:32,396.2,345.2
3/27/2020 9:33,392,340.2
3/27/2020 9:34,399.2,348.1
3/27/2020 9:35,423.3,373.2
3/27/2020 9:36,384.4,333.2
3/27/2020 9:37,369.9,316.2
3/27/2020 9:38,367.1,315.2
3/27/2020 9:39,369.8,321.2
3/27/2020 9:40,365.8,317.2
3/27/2020 9:41,368.1,320.2
3/27/2020 9:42,349.3,302.2
3/27/2020 9:43,349.3,301.2
3/27/2020 9:44,341,291.2
3/27/2020 9:45,325.9,275.1
3/27/2020 9:46,346,289
3/27/2020 9:47,364.9,296.8
3/27/2020 9:48,359,279.6
3/27/2020 9:49,361.7,274.5
3/27/2020 9:50,361.6,272.4
3/27/2020 9:51,346.7,261.5
3/27/2020 9:52,333.7,256.6
3/27/2020 9:53,337.2,268.7
3/27/2020 9:54,339.4,276.9
3/27/2020 9:55,324.2,263.9
3/27/2020 9:56,331,269.9
3/27/2020 9:57,340.6,277.9
3/27/2020 9:58,368.2,303.9
3/27/2020 9:59,356.5,290.9
3/27/2020 10:00,340.1,272.9
3/27/2020 10:01,345,275.8
3/27/2020 10:02,344.1,273.9
3/27/2020 10:03,338.8,268.8
3/27/2020 10:04,356.8,288.8
3/27/2020 10:05,387.3,321.9
3/27/2020 10:06,408.2,344.9
3/27/2020 10:07,394.5,333
3/27/2020 10:08,389.7,331
3/27/2020 10:09,390.4,336.1
3/27/2020 10:10,386.7,336.1
3/27/2020 10:11,366,316.2
3/27/2020 10:12,354.1,303.1
3/27/2020 10:13,376.7,324.1
3/27/2020 10:14,382.6,328
3/27/2020 10:15,381.3,324
3/27/2020 10:16,360,299.1
3/27/2020 10:17,365.1,299.8
3/27/2020 10:18,358.1,288.7
3/27/2020 10:19,367.1,293.7
3/27/2020 10:20,395.6,317.6
3/27/2020 10:21,390.2,306.4
3/27/2020 10:22,386.7,296.4
3/27/2020 10:23,388.2,290.3
3/27/2020 10:24,371.9,268.2
3/27/2020 10:25,352,248.2
3/27/2020 10:26,343.9,244.3
3/27/2020 10:27,356.7,262.6
3/27/2020 10:28,368,275.7
3/27/2020 10:29,354.2,260.4
3/27/2020 10:30,342.7,247.4
3/27/2020 10:31,345.4,248.4
3/27/2020 10:32,326.3,227.4
3/27/2020 10:33,331.2,231.3
3/27/2020 10:34,335,235.4
3/27/2020 10:35,337,238.4
3/27/2020 10:36,327.4,228.4
3/27/2020 10:37,326.9,226.4
3/27/2020 10:38,334.4,234.4
3/27/2020 10:39,369.6,274.4
3/27/2020 10:40,389,302
3/27/2020 10:41,387.2,304.8
3/27/2020 10:42,367.5,286.7
3/27/2020 10:43,382.9,300.6
3/27/2020 10:44,380.3,296.6
3/27/2020 10:45,368.7,284.8
3/27/2020 10:46,364.7,280.6
3/27/2020 10:47,362.5,277.6
3/27/2020 10:48,359,272.7
3/27/2020 10:49,347.4,259.5
3/27/2020 10:50,335.3,247.5
3/27/2020 10:51,342,253.5
3/27/2020 10:52,338.5,248
3/27/2020 10:53,343,247.6
3/27/2020 10:54,363.7,265.5
3/27/2020 10:55,369.2,271.5
3/27/2020 10:56,355.9,261.5
3/27/2020 10:57,353.7,261.6
3/27/2020 10:58,353.5,260.5
3/27/2020 10:59,358.5,264.5
3/27/2020 11:00,365.6,271.5
3/27/2020 11:01,359.1,264
3/27/2020 11:02,348.4,250
3/27/2020 11:03,343.5,240.2
3/27/2020 11:04,349,237.1
3/27/2020 11:05,339,219.7
3/27/2020 11:06,311,189.8
3/27/2020 11:07,321,199.7
3/27/2020 11:08,337,216.8
3/27/2020 11:09,355,231.9
3/27/2020 11:10,345,218.7
3/27/2020 11:11,346,219.7
3/27/2020 11:12,360,232.6
3/27/2020 11:13,362,233.4
3/27/2020 11:14,390,262.6
3/27/2020 11:15,396,265.7
3/27/2020 11:16,374,243.5
3/27/2020 11:17,361,232.4
3/27/2020 11:18,345,217.6
3/27/2020 11:19,356,225.4
3/27/2020 11:20,366,231.5
3/27/2020 11:21,337,201.7
3/27/2020 11:22,323,184.7
3/27/2020 11:23,323,179.4
3/27/2020 11:24,336,187.4
3/27/2020 11:25,338,183.5
3/27/2020 11:26,338,176.6
3/27/2020 11:27,355,191.1
3/27/2020 11:28,377,215.2
3/27/2020 11:29,385,229.3
3/27/2020 11:30,384,230.4
3/27/2020 11:31,387,239.4
3/27/2020 11:32,381,247.7
3/27/2020 11:33,365,248.8
3/27/2020 11:34,378,270.7
3/27/2020 11:35,363.5,260
3/27/2020 11:36,339,231.9
3/27/2020 11:37,337,224
3/27/2020 11:38,345,216.6
3/27/2020 11:39,341,198.5
3/27/2020 11:40,325,183.5
3/27/2020 11:41,337,197.5
3/27/2020 11:42,344,199.5
3/27/2020 11:43,350,211.7
3/27/2020 11:44,356,231.7
3/27/2020 11:45,354,230.8
3/27/2020 11:46,358,229.7
3/27/2020 11:47,351,217.6
3/27/2020 11:48,336,188.6
3/27/2020 11:49,343,162.2
3/27/2020 11:50,339,117.3
3/27/2020 11:51,340,121.2
3/27/2020 11:52,329,148.3
3/27/2020 11:53,328,191.9
3/27/2020 11:54,342,226
3/27/2020 11:55,350,233.9
3/27/2020 11:56,346,226.7
3/27/2020 11:57,342,223.8
3/27/2020 11:58,323,208.9
3/27/2020 11:59,317,205.7
3/27/2020 12:00,302,187.7
3/27/2020 12:01,329,198.4
3/27/2020 12:02,360,216.3
3/27/2020 12:03,365,217.4
3/27/2020 12:04,382,240.6
3/27/2020 12:05,382,246.7
3/27/2020 12:06,361,224.4
3/27/2020 12:07,322,185.6
3/27/2020 12:08,310,156.5
3/27/2020 12:09,307,125.2
3/27/2020 12:10,323,120.2
3/27/2020 12:11,335,136.3
3/27/2020 12:12,332,149.2
3/27/2020 12:13,348,178.3
3/27/2020 12:14,362,197.2
3/27/2020 12:15,347,185.6
3/27/2020 12:16,329,171.5
3/27/2020 12:17,320,171.4
3/27/2020 12:18,316,174.5
3/27/2020 12:19,313,169.3
3/27/2020 12:20,312,153.2
3/27/2020 12:21,328,154
3/27/2020 12:22,338,157
3/27/2020 12:23,341,157.1
3/27/2020 12:24,365,180.1
3/27/2020 12:25,368,186.1
3/27/2020 12:26,362,188.3
3/27/2020 12:27,342,176.2
3/27/2020 12:28,331,169.3
3/27/2020 12:29,327,168.2
3/27/2020 12:30,328,171.2
3/27/2020 12:31,334,179.3
3/27/2020 12:32,321,168.3
3/27/2020 12:33,314,164.3
3/27/2020 12:34,328,181.4
3/27/2020 12:35,349,203.4
3/27/2020 12:36,338,193.3
3/27/2020 12:37,329,188.5
3/27/2020 12:38,334,196.4
3/27/2020 12:39,323,187.2
3/27/2020 12:40,312,178.2
3/27/2020 12:41,333,203.3
3/27/2020 12:42,346,220.3
3/27/2020 12:43,344,221.4
3/27/2020 12:44,333,212.6
3/27/2020 12:45,332,212.6
3/27/2020 12:46,345,224.6
3/27/2020 12:47,355,233.6
3/27/2020 12:48,336,215.7
3/27/2020 12:49,332,213.4
3/27/2020 12:50,322,205.5
3/27/2020 12:51,317,201.5
3/27/2020 12:52,339,222.5
3/27/2020 12:53,336,217.6
3/27/2020 12:54,340,215.5
3/27/2020 12:55,326,194.5
3/27/2020 12:56,317,174.4
3/27/2020 12:57,322,169.3
3/27/2020 12:58,322,155.4
3/27/2020 12:59,339,153.9
3/27/2020 13:00,335,136.8
3/27/2020 13:01,313,112.8
3/27/2020 13:02,321,129.8
3/27/2020 13:03,333,155.1
3/27/2020 13:04,335,160.1
3/27/2020 13:05,328,154.3
3/27/2020 13:06,330,155.3
3/27/2020 13:07,355,182.3
3/27/2020 13:08,371,198.4
3/27/2020 13:09,360,183.1
3/27/2020 13:10,362,181
3/27/2020 13:11,360,175
3/27/2020 13:12,358,169
3/27/2020 13:13,332,143.1
3/27/2020 13:14,325,136.1
3/27/2020 13:15,318,133.4
3/27/2020 13:16,328,150.4
3/27/2020 13:17,347,176.3
3/27/2020 13:18,358,191.3
3/27/2020 13:19,354,191.1
3/27/2020 13:20,377,214
3/27/2020 13:21,377,208.9
3/27/2020 13:22,351,174.9
3/27/2020 13:23,330,145
3/27/2020 13:24,316,125
3/27/2020 13:25,326,131.1
3/27/2020 13:26,364,162.9
3/27/2020 13:27,369,159.2
3/27/2020 13:28,368,144.1
3/27/2020 13:29,375,129.5
3/27/2020 13:30,370,106.3
3/27/2020 13:31,366,104.5
3/27/2020 13:32,342.4,92.5
3/27/2020 13:33,337,95.3
3/27/2020 13:34,333,104
3/27/2020 13:35,324,116
3/27/2020 13:36,330,146.1
3/27/2020 13:37,329,140.1
3/27/2020 13:38,319,119.1
3/27/2020 13:39,305,111.1
3/27/2020 13:40,318,136.2
3/27/2020 13:41,315,147.1
3/27/2020 13:42,320,162.3
3/27/2020 13:43,334,189.4
3/27/2020 13:44,343,200.5
3/27/2020 13:45,338,191.5
3/27/2020 13:46,317,168.4
3/27/2020 13:47,310,167.6
3/27/2020 13:48,309,176.6
3/27/2020 13:49,318,212.9
3/27/2020 13:50,320.2,243.4
3/27/2020 13:51,327.2,271.8
3/27/2020 13:52,339.4,278.5
3/27/2020 13:53,336.5,263.2
3/27/2020 13:54,322.2,247.2
3/27/2020 13:55,305.2,236.5
3/27/2020 13:56,310.7,247.5
3/27/2020 13:57,316.6,246.3
3/27/2020 13:58,317.5,227.1
3/27/2020 13:59,312,206.8
3/27/2020 14:00,321.8,219.9
3/27/2020 14:01,315.6,224
3/27/2020 14:02,324.1,235.1
3/27/2020 14:03,311.5,214.8
3/27/2020 14:04,301.8,207.9
3/27/2020 14:05,295.4,202.9
3/27/2020 14:06,302.7,206
3/27/2020 14:07,297,191.9
3/27/2020 14:08,311,195.7
3/27/2020 14:09,347,223.8
3/27/2020 14:10,358,244.8
3/27/2020 14:11,343.4,241
3/27/2020 14:12,335.7,237
3/27/2020 14:13,359.9,266.2
3/27/2020 14:14,358.1,268.1
3/27/2020 14:15,349.3,260
3/27/2020 14:16,347.6,256.1
3/27/2020 14:17,373.7,276.1
3/27/2020 14:18,367,259
3/27/2020 14:19,340,220.7
3/27/2020 14:20,319,193
3/27/2020 14:21,283,160.9
3/27/2020 14:22,291,160.9
3/27/2020 14:23,299,145.7
3/27/2020 14:24,313,140.6
3/27/2020 14:25,324,146.4
3/27/2020 14:26,342,175.4
3/27/2020 14:27,338,193.6
3/27/2020 14:28,323,196.8
3/27/2020 14:29,324,204.9
3/27/2020 14:30,308,198
3/27/2020 14:31,299.7,198.1
3/27/2020 14:32,304.4,204.5
3/27/2020 14:33,301,201.2
3/27/2020 14:34,314,209.1
3/27/2020 14:35,325,210
3/27/2020 14:36,332,212.7
3/27/2020 14:37,331,213.8
3/27/2020 14:38,338,222.8
3/27/2020 14:39,351.4,250
3/27/2020 14:40,334.5,258.4
3/27/2020 14:41,325,258.4
3/27/2020 14:42,314.7,239.3
3/27/2020 14:43,335.4,244.9
3/27/2020 14:44,337.1,243.3
3/27/2020 14:45,321.4,233.3
3/27/2020 14:46,319.4,240.2
3/27/2020 14:47,334.1,243.2
3/27/2020 14:48,325,220.9
3/27/2020 14:49,331,215.7
3/27/2020 14:50,323,198.6
3/27/2020 14:51,302,178.8
3/27/2020 14:52,305,197.1
3/27/2020 14:53,315.6,230.3
3/27/2020 14:54,305.5,238.5
3/27/2020 14:55,341.1,266.4
3/27/2020 14:56,341.5,248.6
3/27/2020 14:57,361.2,265.1
3/27/2020 14:58,378.7,294.2
3/27/2020 14:59,395.1,328.7
3/27/2020 15:00,360.5,300.6
3/27/2020 15:01,363.1,308.7
3/27/2020 15:02,345.9,297.8
3/27/2020 15:03,328,280
3/27/2020 15:04,325.5,277
3/27/2020 15:05,330.5,283.9
3/27/2020 15:06,321.7,279
3/27/2020 15:07,316,278.1
3/27/2020 15:08,316.5,282.7
3/27/2020 15:09,352.5,319.3
3/27/2020 15:10,354.3,326.16
3/27/2020 15:11,346.7,315.7
3/27/2020 15:12,354.6,321.49
3/27/2020 15:13,338.3,300
3/27/2020 15:14,337.8,297
3/27/2020 15:15,348.4,306
3/27/2020 15:16,337.3,295.1
3/27/2020 15:17,305.6,265
3/27/2020 15:18,304.5,266
3/27/2020 15:19,328,290
3/27/2020 15:20,336,298.3
3/27/2020 15:21,341,304.4
3/27/2020 15:22,354.7,317
3/27/2020 15:23,355.4,315
3/27/2020 15:24,329.1,285.1
3/27/2020 15:25,333.7,291
3/27/2020 15:26,334.9,297.1
3/27/2020 15:27,328.9,293.2
3/27/2020 15:28,329.2,293.1
3/27/2020 15:29,342.2,302
3/27/2020 15:30,371.2,326.9
3/27/2020 15:31,362,322.633
3/27/2020 15:32,361.9,324.2
3/27/2020 15:33,360.9,324.3
3/27/2020 15:34,402.5,364.1
3/27/2020 15:35,370,333.1
3/27/2020 15:36,354.9,320.2
3/27/2020 15:37,364.5,337.39
3/27/2020 15:38,353.8,324.3
3/27/2020 15:39,370.7,345.1
3/27/2020 15:40,339.6,324.47
3/27/2020 15:41,334.7,345
3/27/2020 15:42,341.8,336.7
3/27/2020 15:43,333.7,316.6
3/27/2020 15:44,338.1,328.6
3/27/2020 15:45,331,302.61
3/27/2020 15:46,324.7,276.9
3/27/2020 15:47,295,239.9
3/27/2020 15:48,292.1,227.7
3/27/2020 15:49,305.1,238.6
3/27/2020 15:50,312.9,249.7
3/27/2020 15:51,319.4,260.7
3/27/2020 15:52,328,274.8
3/27/2020 15:53,357.4,307.9
3/27/2020 15:54,375.6,325.9
3/27/2020 15:55,370.6,316.8
3/27/2020 15:56,353.3,295.7
3/27/2020 15:57,340.5,279.8
3/27/2020 15:58,337.9,273.7
3/27/2020 15:59,363.2,300.8
3/27/2020 16:00,379.4,323.9
3/27/2020 16:01,380.5,330
3/27/2020 16:02,344.8,296
3/27/2020 16:03,327.8,278
3/27/2020 16:04,331.1,277.9
3/27/2020 16:05,345.5,286.8
3/27/2020 16:06,341.8,276.7
3/27/2020 16:07,343.6,276.7
3/27/2020 16:08,350.4,287.7
3/27/2020 16:09,364.6,303.7
3/27/2020 16:10,360.7,297.6
3/27/2020 16:11,340.8,271.5
3/27/2020 16:12,314.8,233.2
3/27/2020 16:13,311.8,216
3/27/2020 16:14,349,242.8
3/27/2020 16:15,350,237.7
3/27/2020 16:16,374,258.6
3/27/2020 16:17,389,271.6
3/27/2020 16:18,401,274.6
3/27/2020 16:19,377,240.4
3/27/2020 16:20,334,189.3
3/27/2020 16:21,330,177.2
3/27/2020 16:22,311,154.3
3/27/2020 16:23,309,159.4
3/27/2020 16:24,328,184.5
3/27/2020 16:25,337,194.6
3/27/2020 16:26,324,183.7
3/27/2020 16:27,328,201.7
3/27/2020 16:28,319,206
3/27/2020 16:29,323.5,221.1
3/27/2020 16:30,327.3,230.2
3/27/2020 16:31,346.7,250.1
3/27/2020 16:32,342.1,246.2
3/27/2020 16:33,323.3,230.2
3/27/2020 16:34,322.1,234.2
3/27/2020 16:35,305.8,223.4
3/27/2020 16:36,314.3,237.5
3/27/2020 16:37,325.7,257.6
3/27/2020 16:38,344.3,282.7
3/27/2020 16:39,364.2,307.9
3/27/2020 16:40,371.8,320.1
3/27/2020 16:41,342,293.2
3/27/2020 16:42,318.4,271.2
3/27/2020 16:43,325.4,279.3
3/27/2020 16:44,334.7,289.3
3/27/2020 16:45,333.6,288.2
3/27/2020 16:46,360.3,314.1
3/27/2020 16:47,361.2,314.1
3/27/2020 16:48,403.1,355
3/27/2020 16:49,400.7,351.1
3/27/2020 16:50,386.1,334.1
3/27/2020 16:51,382.1,330.1
3/27/2020 16:52,369.3,319.2
3/27/2020 16:53,365.7,317.4
3/27/2020 16:54,353.5,305.2
3/27/2020 16:55,331.2,282.3
3/27/2020 16:56,327.5,277.2
3/27/2020 16:57,354.5,304.3
3/27/2020 16:58,357.7,308.2
3/27/2020 16:59,354.3,306.4
3/27/2020 17:00,338.6,291.3
3/27/2020 17:01,324.9,277.4
3/27/2020 17:02,329.7,280.2
3/27/2020 17:03,331.4,280.3
3/27/2020 17:04,335.2,283.2
3/27/2020 17:05,353.6,304.4
3/27/2020 17:06,351.5,307.4
3/27/2020 17:07,331.1,296.29
3/27/2020 17:08,339.4,310.2
3/27/2020 17:09,321.9,306.99
3/27/2020 17:10,321.2,315.6
3/27/2020 17:11,335.3,351.2
3/27/2020 17:12,368.8,388.1
3/27/2020 17:13,366.8,376.1
3/27/2020 17:14,343.9,359.5
3/27/2020 17:15,352,364.1
3/27/2020 17:16,333.1,346.4
3/27/2020 17:17,324.2,339.5
3/27/2020 17:18,324.9,343.2
3/27/2020 17:19,329.4,348.3
3/27/2020 17:20,322.7,320.1
3/27/2020 17:21,324.8,316.82
3/27/2020 17:22,382.1,365.44
3/27/2020 17:23,392.3,375.22
3/27/2020 17:24,399.4,395.2
3/27/2020 17:25,390,399.4
3/27/2020 17:26,396.7,415.7
3/27/2020 17:27,396.1,426.3
3/27/2020 17:28,387.4,399.8
3/27/2020 17:29,348.7,341.27
3/27/2020 17:30,398.3,443.7
3/27/2020 17:31,402.42,436.8
3/27/2020 17:32,400.91,408.3
3/27/2020 17:33,375.22,371.8
3/27/2020 17:34,353.611,352.11
3/27/2020 17:35,336.33,337.88
3/27/2020 17:36,348.9,351.7
3/27/2020 17:37,365.8,368.86
3/27/2020 17:38,354.37,356.65
3/27/2020 17:39,336.8,338.72
3/27/2020 17:40,323.95,325.91
3/27/2020 17:41,340.126,341.61
3/27/2020 17:42,330.87,332.58
3/27/2020 17:43,349.53,351.65
3/27/2020 17:44,349.39,351.47
3/27/2020 17:45,377.7,380.46
3/27/2020 17:46,380.3,384.96
3/27/2020 17:47,371.1,382.03
3/27/2020 17:48,324.9,338.83
3/27/2020 17:49,320.9,334.92
3/27/2020 17:50,308.8,322.98
3/27/2020 17:51,332,345.83
3/27/2020 17:52,330.8,345.1
3/27/2020 17:53,329.8,344
3/27/2020 17:54,357.8,372
3/27/2020 17:55,373,386.81
3/27/2020 17:56,376.8,391
3/27/2020 17:57,381.8,395.86
3/27/2020 17:58,388.6,402.96
3/27/2020 17:59,405.7,419.86
3/27/2020 18:00,330.7,344.93
3/27/2020 18:01,325.7,340
3/27/2020 18:02,316.9,330.96
3/27/2020 18:03,291.9,306
3/27/2020 18:04,301.9,316
3/27/2020 18:05,317.8,332.1
3/27/2020 18:06,322.7,337.1
3/27/2020 18:07,342,355.86
3/27/2020 18:08,360.9,374.93
3/27/2020 18:09,353.8,368
3/27/2020 18:10,319.8,334.1
3/27/2020 18:11,321.8,336
3/27/2020 18:12,335,348.89
3/27/2020 18:13,331.9,345.94
3/27/2020 18:14,327.8,342
3/27/2020 18:15,341.8,356.1
3/27/2020 18:16,368.9,382.99
3/27/2020 18:17,374,387.89
3/27/2020 18:18,341.9,355.99
3/27/2020 18:19,336.8,351.1
3/27/2020 18:20,326.8,341.2
3/27/2020 18:21,321.9,336
3/27/2020 18:22,330,343.92
3/27/2020 18:23,336.9,350.96
3/27/2020 18:24,352.8,367
3/27/2020 18:25,333.8,348.1
3/27/2020 18:26,347,360.88
3/27/2020 18:27,349.8,364
3/27/2020 18:28,343,356.89
3/27/2020 18:29,334.8,349.1
3/27/2020 18:30,332.8,347.1
3/27/2020 18:31,343,356.89
3/27/2020 18:32,314,327.9
3/27/2020 18:33,287.9,301.97
3/27/2020 18:34,294.9,308.88
3/27/2020 18:35,310.6,325.2
3/27/2020 18:36,346.8,360.81
3/27/2020 18:37,379.8,393.78
3/27/2020 18:38,373.7,387.93
3/27/2020 18:39,348.9,362.87
3/27/2020 18:40,353.7,368.2
3/27/2020 18:41,340.9,354.96
3/27/2020 18:42,331,344.9
3/27/2020 18:43,332,345.87
3/27/2020 18:44,339.8,354
3/27/2020 18:45,336.8,351
3/27/2020 18:46,345.8,360
3/27/2020 18:47,346.9,360.9
3/27/2020 18:48,344,357.8
3/27/2020 18:49,351,364.83
3/27/2020 18:50,351.8,366.1
3/27/2020 18:51,333.9,347.9
3/27/2020 18:52,325.8,340
3/27/2020 18:53,336.9,351
3/27/2020 18:54,339,352.84
3/27/2020 18:55,332.9,347
3/27/2020 18:56,327,340.82
3/27/2020 18:57,323.9,337.89
3/27/2020 18:58,357.8,371.98
3/27/2020 18:59,366.9,380.86
3/27/2020 19:00,365.9,379.87
3/27/2020 19:01,351,364.79
3/27/2020 19:02,337,350.77
3/27/2020 19:03,305.9,319.87
3/27/2020 19:04,297.8,312.1
3/27/2020 19:05,303.9,317.91
3/27/2020 19:06,319.9,333.92
3/27/2020 19:07,335,348.78
3/27/2020 19:08,315,328.78
3/27/2020 19:09,307,320.79
3/27/2020 19:10,288.8,302.97
3/27/2020 19:11,288,301.78
3/27/2020 19:12,307,320.76
3/27/2020 19:13,319,332.81
3/27/2020 19:14,338.4,351.71
3/27/2020 19:15,345.5,358.7
3/27/2020 19:16,320.7,333.76
3/27/2020 19:17,283.4,295.65
3/27/2020 19:18,292.2,304.66
3/27/2020 19:19,290.2,302.63
3/27/2020 19:20,316.2,328.61
3/27/2020 19:21,310.3,322.61
3/27/2020 19:22,303.4,315.68
3/27/2020 19:23,301.4,313.59
3/27/2020 19:24,279.4,291.62
3/27/2020 19:25,279.4,291.58
3/27/2020 19:26,282.4,294.58
3/27/2020 19:27,276.4,288.6
3/27/2020 19:28,299.4,311.56
3/27/2020 19:29,305.4,317.54
3/27/2020 19:30,300.4,312.52
3/27/2020 19:31,307.4,319.53
3/27/2020 19:32,310.4,322.52
3/27/2020 19:33,291.4,303.54
3/27/2020 19:34,294.4,306.52
3/27/2020 19:35,300.4,312.52
3/27/2020 19:36,302.4,314.53
3/27/2020 19:37,281.4,293.55
3/27/2020 19:38,268.4,280.57
3/27/2020 19:39,252.4,264.62
3/27/2020 19:40,255.4,267.62
3/27/2020 19:41,266.4,278.61
3/27/2020 19:42,292.4,304.57
3/27/2020 19:43,304.4,316.56
3/27/2020 19:44,325.4,337.56
3/27/2020 19:45,325.4,337.57
3/27/2020 19:46,292.4,304.55
3/27/2020 19:47,288.4,300.54
3/27/2020 19:48,312.4,324.54
3/27/2020 19:49,333.4,345.5
3/27/2020 19:50,333.4,345.53
3/27/2020 19:51,297.4,309.58
3/27/2020 19:52,282.4,294.61
3/27/2020 19:53,278.4,290.64
3/27/2020 19:54,275.4,287.66
3/27/2020 19:55,274.4,286.68
3/27/2020 19:56,278.4,290.69
3/27/2020 19:57,283.4,295.75
3/27/2020 19:58,293.4,305.75
3/27/2020 19:59,285.4,297.73
3/27/2020 20:00,281.2,293.71
3/27/2020 20:01,288.2,300.69
3/27/2020 20:02,290.2,302.68
3/27/2020 20:03,292.2,304.65
3/27/2020 20:04,294.4,306.65
3/27/2020 20:05,320.4,332.64
3/27/2020 20:06,323.4,335.65
3/27/2020 20:07,305.4,317.68
3/27/2020 20:08,274.4,286.64
3/27/2020 20:09,255.4,267.64
3/27/2020 20:10,260.4,272.68
3/27/2020 20:11,252.4,264.68
3/27/2020 20:12,270.4,282.7
3/27/2020 20:13,293.4,305.69
3/27/2020 20:14,296.4,308.7
3/27/2020 20:15,289.4,301.7
3/27/2020 20:16,279.4,291.71
3/27/2020 20:17,282.4,294.73
3/27/2020 20:18,277.4,289.73
3/27/2020 20:19,295.4,307.75
3/27/2020 20:20,298.4,310.75
3/27/2020 20:21,304.4,316.74
3/27/2020 20:22,314.4,326.75
3/27/2020 20:23,328.4,340.73
3/27/2020 20:24,325.4,337.75
3/27/2020 20:25,323.4,335.76
3/27/2020 20:26,316.4,328.75
3/27/2020 20:27,320.4,332.75
3/27/2020 20:28,325.4,337.72
3/27/2020 20:29,315.4,327.74
3/27/2020 20:30,324.4,336.73
3/27/2020 20:31,317.4,329.77
3/27/2020 20:32,310.4,322.79
3/27/2020 20:33,303.4,315.84
3/27/2020 20:34,307.4,319.9
3/27/2020 20:35,301.4,313.89
3/27/2020 20:36,299.4,311.88
3/27/2020 20:37,288.4,300.86
3/27/2020 20:38,277.4,289.84
3/27/2020 20:39,281.4,293.82
3/27/2020 20:40,280.2,292.84
3/27/2020 20:41,285.2,297.84
3/27/2020 20:42,259.2,271.87
3/27/2020 20:43,266.2,278.85
3/27/2020 20:44,276.3,288.84
3/27/2020 20:45,282.4,294.85
3/27/2020 20:46,311.4,323.88
3/27/2020 20:47,330.4,342.88
3/27/2020 20:48,349.4,361.86
3/27/2020 20:49,325.4,337.87
3/27/2020 20:50,278.4,290.89
3/27/2020 20:51,260.4,272.9
3/27/2020 20:52,269.4,281.91
3/27/2020 20:53,283.4,295.9
3/27/2020 20:54,309.4,321.88
3/27/2020 20:55,326.4,338.89
3/27/2020 20:56,324.4,336.88
3/27/2020 20:57,322.4,334.92
3/27/2020 20:58,335.4,347.92
3/27/2020 20:59,346.4,358.93
3/27/2020 21:00,318.4,330.97
3/27/2020 21:01,310.4,322.98
3/27/2020 21:02,315.4,328
3/27/2020 21:03,334.4,347
3/27/2020 21:04,319.4,331.99
3/27/2020 21:05,322.4,334.99
3/27/2020 21:06,296.4,309
3/27/2020 21:07,332.4,345
3/27/2020 21:08,328.4,341
3/27/2020 21:09,322.4,335
3/27/2020 21:10,305.4,318
3/27/2020 21:11,286.4,299
3/27/2020 21:12,281.4,294
3/27/2020 21:13,275.4,288
3/27/2020 21:14,280.4,293
3/27/2020 21:15,283.4,296
3/27/2020 21:16,275.4,288.1
3/27/2020 21:17,262.4,275
3/27/2020 21:18,273.4,286
3/27/2020 21:19,308.4,321
3/27/2020 21:20,302.4,315
3/27/2020 21:21,280.2,293.1
3/27/2020 21:22,274.2,287.1
3/27/2020 21:23,285.2,298
3/27/2020 21:24,315.2,328.1
3/27/2020 21:25,312.3,325.1
3/27/2020 21:26,304.4,317.1
3/27/2020 21:27,295.4,308.1
3/27/2020 21:28,304.3,317.1
3/27/2020 21:29,309.3,322.1
3/27/2020 21:30,300.3,313.1
3/27/2020 21:31,313.4,326.1
3/27/2020 21:32,318.4,331.1
3/27/2020 21:33,317.4,330.1
3/27/2020 21:34,321.4,334.1
3/27/2020 21:35,306.4,319.1
3/27/2020 21:36,293.4,306.1
3/27/2020 21:37,299.4,312.1
3/27/2020 21:38,289.4,302
3/27/2020 21:39,289.4,302.1
3/27/2020 21:40,310.4,323.1
3/27/2020 21:41,331.4,344.1
3/27/2020 21:42,314.4,327.1
3/27/2020 21:43,304.4,317.1
3/27/2020 21:44,310.4,323.1
3/27/2020 21:45,310.4,323.1
3/27/2020 21:46,321.4,334.1
3/27/2020 21:47,293.4,306.2
3/27/2020 21:48,294.4,307.2
3/27/2020 21:49,291.4,304.2
3/27/2020 21:50,303.4,316.2
3/27/2020 21:51,298.4,311.1
3/27/2020 21:52,300.4,313.1
3/27/2020 21:53,289.4,302.1
3/27/2020 21:54,282.4,295.1
3/27/2020 21:55,281.4,294.1
3/27/2020 21:56,280.4,293.1
3/27/2020 21:57,276.4,289.1
3/27/2020 21:58,282.4,295
3/27/2020 21:59,256.4,269.1
3/27/2020 22:00,267.4,280.1
3/27/2020 22:01,264.4,277.1
3/27/2020 22:02,259.4,272.1
3/27/2020 22:03,247.3,260.1
3/27/2020 22:04,261.2,274.1
3/27/2020 22:05,280.2,293.1
3/27/2020 22:06,294.2,307.1
3/27/2020 22:07,299.2,312.1
3/27/2020 22:08,306.4,319.1
3/27/2020 22:09,315.4,328
3/27/2020 22:10,313.4,326.1
3/27/2020 22:11,319.4,332.1
3/27/2020 22:12,334.4,347.1
3/27/2020 22:13,345.4,358.1
3/27/2020 22:14,352.4,365.1
3/27/2020 22:15,339.4,352.1
3/27/2020 22:16,311.4,324.1
3/27/2020 22:17,328.4,341.1
3/27/2020 22:18,325.4,338.1
3/27/2020 22:19,327.4,340.1
3/27/2020 22:20,319.4,332.1
3/27/2020 22:21,331.4,344.1
3/27/2020 22:22,329.4,342.1
3/27/2020 22:23,307.4,320.1
3/27/2020 22:24,298.4,311.1
3/27/2020 22:25,291.4,304.2
3/27/2020 22:26,308.4,321.1
3/27/2020 22:27,303.4,316.2
3/27/2020 22:28,295.4,308.2
3/27/2020 22:29,296.4,309.2
3/27/2020 22:30,299.4,312.2
3/27/2020 22:31,296.4,309.2
3/27/2020 22:32,323.4,336.2
3/27/2020 22:33,325.4,338.2
3/27/2020 22:34,296.4,309.3
3/27/2020 22:35,292.4,305.3
3/27/2020 22:36,309.4,322.3
3/27/2020 22:37,298.3,311.3
3/27/2020 22:38,282.3,295.3
3/27/2020 22:39,271.3,284.3
3/27/2020 22:40,263.3,276.3
3/27/2020 22:41,270.3,283.3
3/27/2020 22:42,258.3,271.3
3/27/2020 22:43,264.3,277.3
3/27/2020 22:44,308.2,321.3
3/27/2020 22:45,329.1,342.3
3/27/2020 22:46,315.2,328.2
3/27/2020 22:47,289.1,302.2
3/27/2020 22:48,285.3,298.2
3/27/2020 22:49,290.4,303.2
3/27/2020 22:50,299.4,312.2
3/27/2020 22:51,323.3,336.2
3/27/2020 22:52,368.3,381.2
3/27/2020 22:53,382.3,395.2
3/27/2020 22:54,369.4,382.2
3/27/2020 22:55,344.4,357.2
3/27/2020 22:56,337.4,350.3
3/27/2020 22:57,313.4,326.3
3/27/2020 22:58,290.3,303.3
3/27/2020 22:59,283.3,296.4
3/27/2020 23:00,290.3,303.4
3/27/2020 23:01,290.3,303.4
3/27/2020 23:02,296.3,309.4
3/27/2020 23:03,293.4,306.3
3/27/2020 23:04,277.4,290.3
3/27/2020 23:05,298.4,311.3
3/27/2020 23:06,322.4,335.2
3/27/2020 23:07,327.4,340.2
3/27/2020 23:08,290.4,303.3
3/27/2020 23:09,265.4,278.3
3/27/2020 23:10,294.4,307.3
3/27/2020 23:11,311.4,324.3
3/27/2020 23:12,317.4,330.3
3/27/2020 23:13,306.4,319.3
3/27/2020 23:14,308.3,321.3
3/27/2020 23:15,298.3,311.3
3/27/2020 23:16,308.4,321.3
3/27/2020 23:17,306.4,319.3
3/27/2020 23:18,287.3,300.3
3/27/2020 23:19,286.4,299.3
3/27/2020 23:20,334.4,347.2
3/27/2020 23:21,337.4,350.2
3/27/2020 23:22,319.4,332.3
3/27/2020 23:23,306.2,319.3
3/27/2020 23:24,300.1,313.4
3/27/2020 23:25,308.1,321.4
3/27/2020 23:26,328.1,341.4
3/27/2020 23:27,335.3,348.4
3/27/2020 23:28,317.3,330.3
3/27/2020 23:29,299.3,312.4
3/27/2020 23:30,306.3,319.4
3/27/2020 23:31,311.3,324.4
3/27/2020 23:32,314.3,327.4
3/27/2020 23:33,322.3,335.3
3/27/2020 23:34,352.3,365.3
3/27/2020 23:35,351.3,364.3
3/27/2020 23:36,346.3,359.3
3/27/2020 23:37,331.3,344.3
3/27/2020 23:38,331.3,344.3
3/27/2020 23:39,345.3,358.3
3/27/2020 23:40,332.3,345.3
3/27/2020 23:41,323.3,336.3
3/27/2020 23:42,328.3,341.4
3/27/2020 23:43,320.3,333.4
3/27/2020 23:44,325.3,338.4
3/27/2020 23:45,330.3,343.4
3/27/2020 23:46,335.3,348.4
3/27/2020 23:47,314.3,327.4
3/27/2020 23:48,318.3,331.4
3/27/2020 23:49,326.3,339.4
3/27/2020 23:50,330.3,343.4
3/27/2020 23:51,300.3,313.4
3/27/2020 23:52,278.3,291.4
3/27/2020 23:53,295.3,308.5
3/27/2020 23:54,286.3,299.5
3/27/2020 23:55,300.3,313.5
3/27/2020 23:56,308.3,321.5
3/27/2020 23:57,305.3,318.5
3/27/2020 23:58,304.3,317.5
3/27/2020 23:59,297.3,310.6
3/28/2020 0:00,295.4,308.1
3/28/2020 0:01,306.4,319
3/28/2020 0:02,288.3,301
3/28/2020 0:03,305.2,318
3/28/2020 0:04,304.2,317
3/28/2020 0:05,315.2,328
3/28/2020 0:06,308.3,321
3/28/2020 0:07,301.4,314
3/28/2020 0:08,297.4,310
3/28/2020 0:09,304.3,317
3/28/2020 0:10,310.4,323
3/28/2020 0:11,317.4,330
3/28/2020 0:12,323.4,335.99
3/28/2020 0:13,306.4,319
3/28/2020 0:14,313.4,325.97
3/28/2020 0:15,318.4,331
3/28/2020 0:16,304.4,317
3/28/2020 0:17,321.4,334
3/28/2020 0:18,320.4,333
3/28/2020 0:19,330.4,343
3/28/2020 0:20,327.4,339.99
3/28/2020 0:21,304.4,316.98
3/28/2020 0:22,310.4,323
3/28/2020 0:23,302.4,315
3/28/2020 0:24,296.4,309.1
3/28/2020 0:25,288.4,301
3/28/2020 0:26,285.4,298.1
3/28/2020 0:27,303.4,316.1
3/28/2020 0:28,300.4,313.1
3/28/2020 0:29,304.4,317.1
3/28/2020 0:30,314.4,327.1
3/28/2020 0:31,322.4,335.1
3/28/2020 0:32,336.4,349
3/28/2020 0:33,317.4,330.1
3/28/2020 0:34,325.4,338.1
3/28/2020 0:35,313.4,326.1
3/28/2020 0:36,284.4,297.1
3/28/2020 0:37,286.4,299.1
3/28/2020 0:38,302.4,315
3/28/2020 0:39,318.4,331.1
3/28/2020 0:40,330.4,343.1
3/28/2020 0:41,310.4,323.1
3/28/2020 0:42,307.4,320.1
3/28/2020 0:43,334.3,347.1
3/28/2020 0:44,334.2,347.1
3/28/2020 0:45,323.2,336.1
3/28/2020 0:46,311.2,324.1
3/28/2020 0:47,310.2,323.1
3/28/2020 0:48,329.4,342.1
3/28/2020 0:49,354.4,367.1
3/28/2020 0:50,349.3,362.1
3/28/2020 0:51,335.3,348.2
3/28/2020 0:52,331.3,344.2
3/28/2020 0:53,351.4,364.1
3/28/2020 0:54,354.4,367.1
3/28/2020 0:55,337.4,350.2
3/28/2020 0:56,314.4,327.2
3/28/2020 0:57,327.4,340.1
3/28/2020 0:58,321.4,334.1
3/28/2020 0:59,330.4,343.1
3/28/2020 1:00,308.4,321.1
3/28/2020 1:01,274.4,287.1
3/28/2020 1:02,276.4,289.2
3/28/2020 1:03,271.4,284.2
3/28/2020 1:04,273.4,286.1
3/28/2020 1:05,288.4,301.1
3/28/2020 1:06,294.4,307.1
3/28/2020 1:07,332.4,345.1
3/28/2020 1:08,333.4,346.1
3/28/2020 1:09,319.4,332.1
3/28/2020 1:10,292.4,305.1
3/28/2020 1:11,339.4,352.1
3/28/2020 1:12,349.4,362.1
3/28/2020 1:13,348.4,361.1
3/28/2020 1:14,346.4,359.1
3/28/2020 1:15,331.4,344.1
3/28/2020 1:16,351.4,364
3/28/2020 1:17,355.4,368
3/28/2020 1:18,363.4,376
3/28/2020 1:19,371.4,384
3/28/2020 1:20,388.4,401
3/28/2020 1:21,351.4,364
3/28/2020 1:22,339.4,352.1
3/28/2020 1:23,337.4,350.1
3/28/2020 1:24,332.4,345.1
3/28/2020 1:25,337.4,350.1
3/28/2020 1:26,328.3,341.1
3/28/2020 1:27,337.2,350.1
3/28/2020 1:28,357.2,370.1
3/28/2020 1:29,351.2,364.1
3/28/2020 1:30,342.2,355.1
3/28/2020 1:31,345.4,358.1
3/28/2020 1:32,343.4,356.2
3/28/2020 1:33,341.3,354.1
3/28/2020 1:34,328.3,341.2
3/28/2020 1:35,311.3,324.2
3/28/2020 1:36,325.4,338.2
3/28/2020 1:37,334.4,347.1
3/28/2020 1:38,342.4,355.1
3/28/2020 1:39,328.4,341.1
3/28/2020 1:40,325.4,338.1
3/28/2020 1:41,326.4,339.1
3/28/2020 1:42,346.4,359.1
3/28/2020 1:43,337.4,350.1
3/28/2020 1:44,337.4,350.1
3/28/2020 1:45,364.4,377
3/28/2020 1:46,373.4,386
3/28/2020 1:47,363.4,376
3/28/2020 1:48,330.4,343.1
3/28/2020 1:49,329.4,342.1
3/28/2020 1:50,351.4,364.1
3/28/2020 1:51,319.4,332.1
3/28/2020 1:52,321.4,334.1
3/28/2020 1:53,338.4,351.1
3/28/2020 1:54,331.4,344
3/28/2020 1:55,325.4,338
3/28/2020 1:56,319.4,332
3/28/2020 1:57,296.4,309
3/28/2020 1:58,309.4,322
3/28/2020 1:59,329.4,342
3/28/2020 2:00,342.4,354.99
3/28/2020 2:01,347.4,359.96
3/28/2020 2:02,341.4,353.99
3/28/2020 2:03,354.4,366.99
3/28/2020 2:04,350.4,362.97
3/28/2020 2:05,329.4,341.95
3/28/2020 2:06,322.2,334.95
3/28/2020 2:07,311.2,323.99
3/28/2020 2:08,302.2,314.99
3/28/2020 2:09,315.2,327.99
3/28/2020 2:10,315.4,327.99
3/28/2020 2:11,321.4,333.97
3/28/2020 2:12,293.4,306
3/28/2020 2:13,296.4,309
3/28/2020 2:14,315.4,327.99
3/28/2020 2:15,326.4,338.99
3/28/2020 2:16,316.4,328.99
3/28/2020 2:17,326.4,339
3/28/2020 2:18,339.4,352
3/28/2020 2:19,344.4,356.99
3/28/2020 2:20,344.4,356.95
3/28/2020 2:21,324.4,336.96
3/28/2020 2:22,294.4,306.96
3/28/2020 2:23,290.4,302.98
3/28/2020 2:24,292.4,305
3/28/2020 2:25,307.4,319.98
3/28/2020 2:26,324.4,336.98
3/28/2020 2:27,323.4,335.96
3/28/2020 2:28,330.4,342.95
3/28/2020 2:29,337.4,349.96
3/28/2020 2:30,322.4,335
3/28/2020 2:31,310.4,322.99
3/28/2020 2:32,316.4,328.99
3/28/2020 2:33,339.4,351.99
3/28/2020 2:34,348.4,360.99
3/28/2020 2:35,337.4,350
3/28/2020 2:36,326.4,338.96
3/28/2020 2:37,338.4,350.95
3/28/2020 2:38,342.4,354.94
3/28/2020 2:39,328.4,340.94
3/28/2020 2:40,329.4,341.95
3/28/2020 2:41,334.3,346.95
3/28/2020 2:42,323.2,335.96
3/28/2020 2:43,322.2,334.95
3/28/2020 2:44,331.2,343.98
3/28/2020 2:45,314.3,326.98
3/28/2020 2:46,314.4,327
3/28/2020 2:47,304.4,317
3/28/2020 2:48,300.4,313
3/28/2020 2:49,310.4,322.97
3/28/2020 2:50,354.4,366.92
3/28/2020 2:51,348.4,360.9
3/28/2020 2:52,340.4,352.9
3/28/2020 2:53,306.4,318.94
3/28/2020 2:54,301.4,313.95
3/28/2020 2:55,286.4,298.96
3/28/2020 2:56,283.4,295.95
3/28/2020 2:57,287.4,299.94
3/28/2020 2:58,306.4,318.94
3/28/2020 2:59,330.4,342.96
3/28/2020 3:00,314.4,326.98
3/28/2020 3:01,350.4,362.93
3/28/2020 3:02,356.4,368.91
3/28/2020 3:03,368.4,380.92
3/28/2020 3:04,362.4,374.92
3/28/2020 3:05,358.4,370.92
3/28/2020 3:06,353.4,365.91
3/28/2020 3:07,347.4,359.92
3/28/2020 3:08,326.4,338.96
3/28/2020 3:09,347.4,359.94
3/28/2020 3:10,351.4,363.93
3/28/2020 3:11,345.4,357.98
3/28/2020 3:12,339.4,351.97
3/28/2020 3:13,348.4,360.95
3/28/2020 3:14,341.4,353.96
3/28/2020 3:15,339.2,351.96
3/28/2020 3:16,322.2,334.98
3/28/2020 3:17,336.2,348.97
3/28/2020 3:18,357.2,369.94
3/28/2020 3:19,346.4,358.95
3/28/2020 3:20,339.4,351.97
3/28/2020 3:21,328.4,341
3/28/2020 3:22,316.4,329
3/28/2020 3:23,313.4,326
3/28/2020 3:24,330.4,342.98
3/28/2020 3:25,356.4,368.99
3/28/2020 3:26,362.4,374.99
3/28/2020 3:27,353.4,365.99
3/28/2020 3:28,353.4,365.99
3/28/2020 3:29,332.4,345
3/28/2020 3:30,330.4,343
3/28/2020 3:31,325.4,338
3/28/2020 3:32,304.4,316.96
3/28/2020 3:33,298.4,310.98
3/28/2020 3:34,295.4,308
3/28/2020 3:35,304.4,316.99
3/28/2020 3:36,309.4,321.99
3/28/2020 3:37,328.4,341
3/28/2020 3:38,326.4,339
3/28/2020 3:39,325.4,337.97
3/28/2020 3:40,333.4,345.97
3/28/2020 3:41,340.4,352.99
3/28/2020 3:42,338.4,351
3/28/2020 3:43,346.4,358.98
3/28/2020 3:44,347.4,359.97
3/28/2020 3:45,343.4,355.98
3/28/2020 3:46,363.4,375.97
3/28/2020 3:47,367.4,379.98
3/28/2020 3:48,355.2,367.99
3/28/2020 3:49,337.2,350
3/28/2020 3:50,348.2,360.98
3/28/2020 3:51,348.2,360.99
3/28/2020 3:52,357.3,369.99
3/28/2020 3:53,345.4,357.97
3/28/2020 3:54,348.4,360.95
3/28/2020 3:55,337.4,349.96
3/28/2020 3:56,327.4,339.98
3/28/2020 3:57,321.4,333.97
3/28/2020 3:58,318.4,330.98
3/28/2020 3:59,328.4,340.97
3/28/2020 4:00,332.4,344.96
3/28/2020 4:01,342.4,354.94
3/28/2020 4:02,332.4,344.96
3/28/2020 4:03,346.4,358.95
3/28/2020 4:04,348.4,360.95
3/28/2020 4:05,338.4,350.96
3/28/2020 4:06,309.4,321.98
3/28/2020 4:07,299.4,312
3/28/2020 4:08,311.4,324
3/28/2020 4:09,324.4,337
3/28/2020 4:10,316.4,329
3/28/2020 4:11,314.4,327
3/28/2020 4:12,289.4,302
3/28/2020 4:13,294.4,307
3/28/2020 4:14,309.4,321.97
3/28/2020 4:15,311.4,323.95
3/28/2020 4:16,300.4,312.99
3/28/2020 4:17,326.4,338.98
3/28/2020 4:18,324.4,336.99
3/28/2020 4:19,319.4,331.98
3/28/2020 4:20,322.2,334.96
3/28/2020 4:21,358.2,370.94
3/28/2020 4:22,373.2,385.92
3/28/2020 4:23,368.2,380.91
3/28/2020 4:24,350.3,362.9
3/28/2020 4:25,349.4,361.88
3/28/2020 4:26,354.4,366.88
3/28/2020 4:27,347.4,359.92
3/28/2020 4:28,364.4,376.89
3/28/2020 4:29,350.4,362.88
3/28/2020 4:30,339.4,351.86
3/28/2020 4:31,346.4,358.88
3/28/2020 4:32,337.4,349.9
3/28/2020 4:33,325.4,337.92
3/28/2020 4:34,324.4,336.94
3/28/2020 4:35,356.4,368.9
3/28/2020 4:36,368.4,380.87
3/28/2020 4:37,361.4,373.87
3/28/2020 4:38,362.4,374.88
3/28/2020 4:39,342.4,354.89
3/28/2020 4:40,328.4,340.92
3/28/2020 4:41,335.4,347.92
3/28/2020 4:42,333.4,345.92
3/28/2020 4:43,334.4,346.93
3/28/2020 4:44,332.4,344.94
3/28/2020 4:45,348.4,360.89
3/28/2020 4:46,334.4,346.89
3/28/2020 4:47,329.4,341.87
3/28/2020 4:48,309.4,321.87
3/28/2020 4:49,316.4,328.84
3/28/2020 4:50,337.4,349.82
3/28/2020 4:51,345.4,357.83
3/28/2020 4:52,336.4,348.81
3/28/2020 4:53,325.3,337.83
3/28/2020 4:54,351.2,363.84
3/28/2020 4:55,346.2,358.82
3/28/2020 4:56,359.2,371.79
3/28/2020 4:57,383.2,395.79
3/28/2020 4:58,397.4,409.79
3/28/2020 4:59,400.4,412.75
3/28/2020 5:00,397.4,409.76
3/28/2020 5:01,374.4,386.73
3/28/2020 5:02,334.4,346.76
3/28/2020 5:03,314.4,326.78
3/28/2020 5:04,306.4,318.78
3/28/2020 5:05,305.4,317.74
3/28/2020 5:06,343.4,355.7
3/28/2020 5:07,338.4,350.71
3/28/2020 5:08,330.4,342.69
3/28/2020 5:09,325.4,337.7
3/28/2020 5:10,337.4,349.69
3/28/2020 5:11,355.4,367.66
3/28/2020 5:12,405.4,417.66
3/28/2020 5:13,437.4,449.64
3/28/2020 5:14,418.4,430.63
3/28/2020 5:15,403.4,415.66
3/28/2020 5:16,402.4,414.65
3/28/2020 5:17,418.4,430.65
3/28/2020 5:18,391.4,403.65
3/28/2020 5:19,380.4,392.63
3/28/2020 5:20,386.4,398.62
3/28/2020 5:21,377.4,389.66
3/28/2020 5:22,359.4,371.67
3/28/2020 5:23,361.4,373.64
3/28/2020 5:24,360.4,372.65
3/28/2020 5:25,351.4,363.66
3/28/2020 5:26,360.4,372.64
3/28/2020 5:27,382.4,394.63
3/28/2020 5:28,404.3,416.61
3/28/2020 5:29,399.2,411.62
3/28/2020 5:30,380.2,392.64
3/28/2020 5:31,372.2,384.64
3/28/2020 5:32,393.3,405.62
3/28/2020 5:33,379.4,391.61
3/28/2020 5:34,384.4,396.63
3/28/2020 5:35,389.4,401.62
3/28/2020 5:36,394.4,406.62
3/28/2020 5:37,394.4,406.59
3/28/2020 5:38,380.4,392.62
3/28/2020 5:39,397.4,409.62
3/28/2020 5:40,370.4,382.64
3/28/2020 5:41,365.4,377.65
3/28/2020 5:42,359.4,371.64
3/28/2020 5:43,371.4,383.61
3/28/2020 5:44,367.4,379.61
3/28/2020 5:45,375.4,387.57
3/28/2020 5:46,389.4,401.56
3/28/2020 5:47,419.4,431.56
3/28/2020 5:48,410.4,422.55
3/28/2020 5:49,390.4,402.55
3/28/2020 5:50,414.4,426.55
3/28/2020 5:51,403.4,415.54
3/28/2020 5:52,398.4,410.56
3/28/2020 5:53,405.4,417.55
3/28/2020 5:54,374.4,386.56
3/28/2020 5:55,352.4,364.58
3/28/2020 5:56,343.4,355.61
3/28/2020 5:57,330.4,342.6
3/28/2020 5:58,337.4,349.55
3/28/2020 5:59,355.4,367.51
3/28/2020 6:00,371.4,383.51
3/28/2020 6:01,366.4,378.49
3/28/2020 6:02,354.3,366.49
3/28/2020 6:03,360.2,372.49
3/28/2020 6:04,337.2,349.47
3/28/2020 6:05,345.2,357.44
3/28/2020 6:06,355.3,367.4
3/28/2020 6:07,359.4,371.37
3/28/2020 6:08,360.4,372.35
3/28/2020 6:09,343.4,355.39
3/28/2020 6:10,349.4,361.42
3/28/2020 6:11,339.4,351.43
3/28/2020 6:12,349.4,361.4
3/28/2020 6:13,354.4,366.39
3/28/2020 6:14,369.4,381.37
3/28/2020 6:15,387.4,399.34
3/28/2020 6:16,406.4,418.34
3/28/2020 6:17,403.4,415.35
3/28/2020 6:18,389.4,401.42
3/28/2020 6:19,360.4,372.49
3/28/2020 6:20,328.4,340.49
3/28/2020 6:21,357.4,369.5
3/28/2020 6:22,360.4,372.52
3/28/2020 6:23,364.4,376.49
3/28/2020 6:24,371.4,383.48
3/28/2020 6:25,357.4,369.5
3/28/2020 6:26,364.4,376.52
3/28/2020 6:27,362.4,374.51
3/28/2020 6:28,353.4,365.5
3/28/2020 6:29,372.4,384.49
3/28/2020 6:30,404.4,416.47
3/28/2020 6:31,402.4,414.47
3/28/2020 6:32,367.4,379.51
3/28/2020 6:33,352.4,364.53
3/28/2020 6:34,337.3,349.56
3/28/2020 6:35,318.2,330.58
3/28/2020 6:36,324.2,336.57
3/28/2020 6:37,346.2,358.59
3/28/2020 6:38,347.3,359.6
3/28/2020 6:39,338.4,350.62
3/28/2020 6:40,333.3,345.7
3/28/2020 6:41,337.4,349.61
3/28/2020 6:42,331.4,343.62
3/28/2020 6:43,335.4,347.62
3/28/2020 6:44,376.4,388.54
3/28/2020 6:45,413.4,425.53
3/28/2020 6:46,427.3,439.62
3/28/2020 6:47,418.4,430.52
3/28/2020 6:48,400.4,412.54
3/28/2020 6:49,354.4,366.54
3/28/2020 6:50,350.4,362.55
3/28/2020 6:51,332.4,344.56
3/28/2020 6:52,335.3,347.65
3/28/2020 6:53,366.4,378.53
3/28/2020 6:54,363.4,375.55
3/28/2020 6:55,371.3,383.63
3/28/2020 6:56,373.3,385.78
3/28/2020 6:57,382,394.69
3/28/2020 6:58,373.8,386.72
3/28/2020 6:59,373.9,386.6
3/28/2020 7:00,416.8,429.62
3/28/2020 7:01,425.9,438.64
3/28/2020 7:02,427.8,440.72
3/28/2020 7:03,428.9,441.5
3/28/2020 7:04,402.7,415.61
3/28/2020 7:05,411.6,424.52
3/28/2020 7:06,435.7,448.51
3/28/2020 7:07,461.7,474.51
3/28/2020 7:08,472.7,485.5
3/28/2020 7:09,445.9,458.37
3/28/2020 7:10,401.7,414.67
3/28/2020 7:11,413.9,426.55
3/28/2020 7:12,435.8,448.53
3/28/2020 7:13,439.8,452.54
3/28/2020 7:14,448.9,461.39
3/28/2020 7:15,442.8,455.58
3/28/2020 7:16,434.8,447.61
3/28/2020 7:17,418.9,431.49
3/28/2020 7:18,405.8,418.52
3/28/2020 7:19,404.9,417.38
3/28/2020 7:20,412.8,425.52
3/28/2020 7:21,385.8,398.56
3/28/2020 7:22,375.9,388.49
3/28/2020 7:23,374.8,387.51
3/28/2020 7:24,381.9,394.41
3/28/2020 7:25,402.8,415.58
3/28/2020 7:26,441.8,454.5
3/28/2020 7:27,424.9,437.47
3/28/2020 7:28,426.8,439.47
3/28/2020 7:29,411.9,424.36
3/28/2020 7:30,419.8,432.54
3/28/2020 7:31,417.8,430.51
3/28/2020 7:32,442.9,455.41
3/28/2020 7:33,476.8,489.35
3/28/2020 7:34,429.9,442.29
3/28/2020 7:35,423.6,436.49
3/28/2020 7:36,408.6,421.45
3/28/2020 7:37,417.7,430.37
3/28/2020 7:38,415.6,428.37
3/28/2020 7:39,455.8,468.34
3/28/2020 7:40,469.8,482.42
3/28/2020 7:41,460.9,473.32
3/28/2020 7:42,474.9,487.32
3/28/2020 7:43,483.8,496.41
3/28/2020 7:44,456.9,469.26
3/28/2020 7:45,438.9,451.22
3/28/2020 7:46,425.8,438.25
3/28/2020 7:47,415.8,428.28
3/28/2020 7:48,387.9,400.22
3/28/2020 7:49,364.9,377.2
3/28/2020 7:50,367.9,380.14
3/28/2020 7:51,395.8,408.29
3/28/2020 7:52,398.9,411.29
3/28/2020 7:53,402.9,415.35
3/28/2020 7:54,393.9,406.13
3/28/2020 7:55,388.8,401.23
3/28/2020 7:56,376.8,389.24
3/28/2020 7:57,362.9,375.19
3/28/2020 7:58,348.9,361.14
3/28/2020 7:59,368.8,381.21
3/28/2020 8:00,368.9,381.09
3/28/2020 8:01,375.8,388.19
3/28/2020 8:02,381.9,394.07
3/28/2020 8:03,412.8,425.15
3/28/2020 8:04,411.9,424.05
3/28/2020 8:05,398.8,411.18
3/28/2020 8:06,393.8,406.11
3/28/2020 8:07,371.7,384.09
3/28/2020 8:08,353.7,366.09
3/28/2020 8:09,351.6,364.26
3/28/2020 8:10,361.7,374.13
3/28/2020 8:11,364.9,377.08
3/28/2020 8:12,384.8,397.14
3/28/2020 8:13,384.8,397.2
3/28/2020 8:14,404.9,417.06
3/28/2020 8:15,397.8,410.17
3/28/2020 8:16,390.8,403.15
3/28/2020 8:17,402.9,415.15
3/28/2020 8:18,396.8,409.21
3/28/2020 8:19,389.8,402.19
3/28/2020 8:20,396.9,409.08
3/28/2020 8:21,398.6,411.28
3/28/2020 8:22,387.4,400.19
3/28/2020 8:23,388.5,401.08
3/28/2020 8:24,381.3,394.27
3/28/2020 8:25,367.3,380.32
3/28/2020 8:26,368.3,381.3
3/28/2020 8:27,319,332.1
3/28/2020 8:28,297.6,311.67
3/28/2020 8:29,319,332.07
3/28/2020 8:30,314.7,328.54
3/28/2020 8:31,322,335.1
3/28/2020 8:32,322.7,336.42
3/28/2020 8:33,305,318.01
3/28/2020 8:34,340.8,354.34
3/28/2020 8:35,344,357.02
3/28/2020 8:36,344,356.8
3/28/2020 8:37,347.8,361.16
3/28/2020 8:38,337,349.85
3/28/2020 8:39,332,344.84
3/28/2020 8:40,333,345.9
3/28/2020 8:41,335.8,348.95
3/28/2020 8:42,331.8,344.88
3/28/2020 8:43,330.8,343.96
3/28/2020 8:44,306.8,319.87
3/28/2020 8:45,299,311.88
3/28/2020 8:46,312,324.97
3/28/2020 8:47,302.6,313.4
3/28/2020 8:48,299.2,303.49
3/28/2020 8:49,285.34,289.42
3/28/2020 8:50,295.35,299.48
3/28/2020 8:51,299.53,303.39
3/28/2020 8:52,308.46,312.48
3/28/2020 8:53,307.54,311.42
3/28/2020 8:54,340.32,350.18
3/28/2020 8:55,343.43,352.29
3/28/2020 8:56,335.7,334.13
3/28/2020 8:57,324.93,340.1
3/28/2020 8:58,316.05,332.6
3/28/2020 8:59,315.98,345.1
3/28/2020 9:00,338.7,363.9
3/28/2020 9:01,350.06,377.6
3/28/2020 9:02,352.08,384.6
3/28/2020 9:03,362.81,400.7
3/28/2020 9:04,362.63,400.3
3/28/2020 9:05,356.21,393.8
3/28/2020 9:06,353.84,388.9
3/28/2020 9:07,355.66,390.6
3/28/2020 9:08,339.98,375
3/28/2020 9:09,350.9,378.9
3/28/2020 9:10,396.42,425.7
3/28/2020 9:11,398.66,427.1
3/28/2020 9:12,392.3,417.9
3/28/2020 9:13,383.7,405.4
3/28/2020 9:14,353.2,380.4
3/28/2020 9:15,343.2,388.8
3/28/2020 9:16,351,394.3
3/28/2020 9:17,374.3,409
3/28/2020 9:18,377.1,410.2
3/28/2020 9:19,348.6,385.5
3/28/2020 9:20,323.4,363.9
3/28/2020 9:21,308.1,348.7
3/28/2020 9:22,290.6,332.8
3/28/2020 9:23,298.3,339.6
3/28/2020 9:24,308,347.9
3/28/2020 9:25,331.5,370.1
3/28/2020 9:26,348.6,388.1
3/28/2020 9:27,353.3,394.2
3/28/2020 9:28,356.1,409.4
3/28/2020 9:29,347.3,399.2
3/28/2020 9:30,329.7,380.4
3/28/2020 9:31,308.3,356.2
3/28/2020 9:32,338.1,380.8
3/28/2020 9:33,348.9,393.8
3/28/2020 9:34,351.3,394.1
3/28/2020 9:35,348.5,387.9
3/28/2020 9:36,343.9,380
3/28/2020 9:37,325.4,359.1
3/28/2020 9:38,331.1,373.6
3/28/2020 9:39,362.8,408.6
3/28/2020 9:40,387.6,433.8
3/28/2020 9:41,377,421.9
3/28/2020 9:42,361.5,409.5
3/28/2020 9:43,356.7,399.9
3/28/2020 9:44,319.2,362.3
3/28/2020 9:45,297.6,344.3
3/28/2020 9:46,292.6,328
3/28/2020 9:47,274.2,310
3/28/2020 9:48,298,320.1
3/28/2020 9:49,299.8,306
3/28/2020 9:50,334.2,344.7
3/28/2020 9:51,345.3,355
3/28/2020 9:52,338.3,341
3/28/2020 9:53,324.8,327.2
3/28/2020 9:54,308.7,329.5
3/28/2020 9:55,314.7,348.5
3/28/2020 9:56,327.4,364.2
3/28/2020 9:57,333.9,364.8
3/28/2020 9:58,339.4,379
3/28/2020 9:59,336.7,381
3/28/2020 10:00,351.4,381
3/28/2020 10:01,340.5,374
3/28/2020 10:02,350.2,381
3/28/2020 10:03,337.6,369
3/28/2020 10:04,331.6,368
3/28/2020 10:05,318.6,357
3/28/2020 10:06,322.5,355
3/28/2020 10:07,313.9,346
3/28/2020 10:08,330.9,360
3/28/2020 10:09,358.5,373
3/28/2020 10:10,382,383
3/28/2020 10:11,381,372
3/28/2020 10:12,355,344
3/28/2020 10:13,342,327
3/28/2020 10:14,355,331
3/28/2020 10:15,350,316
3/28/2020 10:16,348,307
3/28/2020 10:17,348,307
3/28/2020 10:18,363,313
3/28/2020 10:19,327,269
3/28/2020 10:20,329,262
3/28/2020 10:21,342,260
3/28/2020 10:22,364,259
3/28/2020 10:23,377,256
3/28/2020 10:24,387,253
3/28/2020 10:25,375.1,227.1
3/28/2020 10:26,328,175
3/28/2020 10:27,327.2,169.2
3/28/2020 10:28,314.97,144.97
3/28/2020 10:29,332.65,151.65
3/28/2020 10:30,332.4,140.4
3/28/2020 10:31,333,139
3/28/2020 10:32,329,124
3/28/2020 10:33,332.188,146.188
3/28/2020 10:34,328,136
3/28/2020 10:35,306,110
3/28/2020 10:36,295,91
3/28/2020 10:37,303,81
3/28/2020 10:38,321,87
3/28/2020 10:39,336,117
3/28/2020 10:40,354,129
3/28/2020 10:41,393,147
3/28/2020 10:42,375,116
3/28/2020 10:43,355,95
3/28/2020 10:44,344,82
3/28/2020 10:45,354,94
3/28/2020 10:46,362,99
3/28/2020 10:47,381,115
3/28/2020 10:48,390,108
3/28/2020 10:49,368,85
3/28/2020 10:50,334,50
3/28/2020 10:51,305,21
3/28/2020 10:52,309,50
3/28/2020 10:53,308,37
3/28/2020 10:54,309,18
3/28/2020 10:55,313,8
3/28/2020 10:56,312,-2
3/28/2020 10:57,286,-32
3/28/2020 10:58,280,-45
3/28/2020 10:59,301,-31
3/28/2020 11:00,334,-8
3/28/2020 11:01,325,-22
3/28/2020 11:02,314,-39
3/28/2020 11:03,306,-51
3/28/2020 11:04,307,-62
3/28/2020 11:05,291,-85
3/28/2020 11:06,309,-70
3/28/2020 11:07,318,-65
3/28/2020 11:08,344,-44
3/28/2020 11:09,337,-51
3/28/2020 11:10,320,-71
3/28/2020 11:11,335,-71
3/28/2020 11:12,344,-72
3/28/2020 11:13,346,-71
3/28/2020 11:14,347,-73
3/28/2020 11:15,350,-67
3/28/2020 11:16,348,-80
3/28/2020 11:17,340,-109
3/28/2020 11:18,323,-135
3/28/2020 11:19,301,-165
3/28/2020 11:20,321,-170.3
3/28/2020 11:21,344,-166.8
3/28/2020 11:22,356,-162.5
3/28/2020 11:23,345,-171.8
3/28/2020 11:24,339,-177.9
3/28/2020 11:25,319,-201
3/28/2020 11:26,322,-203.5
3/28/2020 11:27,334,-210.5
3/28/2020 11:28,348,-216.8
3/28/2020 11:29,349,-223.7
3/28/2020 11:30,352,-227.8
3/28/2020 11:31,331,-254.2
3/28/2020 11:32,312,-270.2
3/28/2020 11:33,331,-249.2
3/28/2020 11:34,325,-265.2
3/28/2020 11:35,328,-267.1
3/28/2020 11:36,332,-263.6
3/28/2020 11:37,345,-257.7
3/28/2020 11:38,331,-280.8
3/28/2020 11:39,337,-275.9
3/28/2020 11:40,318,-295.75
3/28/2020 11:41,333,-283.28
3/28/2020 11:42,343,-277.58
3/28/2020 11:43,339,-294.27
3/28/2020 11:44,316,-325.87
3/28/2020 11:45,299,-350.33
3/28/2020 11:46,321,-327.24
3/28/2020 11:47,297,-336.05
3/28/2020 11:48,300,-331.4
3/28/2020 11:49,308,-332.34
3/28/2020 11:50,309,-335.7
3/28/2020 11:51,303,-341.25
3/28/2020 11:52,328,-312.13
3/28/2020 11:53,330,-318.25
3/28/2020 11:54,327,-331.84
3/28/2020 11:55,331,-337
3/28/2020 11:56,308,-368.2
3/28/2020 11:57,312,-370.9
3/28/2020 11:58,299,-388.6
3/28/2020 11:59,309,-383.3
3/28/2020 12:00,329,-366
3/28/2020 12:01,330,-364.7
3/28/2020 12:02,337,-359.3
3/28/2020 12:03,349,-348.4
3/28/2020 12:04,385,-313.4
3/28/2020 12:05,378,-321.5
3/28/2020 12:06,375,-321.8
3/28/2020 12:07,376,-323.9
3/28/2020 12:08,362,-342.6
3/28/2020 12:09,320,-384.5
3/28/2020 12:10,296,-410.1
3/28/2020 12:11,284,-425.8
3/28/2020 12:12,286,-428.4
3/28/2020 12:13,307,-409.7
3/28/2020 12:14,304,-415
3/28/2020 12:15,313,-406.9
3/28/2020 12:16,309,-414
3/28/2020 12:17,311,-413.8
3/28/2020 12:18,304,-422.2
3/28/2020 12:19,311,-416.7
3/28/2020 12:20,299,-428.7
3/28/2020 12:21,310,-420.5
3/28/2020 12:22,331,-399.8
3/28/2020 12:23,332,-400.5
3/28/2020 12:24,315,-420
3/28/2020 12:25,298,-438.3
3/28/2020 12:26,302,-434.5
3/28/2020 12:27,290,-447.2
3/28/2020 12:28,299,-439.1
3/28/2020 12:29,366,-374
3/28/2020 12:30,381,-362
3/28/2020 12:31,341,-402.6
3/28/2020 12:32,351,-394.6
3/28/2020 12:33,347,-400.7
3/28/2020 12:34,308,-443.7
3/28/2020 12:35,299,-454
3/28/2020 12:36,295,-459.3
3/28/2020 12:37,296,-459.7
3/28/2020 12:38,288,-469.6
3/28/2020 12:39,283,-475.5
3/28/2020 12:40,299,-461.1
3/28/2020 12:41,309,-453.8
3/28/2020 12:42,336,-428
3/28/2020 12:43,322,-445
3/28/2020 12:44,329,-438.3
3/28/2020 12:45,314,-454.1
3/28/2020 12:46,317,-451.4
3/28/2020 12:47,315,-456.5
3/28/2020 12:48,314,-457.8
3/28/2020 12:49,308,-466.1
3/28/2020 12:50,304,-472
3/28/2020 12:51,311,-464.9
3/28/2020 12:52,322,-454.5
3/28/2020 12:53,333,-445.8
3/28/2020 12:54,312,-466.7
3/28/2020 12:55,294,-484.9
3/28/2020 12:56,276,-503.7
3/28/2020 12:57,288,-492.6
3/28/2020 12:58,309,-470.9
3/28/2020 12:59,318,-464.3
3/28/2020 13:00,332,-449.9
3/28/2020 13:01,337,-445.4
3/28/2020 13:02,339,-444.7
3/28/2020 13:03,325,-459.8
3/28/2020 13:04,308,-477.6
3/28/2020 13:05,306,-481.2
3/28/2020 13:06,298,-489.3
3/28/2020 13:07,294,-495.7
3/28/2020 13:08,300,-490.7
3/28/2020 13:09,284,-507.9
3/28/2020 13:10,271,-522.5
3/28/2020 13:11,270,-524.5
3/28/2020 13:12,284,-511.7
3/28/2020 13:13,293,-502.2
3/28/2020 13:14,294,-502.4
3/28/2020 13:15,303,-493
3/28/2020 13:16,323,-473.2
3/28/2020 13:17,312,-485.9
3/28/2020 13:18,307,-492.6
3/28/2020 13:19,310,-491.8
3/28/2020 13:20,309,-494.4
3/28/2020 13:21,298,-505.7
3/28/2020 13:22,318,-486.6
3/28/2020 13:23,321,-483.1
3/28/2020 13:24,294,-511.5
3/28/2020 13:25,279,-526.9
3/28/2020 13:26,273,-532.8
3/28/2020 13:27,314,-492.9
3/28/2020 13:28,327,-482.7
3/28/2020 13:29,330,-482.1
3/28/2020 13:30,327,-486.9
3/28/2020 13:31,312,-503
3/28/2020 13:32,311,-505.3
3/28/2020 13:33,315,-502.7
3/28/2020 13:34,303,-517.1
3/28/2020 13:35,298,-522.5
3/28/2020 13:36,297,-524
3/28/2020 13:37,284,-537.8
3/28/2020 13:38,262,-560.9
3/28/2020 13:39,269,-556.8
3/28/2020 13:40,268,-556.1
3/28/2020 13:41,259,-566.4
3/28/2020 13:42,276,-550.6
3/28/2020 13:43,286,-540.5
3/28/2020 13:44,296,-529.1
3/28/2020 13:45,295,-532.2
3/28/2020 13:46,302,-525.4
3/28/2020 13:47,292,-534.5
3/28/2020 13:48,288,-423.3
3/28/2020 13:49,289,-273.26
3/28/2020 13:50,277,-287.51
3/28/2020 13:51,261,-305.02
3/28/2020 13:52,266,-299.96
3/28/2020 13:53,282,-284.98
3/28/2020 13:54,272,-294.73
3/28/2020 13:55,269,-383.4
3/28/2020 13:56,288,-278.85
3/28/2020 13:57,286,-281.74
3/28/2020 13:58,272,-295.52
3/28/2020 13:59,256,-311.52
3/28/2020 14:00,273,-293.76
3/28/2020 14:01,285,-281.21
3/28/2020 14:02,317,-366.4
3/28/2020 14:03,319,-383.3
3/28/2020 14:04,293,-277.61
3/28/2020 14:05,317,-254.7
3/28/2020 14:06,327,-245.69
3/28/2020 14:07,327,-245.67
3/28/2020 14:08,314,-258.72
3/28/2020 14:09,302,-270.49
3/28/2020 14:10,272,-472.7
3/28/2020 14:11,268,-568
3/28/2020 14:12,267,-570.1
3/28/2020 14:13,290,-549.1
3/28/2020 14:14,310,-528.1
3/28/2020 14:15,290,-550.5
3/28/2020 14:16,270,-570.5
3/28/2020 14:17,261,-579.5
3/28/2020 14:18,255,-587
3/28/2020 14:19,244,-597.6
3/28/2020 14:20,281,-559.6
3/28/2020 14:21,274,-567.5
3/28/2020 14:22,271,-570.6
3/28/2020 14:23,265,-578.1
3/28/2020 14:24,274,-568.7
3/28/2020 14:25,280,-563.1
3/28/2020 14:26,282,-561.5
3/28/2020 14:27,299,-545.5
3/28/2020 14:28,253,-328.99
3/28/2020 14:29,253,-327.18
3/28/2020 14:30,253,-327.1
3/28/2020 14:31,252,-328.3
3/28/2020 14:32,264,-317.27
3/28/2020 14:33,265,-316.2
3/28/2020 14:34,275,-345.9
3/28/2020 14:35,296,-548.4
3/28/2020 14:36,302,-547.2
3/28/2020 14:37,289,-561
3/28/2020 14:38,283,-473.8
3/28/2020 14:39,290,-296.53
3/28/2020 14:40,288,-299.34
3/28/2020 14:41,293,-294.46
3/28/2020 14:42,289,-298.39
3/28/2020 14:43,272,-315.3
3/28/2020 14:44,271,-314.8
3/28/2020 14:45,268,-347.6
3/28/2020 14:46,283,-305.41
3/28/2020 14:47,273,-315.6
3/28/2020 14:48,266,-324.9
3/28/2020 14:49,268,-324.2
3/28/2020 14:50,261,-332
3/28/2020 14:51,268,-325.4
3/28/2020 14:52,276,-356.2
3/28/2020 14:53,268,-324.7
3/28/2020 14:54,268,-325.1
3/28/2020 14:55,248,-343.9
3/28/2020 14:56,261,-331.4
3/28/2020 14:57,263,-330.7
3/28/2020 14:58,281,-314.3
3/28/2020 14:59,303,-447.5
3/28/2020 15:00,297,-567.7
3/28/2020 15:01,282,-584.7
3/28/2020 15:02,277,-589.2
3/28/2020 15:03,287,-578.7
3/28/2020 15:04,285,-580.8
3/28/2020 15:05,269,-596.5
3/28/2020 15:06,281,-585.3
3/28/2020 15:07,318,-547.8
3/28/2020 15:08,314,-552
3/28/2020 15:09,304,-473.8
3/28/2020 15:10,316,-285.3
3/28/2020 15:11,293,-309
3/28/2020 15:12,259,-344.3
3/28/2020 15:13,267,-338.5
3/28/2020 15:14,253,-352.2
3/28/2020 15:15,267,-338.2
3/28/2020 15:16,267,-470.4
3/28/2020 15:17,297,-573.2
3/28/2020 15:18,298,-576.2
3/28/2020 15:19,302,-575.3
3/28/2020 15:20,295,-584.4
3/28/2020 15:21,285,-593.4
3/28/2020 15:22,281,-598.8
3/28/2020 15:23,282,-598.2
3/28/2020 15:24,297,-584.2
3/28/2020 15:25,272,-403.4
3/28/2020 15:26,256,-351.5
3/28/2020 15:27,253,-356.5
3/28/2020 15:28,261,-349.6
3/28/2020 15:29,263,-346.6
3/28/2020 15:30,266,-344.6
3/28/2020 15:31,255,-356.8
3/28/2020 15:32,270,-584
3/28/2020 15:33,259,-624.3
3/28/2020 15:34,260,-416.5
3/28/2020 15:35,263,-350
3/28/2020 15:36,256,-355.8
3/28/2020 15:37,252,-358.9
3/28/2020 15:38,264,-345
3/28/2020 15:39,256,-351.3
3/28/2020 15:40,260,-350
3/28/2020 15:41,287,-344.6
3/28/2020 15:42,291,-317.4
3/28/2020 15:43,277,-331.2
3/28/2020 15:44,266,-343.1
3/28/2020 15:45,256,-354.6
3/28/2020 15:46,245,-365.6
3/28/2020 15:47,240,-382.8
3/28/2020 15:48,266,-598.2
3/28/2020 15:49,251,-384
3/28/2020 15:50,254,-358.3
3/28/2020 15:51,300,-311.2
3/28/2020 15:52,322,-288.4
3/28/2020 15:53,308,-302.7
3/28/2020 15:54,256,-354.2
3/28/2020 15:55,257,-376.7
3/28/2020 15:56,254,-419.1
3/28/2020 15:57,242,-366.5
3/28/2020 15:58,249,-357.8
3/28/2020 15:59,259,-346.4
3/28/2020 16:00,264,-341.7
3/28/2020 16:01,267,-339.2
3/28/2020 16:02,258,-350
3/28/2020 16:03,243,-436.2
3/28/2020 16:04,260,-346.6
3/28/2020 16:05,250,-357.8
3/28/2020 16:06,261,-347.1
3/28/2020 16:07,273,-334.2
3/28/2020 16:08,267,-340.3
3/28/2020 16:09,274,-332.2
3/28/2020 16:10,270,-537.5
3/28/2020 16:11,264,-601.3
3/28/2020 16:12,258,-612.9
3/28/2020 16:13,262,-610.7
3/28/2020 16:14,281,-593.7
3/28/2020 16:15,269,-602.6
3/28/2020 16:16,266,-602.6
3/28/2020 16:17,277,-593.9
3/28/2020 16:18,274,-595.5
3/28/2020 16:19,282,-585.7
3/28/2020 16:20,287,-581.6
3/28/2020 16:21,290,-578.8
3/28/2020 16:22,286,-581.9
3/28/2020 16:23,278,-588.5
3/28/2020 16:24,265,-598.6
3/28/2020 16:25,281,-583.3
3/28/2020 16:26,287,-577.4
3/28/2020 16:27,279,-586.4
3/28/2020 16:28,264,-601.1
3/28/2020 16:29,259,-606
3/28/2020 16:30,267,-598.6
3/28/2020 16:31,263,-603.5
3/28/2020 16:32,253,-612.7
3/28/2020 16:33,258,-608.1
3/28/2020 16:34,281,-583.3
3/28/2020 16:35,288,-575.3
3/28/2020 16:36,273,-590
3/28/2020 16:37,258,-602.6
3/28/2020 16:38,268,-591.9
3/28/2020 16:39,258,-600.5
3/28/2020 16:40,258,-599.4
3/28/2020 16:41,268,-587.6
3/28/2020 16:42,262,-593.8
3/28/2020 16:43,269,-587.3
3/28/2020 16:44,265,-591
3/28/2020 16:45,261,-590.5
3/28/2020 16:46,249,-600.9
3/28/2020 16:47,239,-609.6
3/28/2020 16:48,241,-605.9
3/28/2020 16:49,264,-584.3
3/28/2020 16:50,275,-572.9
3/28/2020 16:51,275,-571.5
3/28/2020 16:52,271,-573.8
3/28/2020 16:53,265,-577.2
3/28/2020 16:54,256,-585.9
3/28/2020 16:55,245,-594.9
3/28/2020 16:56,253,-584.7
3/28/2020 16:57,260,-574.8
3/28/2020 16:58,267,-567.2
3/28/2020 16:59,269,-563.6
3/28/2020 17:00,282,-548.5
3/28/2020 17:01,293,-535.6
3/28/2020 17:02,303,-526.4
3/28/2020 17:03,301,-525.6
3/28/2020 17:04,280,-544.3
3/28/2020 17:05,265,-556.9
3/28/2020 17:06,265,-552.1
3/28/2020 17:07,262,-551.2
3/28/2020 17:08,266,-542.8
3/28/2020 17:09,276,-530.4
3/28/2020 17:10,281,-522.3
3/28/2020 17:11,277,-523
3/28/2020 17:12,267,-531.4
3/28/2020 17:13,251,-546.1
3/28/2020 17:14,252,-538
3/28/2020 17:15,273,-509.4
3/28/2020 17:16,287,-492.3
3/28/2020 17:17,279,-497.6
3/28/2020 17:18,261,-509.1
3/28/2020 17:19,243,-519.1
3/28/2020 17:20,233,-529.8
3/28/2020 17:21,236,-522.6
3/28/2020 17:22,239,-514.7
3/28/2020 17:23,250,-499.6
3/28/2020 17:24,237,-508
3/28/2020 17:25,243,-492.1
3/28/2020 17:26,259,-471.2
3/28/2020 17:27,270,-452.2
3/28/2020 17:28,273,-444.8
3/28/2020 17:29,280,-432.5
3/28/2020 17:30,285,-421.3
3/28/2020 17:31,263,-437.4
3/28/2020 17:32,267,-432.7
3/28/2020 17:33,268,-423.7
3/28/2020 17:34,273,-410.2
3/28/2020 17:35,288,-390.8
3/28/2020 17:36,282,-387.8
3/28/2020 17:37,275,-385.32
3/28/2020 17:38,264,-363.42
3/28/2020 17:39,262,-371.74
3/28/2020 17:40,260,-363.94
3/28/2020 17:41,265,-305.27
3/28/2020 17:42,279,-349.88
3/28/2020 17:43,305,-313.2
3/28/2020 17:44,294,-312.79
3/28/2020 17:45,290,-306.73
3/28/2020 17:46,273,-314.12
3/28/2020 17:47,260,-315.25
3/28/2020 17:48,265,-154.025
3/28/2020 17:49,265.1,-9.2
3/28/2020 17:50,268,-237.08
3/28/2020 17:51,254,-213.354
3/28/2020 17:52,263,-263.85
3/28/2020 17:53,251,-259.65
3/28/2020 17:54,256,-243.02
3/28/2020 17:55,247,-245.09
3/28/2020 17:56,255,-166.2
3/28/2020 17:57,253,-146.63
3/28/2020 17:58,258,-181.42
3/28/2020 17:59,255,-178.1
3/28/2020 18:00,251,-173.71
3/28/2020 18:01,241,-46.9
3/28/2020 18:02,229.4,33.9
3/28/2020 18:03,248,122.9
3/28/2020 18:04,261.3,175.6
3/28/2020 18:05,262.2,201.1
3/28/2020 18:06,256.1,209.8
3/28/2020 18:07,260.7,218.8
3/28/2020 18:08,264.8,234.38
3/28/2020 18:09,237.1,208.92
3/28/2020 18:10,244.8,222.27
3/28/2020 18:11,263.3,247.9
3/28/2020 18:12,293.6,283.5
3/28/2020 18:13,293.7,272.08
3/28/2020 18:14,288.5,270.22
3/28/2020 18:15,279.5,260.81
3/28/2020 18:16,254.6,235.11
3/28/2020 18:17,251.3,254.8
3/28/2020 18:18,253,245.3
3/28/2020 18:19,255.6,244.71
3/28/2020 18:20,258.3,242.7
3/28/2020 18:21,249.6,257.2
3/28/2020 18:22,242.3,261.3
3/28/2020 18:23,243.1,225.92
3/28/2020 18:24,238.4,227.48
3/28/2020 18:25,248.8,273.3
3/28/2020 18:26,263.5,236.3
3/28/2020 18:27,260.7,244.1
3/28/2020 18:28,255.9,255.6
3/28/2020 18:29,246.3,199.5
3/28/2020 18:30,252,122.1
3/28/2020 18:31,262,117
3/28/2020 18:32,260,106.7
3/28/2020 18:33,250,100.9
3/28/2020 18:34,249,106.8
3/28/2020 18:35,262,129.3
3/28/2020 18:36,267,145.66
3/28/2020 18:37,257,138.5
3/28/2020 18:38,250,142.941
3/28/2020 18:39,240.3,154.7
3/28/2020 18:40,236.1,169.1
3/28/2020 18:41,232.3,174.7
3/28/2020 18:42,254.5,212
3/28/2020 18:43,272,235.9
3/28/2020 18:44,283.1,270.3
3/28/2020 18:45,287.4,271.8
3/28/2020 18:46,294.5,282.8
3/28/2020 18:47,279,251.879
3/28/2020 18:48,251.2,234.55
3/28/2020 18:49,251.5,243.59
3/28/2020 18:50,250.9,265.1
3/28/2020 18:51,261.29,320.7
3/28/2020 18:52,263.67,331.2
3/28/2020 18:53,267.81,312.4
3/28/2020 18:54,274.11,326.3
3/28/2020 18:55,267.3,297
3/28/2020 18:56,276.61,311.8
3/28/2020 18:57,272.13,307.9
3/28/2020 18:58,261.59,301.7
3/28/2020 18:59,261.41,319.4
3/28/2020 19:00,281.38,319.4
3/28/2020 19:01,270.18,316.8
3/28/2020 19:02,270.86,286.4
3/28/2020 19:03,264.45,265.05
3/28/2020 19:04,274.16,274.87
3/28/2020 19:05,287.674,289.07
3/28/2020 19:06,288.224,290.02
3/28/2020 19:07,254.86,256.93
3/28/2020 19:08,249.52,251.96
3/28/2020 19:09,233.13,236.02
3/28/2020 19:10,245,247.96
3/28/2020 19:11,259.7,263.03
3/28/2020 19:12,274.4,277.99
3/28/2020 19:13,287.1,291.18
3/28/2020 19:14,290.8,295.09
3/28/2020 19:15,273.1,281.2
3/28/2020 19:16,282.1,295.88
3/28/2020 19:17,269.9,284.4
3/28/2020 19:18,274,288.3
3/28/2020 19:19,264,278.3
3/28/2020 19:20,267,281.3
3/28/2020 19:21,249,263.3
3/28/2020 19:22,265,279.3
3/28/2020 19:23,280.9,295.4
3/28/2020 19:24,281,295.3
3/28/2020 19:25,284,298.3
3/28/2020 19:26,285,299.2
3/28/2020 19:27,278,292.2
3/28/2020 19:28,272,286.2
3/28/2020 19:29,295,309.2
3/28/2020 19:30,297,311.1
3/28/2020 19:31,301,315.1
3/28/2020 19:32,302,316.1
3/28/2020 19:33,307,321.1
3/28/2020 19:34,294,308.1
3/28/2020 19:35,312,326
3/28/2020 19:36,300,314
3/28/2020 19:37,303,317
3/28/2020 19:38,305,319
3/28/2020 19:39,297,311
3/28/2020 19:40,301,315
3/28/2020 19:41,290,304.1
3/28/2020 19:42,307.1,321.1
3/28/2020 19:43,309.9,323.1
3/28/2020 19:44,301.4,314
3/28/2020 19:45,288.4,301
3/28/2020 19:46,279.4,292
3/28/2020 19:47,268.4,281.1
3/28/2020 19:48,268.4,281
3/28/2020 19:49,282.4,295
3/28/2020 19:50,289.4,302
3/28/2020 19:51,281.4,294.1
3/28/2020 19:52,276.4,289.1
3/28/2020 19:53,276.3,289.1
3/28/2020 19:54,265.2,278.1
3/28/2020 19:55,263.2,276.1
3/28/2020 19:56,283.2,296.1
3/28/2020 19:57,293.3,306.1
3/28/2020 19:58,299.4,312
3/28/2020 19:59,317.4,330
3/28/2020 20:00,313.4,326
3/28/2020 20:01,304.4,317.1
3/28/2020 20:02,289.4,302.1
3/28/2020 20:03,265.4,278.1
3/28/2020 20:04,269.4,282.1
3/28/2020 20:05,283.4,296.1
3/28/2020 20:06,274.4,287.1
3/28/2020 20:07,279.4,292.1
3/28/2020 20:08,299.4,312
3/28/2020 20:09,319.4,332
3/28/2020 20:10,312.4,325.1
3/28/2020 20:11,301.4,314
3/28/2020 20:12,296.4,309
3/28/2020 20:13,284.4,297
3/28/2020 20:14,283.4,296
3/28/2020 20:15,274.4,287
3/28/2020 20:16,269.4,282.1
3/28/2020 20:17,280.4,293.1
3/28/2020 20:18,266.4,279
3/28/2020 20:19,271.4,284
3/28/2020 20:20,269.4,282
3/28/2020 20:21,266.4,279.1
3/28/2020 20:22,256.4,269
3/28/2020 20:23,275.4,288.1
3/28/2020 20:24,286.4,299.1
3/28/2020 20:25,291.4,304.1
3/28/2020 20:26,311.4,324.1
3/28/2020 20:27,291.4,304.1
3/28/2020 20:28,275.4,288.1
3/28/2020 20:29,279.4,292.1
3/28/2020 20:30,278.4,291.1
3/28/2020 20:31,275.4,288.1
3/28/2020 20:32,284.4,297
3/28/2020 20:33,280.4,293
3/28/2020 20:34,294.4,307
3/28/2020 20:35,282.4,295
3/28/2020 20:36,281.4,294
3/28/2020 20:37,283.4,296
3/28/2020 20:38,285.4,298
3/28/2020 20:39,283.3,295.98
3/28/2020 20:40,265.2,278
3/28/2020 20:41,260.2,273
3/28/2020 20:42,273.2,286
3/28/2020 20:43,285.4,298.1
3/28/2020 20:44,291.4,304.1
3/28/2020 20:45,294.4,307.1
3/28/2020 20:46,278.4,291.1
3/28/2020 20:47,302.4,315.1
3/28/2020 20:48,296.4,309.1
3/28/2020 20:49,290.4,303.1
3/28/2020 20:50,294.4,307.1
3/28/2020 20:51,271.4,284.1
3/28/2020 20:52,293.4,306.1
3/28/2020 20:53,293.4,306
3/28/2020 20:54,295.4,308
3/28/2020 20:55,265.4,278.1
3/28/2020 20:56,268.4,281.1
3/28/2020 20:57,265.4,278.1
3/28/2020 20:58,268.4,281.2
3/28/2020 20:59,269.4,282.2
3/28/2020 21:00,277.4,290.1
3/28/2020 21:01,307.4,320.1
3/28/2020 21:02,305.4,318.1
3/28/2020 21:03,317.4,330.1
3/28/2020 21:04,320.4,333.1
3/28/2020 21:05,333.4,346.1
3/28/2020 21:06,324.4,337.1
3/28/2020 21:07,327.4,340.1
3/28/2020 21:08,333.4,346.1
3/28/2020 21:09,322.4,335.1
3/28/2020 21:10,315.4,328.1
3/28/2020 21:11,312.4,325.1
3/28/2020 21:12,308.4,321.1
3/28/2020 21:13,323.4,336.1
3/28/2020 21:14,332.4,345.1
3/28/2020 21:15,326.4,339.1
3/28/2020 21:16,306.4,319.1
3/28/2020 21:17,308.4,321.1
3/28/2020 21:18,317.4,330.2
3/28/2020 21:19,315.4,328.2
3/28/2020 21:20,290.4,303.2
3/28/2020 21:21,277.4,290.2
3/28/2020 21:22,266.2,279.2
3/28/2020 21:23,266.2,279.2
3/28/2020 21:24,269.2,282.2
3/28/2020 21:25,264.2,277.2
3/28/2020 21:26,255.4,268.2
3/28/2020 21:27,263.4,276.2
3/28/2020 21:28,294.4,307.2
3/28/2020 21:29,314.4,327.2
3/28/2020 21:30,296.4,309.2
3/28/2020 21:31,273.4,286.2
3/28/2020 21:32,254.4,267.2
3/28/2020 21:33,256.4,269.2
3/28/2020 21:34,274.4,287.2
3/28/2020 21:35,274.4,287.2
3/28/2020 21:36,293.4,306.2
3/28/2020 21:37,297.4,310.2
3/28/2020 21:38,286.4,299.3
3/28/2020 21:39,321.4,334.2
3/28/2020 21:40,321.4,334.3
3/28/2020 21:41,325.4,338.2
3/28/2020 21:42,294.4,307.3
3/28/2020 21:43,299.4,312.3
3/28/2020 21:44,308.4,321.3
3/28/2020 21:45,294.4,307.3
3/28/2020 21:46,296.4,309.3
3/28/2020 21:47,288.4,301.3
3/28/2020 21:48,287.4,300.3
3/28/2020 21:49,278.4,291.4
3/28/2020 21:50,294.4,307.3
3/28/2020 21:51,307.4,320.4
3/28/2020 21:52,308.4,321.4
3/28/2020 21:53,292.4,305.4
3/28/2020 21:54,288.4,301.4
3/28/2020 21:55,281.4,294.3
3/28/2020 21:56,282.4,295.3
3/28/2020 21:57,301.4,314.3
3/28/2020 21:58,313.4,326.3
3/28/2020 21:59,309.4,322.3
3/28/2020 22:00,325.4,338.3
3/28/2020 22:01,314.4,327.3
3/28/2020 22:02,319.4,332.3
3/28/2020 22:03,319.4,332.4
3/28/2020 22:04,294.4,307.2
3/28/2020 22:05,289.4,302.2
3/28/2020 22:06,286.2,299.2
3/28/2020 22:07,293.2,306.2
3/28/2020 22:08,266.2,279.2
3/28/2020 22:09,264.2,277.2
3/28/2020 22:10,271.4,284.2
3/28/2020 22:11,287.4,300.2
3/28/2020 22:12,275.4,288.2
3/28/2020 22:13,266.4,279.2
3/28/2020 22:14,256.4,269.2
3/28/2020 22:15,279.4,292.2
3/28/2020 22:16,316.4,329.2
3/28/2020 22:17,325.4,338.2
3/28/2020 22:18,325.4,338.2
3/28/2020 22:19,297.4,310.3
3/28/2020 22:20,287.4,300.2
3/28/2020 22:21,312.4,325.2
3/28/2020 22:22,317.4,330.2
3/28/2020 22:23,323.4,336.2
3/28/2020 22:24,330.4,343.2
3/28/2020 22:25,287.4,300.2
3/28/2020 22:26,287.4,300.3
3/28/2020 22:27,305.4,318.2
3/28/2020 22:28,337.4,350.2
3/28/2020 22:29,326.4,339.2
3/28/2020 22:30,322.4,335.2
3/28/2020 22:31,307.4,320.3
3/28/2020 22:32,300.4,313.3
3/28/2020 22:33,261.4,274.3
3/28/2020 22:34,246.4,259.3
3/28/2020 22:35,254.4,267.3
3/28/2020 22:36,300.4,313.3
3/28/2020 22:37,321.4,334.3
3/28/2020 22:38,317.4,330.2
3/28/2020 22:39,301.4,314.2
3/28/2020 22:40,274.4,287.2
3/28/2020 22:41,260.4,273.2
3/28/2020 22:42,271.4,284.2
3/28/2020 22:43,293.4,306.2
3/28/2020 22:44,299.4,312.2
3/28/2020 22:45,312.4,325.2
3/28/2020 22:46,323.4,336.2
3/28/2020 22:47,306.4,319.3
3/28/2020 22:48,297.4,310.3
3/28/2020 22:49,297.4,310.3
3/28/2020 22:50,294.2,307.3
3/28/2020 22:51,292.2,305.3
3/28/2020 22:52,278.2,291.3
3/28/2020 22:53,287.2,300.3
3/28/2020 22:54,292.4,305.3
3/28/2020 22:55,307.4,320.3
3/28/2020 22:56,310.4,323.3
3/28/2020 22:57,317.4,330.3
3/28/2020 22:58,322.4,335.3
3/28/2020 22:59,320.4,333.3
3/28/2020 23:00,302.4,315.3
3/28/2020 23:01,277.4,290.3
3/28/2020 23:02,268.4,281.4
3/28/2020 23:03,280.4,293.3
3/28/2020 23:04,304.4,317.3
3/28/2020 23:05,290.4,303.3
3/28/2020 23:06,287.4,300.4
3/28/2020 23:07,289.4,302.4
3/28/2020 23:08,291.4,304.3
3/28/2020 23:09,343.4,356.2
3/28/2020 23:10,356.4,369.3
3/28/2020 23:11,357.4,370.3
3/28/2020 23:12,364.4,377.3
3/28/2020 23:13,339.4,352.3
3/28/2020 23:14,341.4,354.3
3/28/2020 23:15,347.4,360.3
3/28/2020 23:16,343.4,356.3
3/28/2020 23:17,344.4,357.3
3/28/2020 23:18,335.4,348.3
3/28/2020 23:19,324.4,337.4
3/28/2020 23:20,321.4,334.4
3/28/2020 23:21,334.4,347.4
3/28/2020 23:22,351.4,364.4
3/28/2020 23:23,369.4,382.4
3/28/2020 23:24,359.4,372.4
3/28/2020 23:25,360.4,373.4
3/28/2020 23:26,346.4,359.4
3/28/2020 23:27,357.4,370.4
3/28/2020 23:28,358.4,371.4
3/28/2020 23:29,352.4,365.4
3/28/2020 23:30,336.4,349.4
3/28/2020 23:31,345.4,358.4
3/28/2020 23:32,347.4,360.5
3/28/2020 23:33,344.2,357.5
3/28/2020 23:34,354.2,367.5
3/28/2020 23:35,336.2,349.5
3/28/2020 23:36,323.2,336.4
3/28/2020 23:37,316.3,329.5
3/28/2020 23:38,335.4,348.5
3/28/2020 23:39,352.4,365.5
3/28/2020 23:40,351.4,364.5
3/28/2020 23:41,337.4,350.5
3/28/2020 23:42,303.4,316.5
3/28/2020 23:43,310.4,323.5
3/28/2020 23:44,302.4,315.4
3/28/2020 23:45,321.4,334.4
3/28/2020 23:46,307.4,320.5
3/28/2020 23:47,291.4,304.5
3/28/2020 23:48,288.4,301.5
3/28/2020 23:49,297.4,310.5
3/28/2020 23:50,298.4,311.5
3/28/2020 23:51,301.4,314.5
3/28/2020 23:52,282.4,295.5
3/28/2020 23:53,299.4,312.5
3/28/2020 23:54,297.4,310.5
3/28/2020 23:55,311.4,324.5
3/28/2020 23:56,317.4,330.5
3/28/2020 23:57,290.4,303.5
3/28/2020 23:58,285.4,298.5
3/28/2020 23:59,289.4,302.4
