DateTime,Building Load P (kW),
3/13/2020 0:00,335.4,
3/13/2020 0:01,321.4,
3/13/2020 0:02,295.4,
3/13/2020 0:03,276.4,
3/13/2020 0:04,268.4,
3/13/2020 0:05,274.4,
3/13/2020 0:06,282.4,
3/13/2020 0:07,274.4,
3/13/2020 0:08,287.4,
3/13/2020 0:09,306.4,
3/13/2020 0:10,326.4,
3/13/2020 0:11,326.4,
3/13/2020 0:12,312.4,
3/13/2020 0:13,311.4,
3/13/2020 0:14,316.4,
3/13/2020 0:15,312.4,
3/13/2020 0:16,310.4,
3/13/2020 0:17,303.4,
3/13/2020 0:18,316.2,
3/13/2020 0:19,324.2,
3/13/2020 0:20,331.1,
3/13/2020 0:21,318.1,
3/13/2020 0:22,307.4,
3/13/2020 0:23,309.4,
3/13/2020 0:24,325.3,
3/13/2020 0:25,330.3,
3/13/2020 0:26,332.3,
3/13/2020 0:27,326.3,
3/13/2020 0:28,305.4,
3/13/2020 0:29,308.4,
3/13/2020 0:30,291.4,
3/13/2020 0:31,308.4,
3/13/2020 0:32,304.4,
3/13/2020 0:33,299.4,
3/13/2020 0:34,298.4,
3/13/2020 0:35,296.4,
3/13/2020 0:36,314.4,
3/13/2020 0:37,329.4,
3/13/2020 0:38,315.4,
3/13/2020 0:39,290.4,
3/13/2020 0:40,291.4,
3/13/2020 0:41,314.4,
3/13/2020 0:42,315.4,
3/13/2020 0:43,303.4,
3/13/2020 0:44,302.4,
3/13/2020 0:45,301.4,
3/13/2020 0:46,298.4,
3/13/2020 0:47,303.4,
3/13/2020 0:48,315.4,
3/13/2020 0:49,334.4,
3/13/2020 0:50,345.4,
3/13/2020 0:51,347.4,
3/13/2020 0:52,351.4,
3/13/2020 0:53,345.4,
3/13/2020 0:54,316.4,
3/13/2020 0:55,299.4,
3/13/2020 0:56,297.4,
3/13/2020 0:57,301.4,
3/13/2020 0:58,313.4,
3/13/2020 0:59,324.4,
3/13/2020 1:00,327.4,
3/13/2020 1:01,339.3,
3/13/2020 1:02,351.1,
3/13/2020 1:03,337.1,
3/13/2020 1:04,322.1,
3/13/2020 1:05,307.3,
3/13/2020 1:06,293.3,
3/13/2020 1:07,299.3,
3/13/2020 1:08,303.3,
3/13/2020 1:09,311.3,
3/13/2020 1:10,316.3,
3/13/2020 1:11,313.3,
3/13/2020 1:12,323.3,
3/13/2020 1:13,324.3,
3/13/2020 1:14,311.3,
3/13/2020 1:15,292.4,
3/13/2020 1:16,274.3,
3/13/2020 1:17,282.3,
3/13/2020 1:18,296.3,
3/13/2020 1:19,303.4,
3/13/2020 1:20,291.4,
3/13/2020 1:21,283.4,
3/13/2020 1:22,280.4,
3/13/2020 1:23,277.4,
3/13/2020 1:24,295.4,
3/13/2020 1:25,311.4,
3/13/2020 1:26,311.4,
3/13/2020 1:27,310.4,
3/13/2020 1:28,299.3,
3/13/2020 1:29,301.3,
3/13/2020 1:30,282.3,
3/13/2020 1:31,280.3,
3/13/2020 1:32,301.3,
3/13/2020 1:33,317.3,
3/13/2020 1:34,326.3,
3/13/2020 1:35,344.3,
3/13/2020 1:36,366.3,
3/13/2020 1:37,380.3,
3/13/2020 1:38,347.3,
3/13/2020 1:39,334.3,
3/13/2020 1:40,311.3,
3/13/2020 1:41,295.3,
3/13/2020 1:42,293.3,
3/13/2020 1:43,303.2,
3/13/2020 1:44,310.1,
3/13/2020 1:45,296.1,
3/13/2020 1:46,286.1,
3/13/2020 1:47,294.2,
3/13/2020 1:48,312.3,
3/13/2020 1:49,312.3,
3/13/2020 1:50,303.3,
3/13/2020 1:51,296.3,
3/13/2020 1:52,296.3,
3/13/2020 1:53,298.3,
3/13/2020 1:54,302.3,
3/13/2020 1:55,308.3,
3/13/2020 1:56,308.3,
3/13/2020 1:57,300.3,
3/13/2020 1:58,299.3,
3/13/2020 1:59,313.3,
3/13/2020 2:00,350.3,
3/13/2020 2:01,351.3,
3/13/2020 2:02,347.3,
3/13/2020 2:03,342.3,
3/13/2020 2:04,340.3,
3/13/2020 2:05,331.3,
3/13/2020 2:06,311.3,
3/13/2020 2:07,304.3,
3/13/2020 2:08,308.3,
3/13/2020 2:09,318.3,
3/13/2020 2:10,310.3,
3/13/2020 2:11,320.3,
3/13/2020 2:12,333.3,
3/13/2020 2:13,333.3,
3/13/2020 2:14,351.3,
3/13/2020 2:15,341.3,
3/13/2020 2:16,331.3,
3/13/2020 2:17,329.3,
3/13/2020 2:18,330.3,
3/13/2020 2:19,340.3,
3/13/2020 2:20,315.3,
3/13/2020 2:21,313.3,
3/13/2020 2:22,292.3,
3/13/2020 2:23,309.3,
3/13/2020 2:24,320.3,
3/13/2020 2:25,326.1,
3/13/2020 2:26,330.1,
3/13/2020 2:27,309.1,
3/13/2020 2:28,310.1,
3/13/2020 2:29,306.3,
3/13/2020 2:30,283.3,
3/13/2020 2:31,287.3,
3/13/2020 2:32,278.3,
3/13/2020 2:33,284.3,
3/13/2020 2:34,305.3,
3/13/2020 2:35,314.3,
3/13/2020 2:36,313.3,
3/13/2020 2:37,292.3,
3/13/2020 2:38,284.3,
3/13/2020 2:39,266.3,
3/13/2020 2:40,274.3,
3/13/2020 2:41,286.3,
3/13/2020 2:42,305.3,
3/13/2020 2:43,310.3,
3/13/2020 2:44,338.3,
3/13/2020 2:45,344.3,
3/13/2020 2:46,353.3,
3/13/2020 2:47,367.3,
3/13/2020 2:48,351.3,
3/13/2020 2:49,341.3,
3/13/2020 2:50,310.3,
3/13/2020 2:51,316.3,
3/13/2020 2:52,319.3,
3/13/2020 2:53,319.3,
3/13/2020 2:54,310.3,
3/13/2020 2:55,304.3,
3/13/2020 2:56,296.3,
3/13/2020 2:57,288.3,
3/13/2020 2:58,287.3,
3/13/2020 2:59,312.3,
3/13/2020 3:00,343.3,
3/13/2020 3:01,357.3,
3/13/2020 3:02,353.3,
3/13/2020 3:03,341.3,
3/13/2020 3:04,335.3,
3/13/2020 3:05,314.1,
3/13/2020 3:06,311.1,
3/13/2020 3:07,303.1,
3/13/2020 3:08,325.2,
3/13/2020 3:09,341.3,
3/13/2020 3:10,324.3,
3/13/2020 3:11,315.3,
3/13/2020 3:12,307.3,
3/13/2020 3:13,295.3,
3/13/2020 3:14,281.3,
3/13/2020 3:15,286.3,
3/13/2020 3:16,300.3,
3/13/2020 3:17,321.3,
3/13/2020 3:18,346.3,
3/13/2020 3:19,333.3,
3/13/2020 3:20,335.3,
3/13/2020 3:21,355.3,
3/13/2020 3:22,329.3,
3/13/2020 3:23,319.3,
3/13/2020 3:24,308.3,
3/13/2020 3:25,328.3,
3/13/2020 3:26,334.3,
3/13/2020 3:27,308.3,
3/13/2020 3:28,293.3,
3/13/2020 3:29,307.3,
3/13/2020 3:30,326.3,
3/13/2020 3:31,333.3,
3/13/2020 3:32,354.3,
3/13/2020 3:33,355.3,
3/13/2020 3:34,355.3,
3/13/2020 3:35,350.3,
3/13/2020 3:36,340.3,
3/13/2020 3:37,327.3,
3/13/2020 3:38,321.3,
3/13/2020 3:39,310.3,
3/13/2020 3:40,282.3,
3/13/2020 3:41,293.3,
3/13/2020 3:42,309.3,
3/13/2020 3:43,316.1,
3/13/2020 3:44,316.1,
3/13/2020 3:45,307.1,
3/13/2020 3:46,306.2,
3/13/2020 3:47,312.3,
3/13/2020 3:48,335.3,
3/13/2020 3:49,359.3,
3/13/2020 3:50,341.3,
3/13/2020 3:51,332.3,
3/13/2020 3:52,319.3,
3/13/2020 3:53,317.3,
3/13/2020 3:54,316.3,
3/13/2020 3:55,296.3,
3/13/2020 3:56,300.3,
3/13/2020 3:57,303.3,
3/13/2020 3:58,309.3,
3/13/2020 3:59,299.3,
3/13/2020 4:00,306.3,
3/13/2020 4:01,348.3,
3/13/2020 4:02,354.4,
3/13/2020 4:03,340.4,
3/13/2020 4:04,345.4,
3/13/2020 4:05,332.4,
3/13/2020 4:06,320.3,
3/13/2020 4:07,303.4,
3/13/2020 4:08,283.3,
3/13/2020 4:09,291.3,
3/13/2020 4:10,310.4,
3/13/2020 4:11,324.4,
3/13/2020 4:12,337.4,
3/13/2020 4:13,338.4,
3/13/2020 4:14,345.4,
3/13/2020 4:15,345.4,
3/13/2020 4:16,334.4,
3/13/2020 4:17,330.4,
3/13/2020 4:18,332.4,
3/13/2020 4:19,332.4,
3/13/2020 4:20,340.4,
3/13/2020 4:21,355.1,
3/13/2020 4:22,362.2,
3/13/2020 4:23,347.2,
3/13/2020 4:24,334.2,
3/13/2020 4:25,324.4,
3/13/2020 4:26,316.4,
3/13/2020 4:27,321.4,
3/13/2020 4:28,342.3,
3/13/2020 4:29,342.4,
3/13/2020 4:30,356.4,
3/13/2020 4:31,349.4,
3/13/2020 4:32,340.4,
3/13/2020 4:33,350.4,
3/13/2020 4:34,347.4,
3/13/2020 4:35,339.4,
3/13/2020 4:36,339.4,
3/13/2020 4:37,331.4,
3/13/2020 4:38,341.4,
3/13/2020 4:39,337.4,
3/13/2020 4:40,342.4,
3/13/2020 4:41,342.4,
3/13/2020 4:42,321.4,
3/13/2020 4:43,320.4,
3/13/2020 4:44,338.4,
3/13/2020 4:45,364.4,
3/13/2020 4:46,342.4,
3/13/2020 4:47,332.4,
3/13/2020 4:48,325.4,
3/13/2020 4:49,323.4,
3/13/2020 4:50,317.4,
3/13/2020 4:51,311.4,
3/13/2020 4:52,324.4,
3/13/2020 4:53,338.4,
3/13/2020 4:54,346.4,
3/13/2020 4:55,335.4,
3/13/2020 4:56,340.4,
3/13/2020 4:57,340.4,
3/13/2020 4:58,334.3,
3/13/2020 4:59,329.2,
3/13/2020 5:00,405.2,
3/13/2020 5:01,413.2,
3/13/2020 5:02,404.3,
3/13/2020 5:03,399.4,
3/13/2020 5:04,395.4,
3/13/2020 5:05,399.4,
3/13/2020 5:06,400.4,
3/13/2020 5:07,402.4,
3/13/2020 5:08,411.4,
3/13/2020 5:09,401.4,
3/13/2020 5:10,402.4,
3/13/2020 5:11,418.4,
3/13/2020 5:12,415.4,
3/13/2020 5:13,398.4,
3/13/2020 5:14,387.4,
3/13/2020 5:15,407.4,
3/13/2020 5:16,397.4,
3/13/2020 5:17,390.4,
3/13/2020 5:18,368.4,
3/13/2020 5:19,348.4,
3/13/2020 5:20,355.4,
3/13/2020 5:21,357.4,
3/13/2020 5:22,357.4,
3/13/2020 5:23,379.4,
3/13/2020 5:24,399.4,
3/13/2020 5:25,386.4,
3/13/2020 5:26,377.4,
3/13/2020 5:27,364.4,
3/13/2020 5:28,366.4,
3/13/2020 5:29,367.4,
3/13/2020 5:30,377.4,
3/13/2020 5:31,377.4,
3/13/2020 5:32,369.4,
3/13/2020 5:33,387.4,
3/13/2020 5:34,378.3,
3/13/2020 5:35,400.2,
3/13/2020 5:36,409.2,
3/13/2020 5:37,422.2,
3/13/2020 5:38,437.3,
3/13/2020 5:39,415.4,
3/13/2020 5:40,423.4,
3/13/2020 5:41,434.4,
3/13/2020 5:42,408.4,
3/13/2020 5:43,389.4,
3/13/2020 5:44,392.4,
3/13/2020 5:45,406.4,
3/13/2020 5:46,407.4,
3/13/2020 5:47,396.4,
3/13/2020 5:48,386.4,
3/13/2020 5:49,362.4,
3/13/2020 5:50,358.4,
3/13/2020 5:51,365.4,
3/13/2020 5:52,375.4,
3/13/2020 5:53,370.4,
3/13/2020 5:54,388.4,
3/13/2020 5:55,424.4,
3/13/2020 5:56,421.4,
3/13/2020 5:57,415.4,
3/13/2020 5:58,372.4,
3/13/2020 5:59,361.4,
3/13/2020 6:00,381.4,
3/13/2020 6:01,386.4,
3/13/2020 6:02,360.4,
3/13/2020 6:03,390.4,
3/13/2020 6:04,412.4,
3/13/2020 6:05,434.4,
3/13/2020 6:06,419.4,
3/13/2020 6:07,401.4,
3/13/2020 6:08,414.4,
3/13/2020 6:09,412.4,
3/13/2020 6:10,430.2,
3/13/2020 6:11,443.2,
3/13/2020 6:12,451.2,
3/13/2020 6:13,449.3,
3/13/2020 6:14,469.4,
3/13/2020 6:15,455.4,
3/13/2020 6:16,442.4,
3/13/2020 6:17,431.4,
3/13/2020 6:18,444.4,
3/13/2020 6:19,406.4,
3/13/2020 6:20,379.4,
3/13/2020 6:21,391.4,
3/13/2020 6:22,401.4,
3/13/2020 6:23,394.4,
3/13/2020 6:24,385.4,
3/13/2020 6:25,399.4,
3/13/2020 6:26,399.4,
3/13/2020 6:27,403.4,
3/13/2020 6:28,400.4,
3/13/2020 6:29,408.4,
3/13/2020 6:30,416.4,
3/13/2020 6:31,398.4,
3/13/2020 6:32,395.4,
3/13/2020 6:33,389.4,
3/13/2020 6:34,416.4,
3/13/2020 6:35,450.4,
3/13/2020 6:36,448.4,
3/13/2020 6:37,430.4,
3/13/2020 6:38,421.4,
3/13/2020 6:39,404.4,
3/13/2020 6:40,394.4,
3/13/2020 6:41,389.4,
3/13/2020 6:42,388.4,
3/13/2020 6:43,392.4,
3/13/2020 6:44,389.4,
3/13/2020 6:45,423.4,
3/13/2020 6:46,417.2,
3/13/2020 6:47,399.2,
3/13/2020 6:48,402.2,
3/13/2020 6:49,406.2,
3/13/2020 6:50,416.4,
3/13/2020 6:51,389.4,
3/13/2020 6:52,381.4,
3/13/2020 6:53,403.4,
3/13/2020 6:54,421.4,
3/13/2020 6:55,425.4,
3/13/2020 6:56,427.4,
3/13/2020 6:57,406.4,
3/13/2020 6:58,391.4,
3/13/2020 6:59,394.4,
3/13/2020 7:00,382.4,
3/13/2020 7:01,412.3,
3/13/2020 7:02,425.4,
3/13/2020 7:03,453.4,
3/13/2020 7:04,458.4,
3/13/2020 7:05,461.4,
3/13/2020 7:06,455.4,
3/13/2020 7:07,438.3,
3/13/2020 7:08,414.4,
3/13/2020 7:09,415.0,
3/13/2020 7:10,438.0,
3/13/2020 7:11,448.0,
3/13/2020 7:12,458.0,
3/13/2020 7:13,468.9,
3/13/2020 7:14,438.0,
3/13/2020 7:15,440.9,
3/13/2020 7:16,390.9,
3/13/2020 7:17,383.8,
3/13/2020 7:18,405.0,
3/13/2020 7:19,412.9,
3/13/2020 7:20,423.9,
3/13/2020 7:21,419.9,
3/13/2020 7:22,433.8,
3/13/2020 7:23,398.7,
3/13/2020 7:24,409.8,
3/13/2020 7:25,402.6,
3/13/2020 7:26,392.8,
3/13/2020 7:27,381.9,
3/13/2020 7:28,374.0,
3/13/2020 7:29,379.9,
3/13/2020 7:30,390.8,
3/13/2020 7:31,405.9,
3/13/2020 7:32,443.9,
3/13/2020 7:33,430.0,
3/13/2020 7:34,413.9,
3/13/2020 7:35,417.7,
3/13/2020 7:36,406.9,
3/13/2020 7:37,394.9,
3/13/2020 7:38,399.7,
3/13/2020 7:39,400.3,
3/13/2020 7:40,415.2,
3/13/2020 7:41,454.4,
3/13/2020 7:42,425.3,
3/13/2020 7:43,402.4,
3/13/2020 7:44,418.3,
3/13/2020 7:45,431.1,
3/13/2020 7:46,428.3,
3/13/2020 7:47,436.3,
3/13/2020 7:48,460.4,
3/13/2020 7:49,469.3,
3/13/2020 7:50,459.1,
3/13/2020 7:51,402.3,
3/13/2020 7:52,366.3,
3/13/2020 7:53,384.2,
3/13/2020 7:54,380.7,
3/13/2020 7:55,400.7,
3/13/2020 7:56,408.8,
3/13/2020 7:57,412.8,
3/13/2020 7:58,392.8,
3/13/2020 7:59,387.7,
3/13/2020 8:00,354.5,
3/13/2020 8:01,353.7,
3/13/2020 8:02,356.6,
3/13/2020 8:03,340.8,
3/13/2020 8:04,353.7,
3/13/2020 8:05,359.8,
3/13/2020 8:06,377.9,
3/13/2020 8:07,369.9,
3/13/2020 8:08,378.8,
3/13/2020 8:09,375.8,
3/13/2020 8:10,386.8,
3/13/2020 8:11,383.0,
3/13/2020 8:12,385.8,
3/13/2020 8:13,401.9,
3/13/2020 8:14,409.9,
3/13/2020 8:15,399.9,
3/13/2020 8:16,438.6,
3/13/2020 8:17,458.7,
3/13/2020 8:18,439.1,
3/13/2020 8:19,416.4,
3/13/2020 8:20,413.8,
3/13/2020 8:21,443.9,
3/13/2020 8:22,445.1,
3/13/2020 8:23,443.9,
3/13/2020 8:24,445.9,
3/13/2020 8:25,441.1,
3/13/2020 8:26,422.4,
3/13/2020 8:27,380.5,
3/13/2020 8:28,366.5,
3/13/2020 8:29,377.7,
3/13/2020 8:30,376.5,
3/13/2020 8:31,382.7,
3/13/2020 8:32,393.6,
3/13/2020 8:33,407.9,
3/13/2020 8:34,413.9,
3/13/2020 8:35,439.0,
3/13/2020 8:36,423.7,
3/13/2020 8:37,420.1,
3/13/2020 8:38,400.8,
3/13/2020 8:39,366.5,
3/13/2020 8:40,344.9,
3/13/2020 8:41,340.3,
3/13/2020 8:42,343.2,
3/13/2020 8:43,357.5,
3/13/2020 8:44,363.2,
3/13/2020 8:45,391.1,
3/13/2020 8:46,367.7,
3/13/2020 8:47,335.2,
3/13/2020 8:48,324.0,
3/13/2020 8:49,345.3,
3/13/2020 8:50,380.0,
3/13/2020 8:51,398.6,
3/13/2020 8:52,404.1,
3/13/2020 8:53,420.5,
3/13/2020 8:54,414.7,
3/13/2020 8:55,396.8,
3/13/2020 8:56,394.7,
3/13/2020 8:57,422.4,
3/13/2020 8:58,433.0,
3/13/2020 8:59,388.4,
3/13/2020 9:00,386.8,
3/13/2020 9:01,383.6,
3/13/2020 9:02,385.2,
3/13/2020 9:03,371.9,
3/13/2020 9:04,379.1,
3/13/2020 9:05,388.0,
3/13/2020 9:06,400.5,
3/13/2020 9:07,383.6,
3/13/2020 9:08,385.4,
3/13/2020 9:09,380.5,
3/13/2020 9:10,389.8,
3/13/2020 9:11,410.1,
3/13/2020 9:12,418.2,
3/13/2020 9:13,402.7,
3/13/2020 9:14,387.9,
3/13/2020 9:15,382.0,
3/13/2020 9:16,366.1,
3/13/2020 9:17,392.0,
3/13/2020 9:18,384.3,
3/13/2020 9:19,391.4,
3/13/2020 9:20,419.6,
3/13/2020 9:21,433.1,
3/13/2020 9:22,416.4,
3/13/2020 9:23,417.2,
3/13/2020 9:24,412.0,
3/13/2020 9:25,405.2,
3/13/2020 9:26,400.0,
3/13/2020 9:27,410.6,
3/13/2020 9:28,390.6,
3/13/2020 9:29,415.7,
3/13/2020 9:30,393.7,
3/13/2020 9:31,400.3,
3/13/2020 9:32,402.1,
3/13/2020 9:33,391.8,
3/13/2020 9:34,381.6,
3/13/2020 9:35,389.2,
3/13/2020 9:36,393.8,
3/13/2020 9:37,360.0,
3/13/2020 9:38,371.7,
3/13/2020 9:39,392.9,
3/13/2020 9:40,386.9,
3/13/2020 9:41,410.2,
3/13/2020 9:42,397.8,
3/13/2020 9:43,403.4,
3/13/2020 9:44,420.7,
3/13/2020 9:45,403.8,
3/13/2020 9:46,397.3,
3/13/2020 9:47,386.2,
3/13/2020 9:48,378.5,
3/13/2020 9:49,362.0,
3/13/2020 9:50,366.9,
3/13/2020 9:51,376.7,
3/13/2020 9:52,388.2,
3/13/2020 9:53,388.1,
3/13/2020 9:54,375.4,
3/13/2020 9:55,383.6,
3/13/2020 9:56,381.0,
3/13/2020 9:57,391.0,
3/13/2020 9:58,388.0,
3/13/2020 9:59,371.0,
3/13/2020 10:00,387.0,
3/13/2020 10:01,402.0,
3/13/2020 10:02,414.0,
3/13/2020 10:03,421.0,
3/13/2020 10:04,425.0,
3/13/2020 10:05,398.2,
3/13/2020 10:06,398.1,
3/13/2020 10:07,401.3,
3/13/2020 10:08,386.4,
3/13/2020 10:09,339.1,
3/13/2020 10:10,326.5,
3/13/2020 10:11,315.9,
3/13/2020 10:12,316.8,
3/13/2020 10:13,340.5,
3/13/2020 10:14,366.3,
3/13/2020 10:15,377.1,
3/13/2020 10:16,377.4,
3/13/2020 10:17,374.1,
3/13/2020 10:18,345.9,
3/13/2020 10:19,339.1,
3/13/2020 10:20,328.0,
3/13/2020 10:21,348.0,
3/13/2020 10:22,352.0,
3/13/2020 10:23,369.2,
3/13/2020 10:24,379.2,
3/13/2020 10:25,389.0,
3/13/2020 10:26,391.4,
3/13/2020 10:27,389.0,
3/13/2020 10:28,352.6,
3/13/2020 10:29,332.5,
3/13/2020 10:30,338.9,
3/13/2020 10:31,343.5,
3/13/2020 10:32,354.8,
3/13/2020 10:33,384.2,
3/13/2020 10:34,396.6,
3/13/2020 10:35,387.3,
3/13/2020 10:36,405.2,
3/13/2020 10:37,426.8,
3/13/2020 10:38,406.4,
3/13/2020 10:39,391.3,
3/13/2020 10:40,378.0,
3/13/2020 10:41,379.8,
3/13/2020 10:42,392.1,
3/13/2020 10:43,409.8,
3/13/2020 10:44,425.7,
3/13/2020 10:45,400.4,
3/13/2020 10:46,384.6,
3/13/2020 10:47,386.1,
3/13/2020 10:48,368.9,
3/13/2020 10:49,344.3,
3/13/2020 10:50,345.1,
3/13/2020 10:51,364.7,
3/13/2020 10:52,362.3,
3/13/2020 10:53,357.0,
3/13/2020 10:54,341.0,
3/13/2020 10:55,343.0,
3/13/2020 10:56,347.0,
3/13/2020 10:57,347.0,
3/13/2020 10:58,358.0,
3/13/2020 10:59,351.0,
3/13/2020 11:00,363.0,
3/13/2020 11:01,376.0,
3/13/2020 11:02,384.0,
3/13/2020 11:03,380.0,
3/13/2020 11:04,407.0,
3/13/2020 11:05,380.0,
3/13/2020 11:06,364.0,
3/13/2020 11:07,350.0,
3/13/2020 11:08,349.0,
3/13/2020 11:09,341.0,
3/13/2020 11:10,367.0,
3/13/2020 11:11,374.0,
3/13/2020 11:12,390.0,
3/13/2020 11:13,399.0,
3/13/2020 11:14,395.0,
3/13/2020 11:15,375.0,
3/13/2020 11:16,369.0,
3/13/2020 11:17,410.0,
3/13/2020 11:18,390.0,
3/13/2020 11:19,383.0,
3/13/2020 11:20,381.0,
3/13/2020 11:21,374.0,
3/13/2020 11:22,387.0,
3/13/2020 11:23,399.0,
3/13/2020 11:24,421.0,
3/13/2020 11:25,412.0,
3/13/2020 11:26,372.0,
3/13/2020 11:27,350.0,
3/13/2020 11:28,331.0,
3/13/2020 11:29,323.0,
3/13/2020 11:30,329.0,
3/13/2020 11:31,344.0,
3/13/2020 11:32,335.0,
3/13/2020 11:33,347.0,
3/13/2020 11:34,350.0,
3/13/2020 11:35,353.0,
3/13/2020 11:36,353.0,
3/13/2020 11:37,360.3,
3/13/2020 11:38,375.5,
3/13/2020 11:39,349.0,
3/13/2020 11:40,338.0,
3/13/2020 11:41,342.0,
3/13/2020 11:42,351.0,
3/13/2020 11:43,363.0,
3/13/2020 11:44,364.0,
3/13/2020 11:45,384.0,
3/13/2020 11:46,374.0,
3/13/2020 11:47,369.0,
3/13/2020 11:48,376.0,
3/13/2020 11:49,369.0,
3/13/2020 11:50,373.0,
3/13/2020 11:51,382.0,
3/13/2020 11:52,374.0,
3/13/2020 11:53,371.0,
3/13/2020 11:54,368.0,
3/13/2020 11:55,359.0,
3/13/2020 11:56,359.0,
3/13/2020 11:57,392.0,
3/13/2020 11:58,419.0,
3/13/2020 11:59,417.0,
3/13/2020 12:00,417.0,
3/13/2020 12:01,422.0,
3/13/2020 12:02,418.0,
3/13/2020 12:03,425.0,
3/13/2020 12:04,411.0,
3/13/2020 12:05,393.0,
3/13/2020 12:06,409.0,
3/13/2020 12:07,397.0,
3/13/2020 12:08,366.0,
3/13/2020 12:09,335.0,
3/13/2020 12:10,321.0,
3/13/2020 12:11,335.0,
3/13/2020 12:12,341.0,
3/13/2020 12:13,356.0,
3/13/2020 12:14,351.0,
3/13/2020 12:15,370.0,
3/13/2020 12:16,377.0,
3/13/2020 12:17,371.4,
3/13/2020 12:18,373.0,
3/13/2020 12:19,356.1,
3/13/2020 12:20,348.9,
3/13/2020 12:21,345.3,
3/13/2020 12:22,339.3,
3/13/2020 12:23,333.7,
3/13/2020 12:24,342.0,
3/13/2020 12:25,350.0,
3/13/2020 12:26,355.0,
3/13/2020 12:27,353.0,
3/13/2020 12:28,346.0,
3/13/2020 12:29,330.3,
3/13/2020 12:30,319.0,
3/13/2020 12:31,327.0,
3/13/2020 12:32,349.0,
3/13/2020 12:33,362.0,
3/13/2020 12:34,375.0,
3/13/2020 12:35,385.0,
3/13/2020 12:36,398.0,
3/13/2020 12:37,400.0,
3/13/2020 12:38,385.0,
3/13/2020 12:39,390.0,
3/13/2020 12:40,410.0,
3/13/2020 12:41,408.0,
3/13/2020 12:42,404.0,
3/13/2020 12:43,380.0,
3/13/2020 12:44,363.0,
3/13/2020 12:45,353.0,
3/13/2020 12:46,345.0,
3/13/2020 12:47,357.0,
3/13/2020 12:48,368.0,
3/13/2020 12:49,375.0,
3/13/2020 12:50,377.0,
3/13/2020 12:51,376.0,
3/13/2020 12:52,348.0,
3/13/2020 12:53,331.0,
3/13/2020 12:54,331.0,
3/13/2020 12:55,333.5,
3/13/2020 12:56,336.0,
3/13/2020 12:57,351.8,
3/13/2020 12:58,341.9,
3/13/2020 12:59,345.0,
3/13/2020 13:00,345.0,
3/13/2020 13:01,348.0,
3/13/2020 13:02,349.0,
3/13/2020 13:03,324.0,
3/13/2020 13:04,320.1,
3/13/2020 13:05,327.0,
3/13/2020 13:06,316.0,
3/13/2020 13:07,363.6,
3/13/2020 13:08,381.9,
3/13/2020 13:09,374.5,
3/13/2020 13:10,340.0,
3/13/2020 13:11,331.6,
3/13/2020 13:12,334.0,
3/13/2020 13:13,374.0,
3/13/2020 13:14,372.8,
3/13/2020 13:15,371.1,
3/13/2020 13:16,370.0,
3/13/2020 13:17,378.0,
3/13/2020 13:18,381.0,
3/13/2020 13:19,392.0,
3/13/2020 13:20,419.0,
3/13/2020 13:21,397.8,
3/13/2020 13:22,383.4,
3/13/2020 13:23,342.1,
3/13/2020 13:24,316.7,
3/13/2020 13:25,347.4,
3/13/2020 13:26,368.2,
3/13/2020 13:27,381.6,
3/13/2020 13:28,385.2,
3/13/2020 13:29,388.5,
3/13/2020 13:30,371.1,
3/13/2020 13:31,361.5,
3/13/2020 13:32,338.6,
3/13/2020 13:33,340.2,
3/13/2020 13:34,342.1,
3/13/2020 13:35,349.7,
3/13/2020 13:36,348.3,
3/13/2020 13:37,336.8,
3/13/2020 13:38,338.4,
3/13/2020 13:39,367.9,
3/13/2020 13:40,385.7,
3/13/2020 13:41,392.1,
3/13/2020 13:42,379.2,
3/13/2020 13:43,350.0,
3/13/2020 13:44,342.0,
3/13/2020 13:45,342.6,
3/13/2020 13:46,327.2,
3/13/2020 13:47,333.8,
3/13/2020 13:48,343.9,
3/13/2020 13:49,354.8,
3/13/2020 13:50,350.9,
3/13/2020 13:51,347.4,
3/13/2020 13:52,380.9,
3/13/2020 13:53,399.0,
3/13/2020 13:54,399.9,
3/13/2020 13:55,407.7,
3/13/2020 13:56,405.3,
3/13/2020 13:57,401.4,
3/13/2020 13:58,394.8,
3/13/2020 13:59,387.6,
3/13/2020 14:00,381.3,
3/13/2020 14:01,375.5,
3/13/2020 14:02,360.3,
3/13/2020 14:03,347.3,
3/13/2020 14:04,332.2,
3/13/2020 14:05,321.6,
3/13/2020 14:06,321.4,
3/13/2020 14:07,318.2,
3/13/2020 14:08,356.4,
3/13/2020 14:09,386.2,
3/13/2020 14:10,400.6,
3/13/2020 14:11,409.6,
3/13/2020 14:12,390.0,
3/13/2020 14:13,367.9,
3/13/2020 14:14,354.3,
3/13/2020 14:15,354.8,
3/13/2020 14:16,352.0,
3/13/2020 14:17,372.6,
3/13/2020 14:18,376.2,
3/13/2020 14:19,379.9,
3/13/2020 14:20,404.4,
3/13/2020 14:21,411.4,
3/13/2020 14:22,398.8,
3/13/2020 14:23,390.9,
3/13/2020 14:24,384.1,
3/13/2020 14:25,379.5,
3/13/2020 14:26,380.1,
3/13/2020 14:27,378.2,
3/13/2020 14:28,372.5,
3/13/2020 14:29,383.0,
3/13/2020 14:30,368.0,
3/13/2020 14:31,368.0,
3/13/2020 14:32,373.0,
3/13/2020 14:33,394.0,
3/13/2020 14:34,384.0,
3/13/2020 14:35,376.0,
3/13/2020 14:36,375.0,
3/13/2020 14:37,356.0,
3/13/2020 14:38,370.0,
3/13/2020 14:39,382.0,
3/13/2020 14:40,379.0,
3/13/2020 14:41,383.0,
3/13/2020 14:42,336.0,
3/13/2020 14:43,346.0,
3/13/2020 14:44,355.0,
3/13/2020 14:45,355.0,
3/13/2020 14:46,341.0,
3/13/2020 14:47,349.0,
3/13/2020 14:48,360.0,
3/13/2020 14:49,361.0,
3/13/2020 14:50,342.0,
3/13/2020 14:51,338.0,
3/13/2020 14:52,361.0,
3/13/2020 14:53,357.0,
3/13/2020 14:54,345.0,
3/13/2020 14:55,336.0,
3/13/2020 14:56,325.0,
3/13/2020 14:57,340.0,
3/13/2020 14:58,357.0,
3/13/2020 14:59,374.0,
3/13/2020 15:00,390.0,
3/13/2020 15:01,422.0,
3/13/2020 15:02,403.0,
3/13/2020 15:03,380.0,
3/13/2020 15:04,391.0,
3/13/2020 15:05,384.0,
3/13/2020 15:06,363.0,
3/13/2020 15:07,344.0,
3/13/2020 15:08,335.0,
3/13/2020 15:09,332.0,
3/13/2020 15:10,312.3,
3/13/2020 15:11,314.1,
3/13/2020 15:12,333.0,
3/13/2020 15:13,351.0,
3/13/2020 15:14,352.0,
3/13/2020 15:15,357.2,
3/13/2020 15:16,365.5,
3/13/2020 15:17,365.3,
3/13/2020 15:18,360.7,
3/13/2020 15:19,371.2,
3/13/2020 15:20,400.7,
3/13/2020 15:21,403.0,
3/13/2020 15:22,380.0,
3/13/2020 15:23,370.9,
3/13/2020 15:24,391.3,
3/13/2020 15:25,434.2,
3/13/2020 15:26,432.5,
3/13/2020 15:27,420.3,
3/13/2020 15:28,357.8,
3/13/2020 15:29,329.9,
3/13/2020 15:30,335.3,
3/13/2020 15:31,328.6,
3/13/2020 15:32,322.6,
3/13/2020 15:33,354.6,
3/13/2020 15:34,362.3,
3/13/2020 15:35,399.4,
3/13/2020 15:36,403.1,
3/13/2020 15:37,392.9,
3/13/2020 15:38,376.3,
3/13/2020 15:39,370.1,
3/13/2020 15:40,365.5,
3/13/2020 15:41,352.0,
3/13/2020 15:42,345.1,
3/13/2020 15:43,360.3,
3/13/2020 15:44,362.0,
3/13/2020 15:45,363.5,
3/13/2020 15:46,356.1,
3/13/2020 15:47,359.5,
3/13/2020 15:48,350.6,
3/13/2020 15:49,348.0,
3/13/2020 15:50,344.9,
3/13/2020 15:51,346.6,
3/13/2020 15:52,380.7,
3/13/2020 15:53,387.3,
3/13/2020 15:54,379.0,
3/13/2020 15:55,358.2,
3/13/2020 15:56,362.2,
3/13/2020 15:57,359.7,
3/13/2020 15:58,357.5,
3/13/2020 15:59,343.2,
3/13/2020 16:00,360.0,
3/13/2020 16:01,388.0,
3/13/2020 16:02,375.0,
3/13/2020 16:03,391.0,
3/13/2020 16:04,399.0,
3/13/2020 16:05,405.0,
3/13/2020 16:06,408.0,
3/13/2020 16:07,428.0,
3/13/2020 16:08,424.0,
3/13/2020 16:09,365.0,
3/13/2020 16:10,351.0,
3/13/2020 16:11,370.0,
3/13/2020 16:12,360.0,
3/13/2020 16:13,330.0,
3/13/2020 16:14,315.0,
3/13/2020 16:15,328.0,
3/13/2020 16:16,348.0,
3/13/2020 16:17,346.0,
3/13/2020 16:18,371.0,
3/13/2020 16:19,372.0,
3/13/2020 16:20,372.0,
3/13/2020 16:21,364.0,
3/13/2020 16:22,336.0,
3/13/2020 16:23,316.0,
3/13/2020 16:24,325.0,
3/13/2020 16:25,354.0,
3/13/2020 16:26,356.0,
3/13/2020 16:27,348.0,
3/13/2020 16:28,340.0,
3/13/2020 16:29,355.0,
3/13/2020 16:30,383.0,
3/13/2020 16:31,406.0,
3/13/2020 16:32,375.0,
3/13/2020 16:33,362.0,
3/13/2020 16:34,354.2,
3/13/2020 16:35,356.2,
3/13/2020 16:36,341.5,
3/13/2020 16:37,338.7,
3/13/2020 16:38,352.3,
3/13/2020 16:39,358.5,
3/13/2020 16:40,354.6,
3/13/2020 16:41,341.1,
3/13/2020 16:42,324.2,
3/13/2020 16:43,315.8,
3/13/2020 16:44,332.1,
3/13/2020 16:45,336.4,
3/13/2020 16:46,350.9,
3/13/2020 16:47,373.0,
3/13/2020 16:48,372.0,
3/13/2020 16:49,376.0,
3/13/2020 16:50,383.0,
3/13/2020 16:51,391.0,
3/13/2020 16:52,387.0,
3/13/2020 16:53,385.0,
3/13/2020 16:54,376.6,
3/13/2020 16:55,380.9,
3/13/2020 16:56,380.3,
3/13/2020 16:57,375.5,
3/13/2020 16:58,393.7,
3/13/2020 16:59,370.7,
3/13/2020 17:00,360.0,
3/13/2020 17:01,353.2,
3/13/2020 17:02,356.9,
3/13/2020 17:03,382.4,
3/13/2020 17:04,347.2,
3/13/2020 17:05,340.0,
3/13/2020 17:06,347.5,
3/13/2020 17:07,359.5,
3/13/2020 17:08,363.8,
3/13/2020 17:09,351.6,
3/13/2020 17:10,348.3,
3/13/2020 17:11,353.9,
3/13/2020 17:12,365.8,
3/13/2020 17:13,372.8,
3/13/2020 17:14,367.1,
3/13/2020 17:15,378.2,
3/13/2020 17:16,383.2,
3/13/2020 17:17,384.0,
3/13/2020 17:18,383.8,
3/13/2020 17:19,373.3,
3/13/2020 17:20,348.8,
3/13/2020 17:21,339.3,
3/13/2020 17:22,335.9,
3/13/2020 17:23,358.8,
3/13/2020 17:24,335.5,
3/13/2020 17:25,314.9,
3/13/2020 17:26,314.5,
3/13/2020 17:27,335.9,
3/13/2020 17:28,345.7,
3/13/2020 17:29,346.1,
3/13/2020 17:30,334.3,
3/13/2020 17:31,336.4,
3/13/2020 17:32,321.5,
3/13/2020 17:33,298.2,
3/13/2020 17:34,325.6,
3/13/2020 17:35,332.7,
3/13/2020 17:36,354.2,
3/13/2020 17:37,366.8,
3/13/2020 17:38,378.0,
3/13/2020 17:39,395.5,
3/13/2020 17:40,379.8,
3/13/2020 17:41,343.2,
3/13/2020 17:42,334.0,
3/13/2020 17:43,345.9,
3/13/2020 17:44,346.7,
3/13/2020 17:45,374.8,
3/13/2020 17:46,385.0,
3/13/2020 17:47,388.3,
3/13/2020 17:48,377.8,
3/13/2020 17:49,347.9,
3/13/2020 17:50,343.3,
3/13/2020 17:51,348.7,
3/13/2020 17:52,380.1,
3/13/2020 17:53,379.0,
3/13/2020 17:54,370.3,
3/13/2020 17:55,368.9,
3/13/2020 17:56,375.5,
3/13/2020 17:57,352.8,
3/13/2020 17:58,368.1,
3/13/2020 17:59,372.4,
3/13/2020 18:00,332.7,
3/13/2020 18:01,328.6,
3/13/2020 18:02,359.0,
3/13/2020 18:03,370.6,
3/13/2020 18:04,370.9,
3/13/2020 18:05,350.8,
3/13/2020 18:06,369.9,
3/13/2020 18:07,351.8,
3/13/2020 18:08,341.7,
3/13/2020 18:09,322.8,
3/13/2020 18:10,305.8,
3/13/2020 18:11,310.8,
3/13/2020 18:12,309.8,
3/13/2020 18:13,318.8,
3/13/2020 18:14,333.7,
3/13/2020 18:15,336.8,
3/13/2020 18:16,334.9,
3/13/2020 18:17,327.8,
3/13/2020 18:18,334.8,
3/13/2020 18:19,355.8,
3/13/2020 18:20,354.7,
3/13/2020 18:21,357.9,
3/13/2020 18:22,354.8,
3/13/2020 18:23,346.8,
3/13/2020 18:24,342.8,
3/13/2020 18:25,346.7,
3/13/2020 18:26,357.6,
3/13/2020 18:27,353.7,
3/13/2020 18:28,340.6,
3/13/2020 18:29,334.6,
3/13/2020 18:30,343.9,
3/13/2020 18:31,347.8,
3/13/2020 18:32,339.7,
3/13/2020 18:33,360.9,
3/13/2020 18:34,352.7,
3/13/2020 18:35,340.7,
3/13/2020 18:36,347.8,
3/13/2020 18:37,341.9,
3/13/2020 18:38,340.8,
3/13/2020 18:39,329.9,
3/13/2020 18:40,336.8,
3/13/2020 18:41,331.7,
3/13/2020 18:42,356.9,
3/13/2020 18:43,369.9,
3/13/2020 18:44,386.9,
3/13/2020 18:45,400.8,
3/13/2020 18:46,381.9,
3/13/2020 18:47,356.7,
3/13/2020 18:48,339.9,
3/13/2020 18:49,321.9,
3/13/2020 18:50,329.9,
3/13/2020 18:51,325.9,
3/13/2020 18:52,324.9,
3/13/2020 18:53,312.8,
3/13/2020 18:54,309.9,
3/13/2020 18:55,313.9,
3/13/2020 18:56,314.9,
3/13/2020 18:57,323.9,
3/13/2020 18:58,317.9,
3/13/2020 18:59,324.9,
3/13/2020 19:00,326.9,
3/13/2020 19:01,326.9,
3/13/2020 19:02,315.9,
3/13/2020 19:03,311.9,
3/13/2020 19:04,345.9,
3/13/2020 19:05,350.9,
3/13/2020 19:06,345.9,
3/13/2020 19:07,324.9,
3/13/2020 19:08,298.8,
3/13/2020 19:09,306.7,
3/13/2020 19:10,311.7,
3/13/2020 19:11,309.7,
3/13/2020 19:12,309.9,
3/13/2020 19:13,327.9,
3/13/2020 19:14,325.9,
3/13/2020 19:15,335.9,
3/13/2020 19:16,337.9,
3/13/2020 19:17,331.9,
3/13/2020 19:18,322.0,
3/13/2020 19:19,310.2,
3/13/2020 19:20,295.2,
3/13/2020 19:21,292.4,
3/13/2020 19:22,296.4,
3/13/2020 19:23,289.4,
3/13/2020 19:24,289.4,
3/13/2020 19:25,297.4,
3/13/2020 19:26,294.4,
3/13/2020 19:27,290.4,
3/13/2020 19:28,281.4,
3/13/2020 19:29,285.4,
3/13/2020 19:30,286.4,
3/13/2020 19:31,316.4,
3/13/2020 19:32,338.4,
3/13/2020 19:33,324.4,
3/13/2020 19:34,326.4,
3/13/2020 19:35,309.4,
3/13/2020 19:36,288.4,
3/13/2020 19:37,281.4,
3/13/2020 19:38,286.4,
3/13/2020 19:39,283.4,
3/13/2020 19:40,291.4,
3/13/2020 19:41,293.4,
3/13/2020 19:42,308.4,
3/13/2020 19:43,330.4,
3/13/2020 19:44,331.4,
3/13/2020 19:45,315.4,
3/13/2020 19:46,308.4,
3/13/2020 19:47,308.4,
3/13/2020 19:48,297.4,
3/13/2020 19:49,295.4,
3/13/2020 19:50,311.3,
3/13/2020 19:51,310.2,
3/13/2020 19:52,323.2,
3/13/2020 19:53,320.2,
3/13/2020 19:54,306.2,
3/13/2020 19:55,323.4,
3/13/2020 19:56,328.4,
3/13/2020 19:57,351.4,
3/13/2020 19:58,349.4,
3/13/2020 19:59,315.4,
3/13/2020 20:00,307.4,
3/13/2020 20:01,299.4,
3/13/2020 20:02,299.4,
3/13/2020 20:03,305.4,
3/13/2020 20:04,318.4,
3/13/2020 20:05,350.4,
3/13/2020 20:06,352.4,
3/13/2020 20:07,345.4,
3/13/2020 20:08,325.4,
3/13/2020 20:09,318.4,
3/13/2020 20:10,335.4,
3/13/2020 20:11,334.4,
3/13/2020 20:12,342.4,
3/13/2020 20:13,331.4,
3/13/2020 20:14,318.4,
3/13/2020 20:15,304.4,
3/13/2020 20:16,298.4,
3/13/2020 20:17,309.4,
3/13/2020 20:18,350.4,
3/13/2020 20:19,379.4,
3/13/2020 20:20,377.4,
3/13/2020 20:21,360.4,
3/13/2020 20:22,348.4,
3/13/2020 20:23,344.4,
3/13/2020 20:24,322.4,
3/13/2020 20:25,301.4,
3/13/2020 20:26,301.4,
3/13/2020 20:27,317.4,
3/13/2020 20:28,314.4,
3/13/2020 20:29,306.4,
3/13/2020 20:30,299.4,
3/13/2020 20:31,308.4,
3/13/2020 20:32,301.2,
3/13/2020 20:33,283.1,
3/13/2020 20:34,304.1,
3/13/2020 20:35,305.1,
3/13/2020 20:36,324.3,
3/13/2020 20:37,341.4,
3/13/2020 20:38,366.3,
3/13/2020 20:39,381.3,
3/13/2020 20:40,364.3,
3/13/2020 20:41,364.3,
3/13/2020 20:42,344.4,
3/13/2020 20:43,332.4,
3/13/2020 20:44,320.4,
3/13/2020 20:45,337.4,
3/13/2020 20:46,359.4,
3/13/2020 20:47,374.4,
3/13/2020 20:48,358.4,
3/13/2020 20:49,369.4,
3/13/2020 20:50,354.4,
3/13/2020 20:51,331.4,
3/13/2020 20:52,332.4,
3/13/2020 20:53,340.4,
3/13/2020 20:54,342.4,
3/13/2020 20:55,335.3,
3/13/2020 20:56,329.3,
3/13/2020 20:57,338.4,
3/13/2020 20:58,334.4,
3/13/2020 20:59,324.3,
3/13/2020 21:00,315.3,
3/13/2020 21:01,324.3,
3/13/2020 21:02,347.3,
3/13/2020 21:03,357.3,
3/13/2020 21:04,338.3,
3/13/2020 21:05,310.3,
3/13/2020 21:06,327.3,
3/13/2020 21:07,320.4,
3/13/2020 21:08,314.4,
3/13/2020 21:09,297.4,
3/13/2020 21:10,292.4,
3/13/2020 21:11,290.3,
3/13/2020 21:12,285.2,
3/13/2020 21:13,283.2,
3/13/2020 21:14,289.2,
3/13/2020 21:15,299.2,
3/13/2020 21:16,299.4,
3/13/2020 21:17,288.4,
3/13/2020 21:18,276.4,
3/13/2020 21:19,290.4,
3/13/2020 21:20,309.4,
3/13/2020 21:21,325.4,
3/13/2020 21:22,338.5,
3/13/2020 21:23,316.4,
3/13/2020 21:24,325.4,
3/13/2020 21:25,326.4,
3/13/2020 21:26,329.4,
3/13/2020 21:27,337.4,
3/13/2020 21:28,330.4,
3/13/2020 21:29,322.4,
3/13/2020 21:30,324.4,
3/13/2020 21:31,316.4,
3/13/2020 21:32,311.4,
3/13/2020 21:33,307.4,
3/13/2020 21:34,309.4,
3/13/2020 21:35,319.4,
3/13/2020 21:36,333.4,
3/13/2020 21:37,321.4,
3/13/2020 21:38,334.4,
3/13/2020 21:39,347.4,
3/13/2020 21:40,333.4,
3/13/2020 21:41,329.4,
3/13/2020 21:42,325.4,
3/13/2020 21:43,329.4,
3/13/2020 21:44,306.4,
3/13/2020 21:45,314.4,
3/13/2020 21:46,320.4,
3/13/2020 21:47,334.4,
3/13/2020 21:48,334.4,
3/13/2020 21:49,329.2,
3/13/2020 21:50,305.2,
3/13/2020 21:51,300.2,
3/13/2020 21:52,310.2,
3/13/2020 21:53,321.4,
3/13/2020 21:54,305.4,
3/13/2020 21:55,295.4,
3/13/2020 21:56,291.4,
3/13/2020 21:57,286.4,
3/13/2020 21:58,292.4,
3/13/2020 21:59,306.4,
3/13/2020 22:00,323.4,
3/13/2020 22:01,324.4,
3/13/2020 22:02,343.4,
3/13/2020 22:03,350.4,
3/13/2020 22:04,367.4,
3/13/2020 22:05,372.4,
3/13/2020 22:06,367.4,
3/13/2020 22:07,361.4,
3/13/2020 22:08,339.4,
3/13/2020 22:09,345.4,
3/13/2020 22:10,312.4,
3/13/2020 22:11,306.4,
3/13/2020 22:12,319.4,
3/13/2020 22:13,324.4,
3/13/2020 22:14,324.4,
3/13/2020 22:15,311.4,
3/13/2020 22:16,322.4,
3/13/2020 22:17,342.4,
3/13/2020 22:18,342.4,
3/13/2020 22:19,343.4,
3/13/2020 22:20,345.4,
3/13/2020 22:21,322.4,
3/13/2020 22:22,328.4,
3/13/2020 22:23,328.4,
3/13/2020 22:24,320.4,
3/13/2020 22:25,308.3,
3/13/2020 22:26,301.2,
3/13/2020 22:27,328.2,
3/13/2020 22:28,337.2,
3/13/2020 22:29,332.3,
3/13/2020 22:30,317.4,
3/13/2020 22:31,301.4,
3/13/2020 22:32,292.4,
3/13/2020 22:33,286.4,
3/13/2020 22:34,298.4,
3/13/2020 22:35,295.4,
3/13/2020 22:36,306.4,
3/13/2020 22:37,327.4,
3/13/2020 22:38,336.4,
3/13/2020 22:39,337.4,
3/13/2020 22:40,329.4,
3/13/2020 22:41,328.4,
3/13/2020 22:42,329.4,
3/13/2020 22:43,317.4,
3/13/2020 22:44,328.4,
3/13/2020 22:45,351.4,
3/13/2020 22:46,359.4,
3/13/2020 22:47,370.4,
3/13/2020 22:48,355.4,
3/13/2020 22:49,358.4,
3/13/2020 22:50,354.4,
3/13/2020 22:51,349.4,
3/13/2020 22:52,318.4,
3/13/2020 22:53,300.4,
3/13/2020 22:54,311.4,
3/13/2020 22:55,316.4,
3/13/2020 22:56,322.4,
3/13/2020 22:57,327.4,
3/13/2020 22:58,346.4,
3/13/2020 22:59,352.4,
3/13/2020 23:00,360.4,
3/13/2020 23:01,354.2,
3/13/2020 23:02,355.2,
3/13/2020 23:03,333.2,
3/13/2020 23:04,319.2,
3/13/2020 23:05,333.3,
3/13/2020 23:06,346.4,
3/13/2020 23:07,343.4,
3/13/2020 23:08,344.4,
3/13/2020 23:09,344.4,
3/13/2020 23:10,333.4,
3/13/2020 23:11,327.4,
3/13/2020 23:12,310.4,
3/13/2020 23:13,319.4,
3/13/2020 23:14,322.4,
3/13/2020 23:15,346.4,
3/13/2020 23:16,350.4,
3/13/2020 23:17,356.4,
3/13/2020 23:18,354.4,
3/13/2020 23:19,331.4,
3/13/2020 23:20,320.4,
3/13/2020 23:21,314.4,
3/13/2020 23:22,312.4,
3/13/2020 23:23,307.4,
3/13/2020 23:24,338.4,
3/13/2020 23:25,366.4,
3/13/2020 23:26,380.4,
3/13/2020 23:27,362.4,
3/13/2020 23:28,337.4,
3/13/2020 23:29,316.4,
3/13/2020 23:30,309.3,
3/13/2020 23:31,326.4,
3/13/2020 23:32,336.4,
3/13/2020 23:33,356.4,
3/13/2020 23:34,371.4,
3/13/2020 23:35,370.4,
3/13/2020 23:36,390.3,
3/13/2020 23:37,342.2,
3/13/2020 23:38,343.1,
3/13/2020 23:39,318.1,
3/13/2020 23:40,306.2,
3/13/2020 23:41,320.4,
3/13/2020 23:42,326.4,
3/13/2020 23:43,328.3,
3/13/2020 23:44,334.3,
3/13/2020 23:45,369.3,
3/13/2020 23:46,382.3,
3/13/2020 23:47,369.3,
3/13/2020 23:48,357.3,
3/13/2020 23:49,320.3,
3/13/2020 23:50,306.3,
3/13/2020 23:51,331.3,
3/13/2020 23:52,326.3,
3/13/2020 23:53,331.3,
3/13/2020 23:54,320.3,
3/13/2020 23:55,333.4,
3/13/2020 23:56,326.3,
3/13/2020 23:57,314.3,
3/13/2020 23:58,304.4,
3/13/2020 23:59,323.4,
3/14/2020 0:00,323.4,
3/14/2020 0:01,307.3,
3/14/2020 0:02,307.4,
3/14/2020 0:03,312.3,
3/14/2020 0:04,330.4,
3/14/2020 0:05,329.3,
3/14/2020 0:06,330.3,
3/14/2020 0:07,328.3,
3/14/2020 0:08,330.3,
3/14/2020 0:09,327.3,
3/14/2020 0:10,332.3,
3/14/2020 0:11,330.3,
3/14/2020 0:12,318.3,
3/14/2020 0:13,313.2,
3/14/2020 0:14,333.1,
3/14/2020 0:15,348.1,
3/14/2020 0:16,341.1,
3/14/2020 0:17,337.3,
3/14/2020 0:18,332.3,
3/14/2020 0:19,333.3,
3/14/2020 0:20,331.3,
3/14/2020 0:21,326.3,
3/14/2020 0:22,329.3,
3/14/2020 0:23,335.3,
3/14/2020 0:24,342.3,
3/14/2020 0:25,341.3,
3/14/2020 0:26,367.3,
3/14/2020 0:27,370.3,
3/14/2020 0:28,348.3,
3/14/2020 0:29,328.3,
3/14/2020 0:30,329.3,
3/14/2020 0:31,342.3,
3/14/2020 0:32,329.3,
3/14/2020 0:33,328.3,
3/14/2020 0:34,318.3,
3/14/2020 0:35,317.3,
3/14/2020 0:36,320.3,
3/14/2020 0:37,318.3,
3/14/2020 0:38,334.3,
3/14/2020 0:39,352.3,
3/14/2020 0:40,343.3,
3/14/2020 0:41,335.3,
3/14/2020 0:42,342.3,
3/14/2020 0:43,337.3,
3/14/2020 0:44,345.3,
3/14/2020 0:45,355.3,
3/14/2020 0:46,347.3,
3/14/2020 0:47,336.3,
3/14/2020 0:48,342.3,
3/14/2020 0:49,349.3,
3/14/2020 0:50,348.1,
3/14/2020 0:51,330.1,
3/14/2020 0:52,319.1,
3/14/2020 0:53,324.2,
3/14/2020 0:54,323.3,
3/14/2020 0:55,338.3,
3/14/2020 0:56,339.3,
3/14/2020 0:57,346.3,
3/14/2020 0:58,342.3,
3/14/2020 0:59,333.3,
3/14/2020 1:00,352.3,
3/14/2020 1:01,347.3,
3/14/2020 1:02,374.3,
3/14/2020 1:03,371.3,
3/14/2020 1:04,368.3,
3/14/2020 1:05,367.3,
3/14/2020 1:06,366.3,
3/14/2020 1:07,359.3,
3/14/2020 1:08,342.3,
3/14/2020 1:09,329.3,
3/14/2020 1:10,322.3,
3/14/2020 1:11,297.3,
3/14/2020 1:12,314.3,
3/14/2020 1:13,330.3,
3/14/2020 1:14,344.3,
3/14/2020 1:15,338.3,
3/14/2020 1:16,320.3,
3/14/2020 1:17,330.3,
3/14/2020 1:18,334.3,
3/14/2020 1:19,339.3,
3/14/2020 1:20,351.3,
3/14/2020 1:21,351.3,
3/14/2020 1:22,340.3,
3/14/2020 1:23,340.3,
3/14/2020 1:24,331.3,
3/14/2020 1:25,338.3,
3/14/2020 1:26,342.1,
3/14/2020 1:27,339.1,
3/14/2020 1:28,358.1,
3/14/2020 1:29,362.2,
3/14/2020 1:30,343.3,
3/14/2020 1:31,335.3,
3/14/2020 1:32,321.3,
3/14/2020 1:33,316.3,
3/14/2020 1:34,348.3,
3/14/2020 1:35,353.3,
3/14/2020 1:36,362.3,
3/14/2020 1:37,346.3,
3/14/2020 1:38,328.3,
3/14/2020 1:39,338.3,
3/14/2020 1:40,358.3,
3/14/2020 1:41,361.3,
3/14/2020 1:42,396.3,
3/14/2020 1:43,397.3,
3/14/2020 1:44,369.3,
3/14/2020 1:45,335.3,
3/14/2020 1:46,326.3,
3/14/2020 1:47,313.3,
3/14/2020 1:48,312.3,
3/14/2020 1:49,321.3,
3/14/2020 1:50,337.3,
3/14/2020 1:51,344.3,
3/14/2020 1:52,335.3,
3/14/2020 1:53,343.3,
3/14/2020 1:54,332.3,
3/14/2020 1:55,322.3,
3/14/2020 1:56,316.3,
3/14/2020 1:57,314.3,
3/14/2020 1:58,321.3,
3/14/2020 1:59,338.3,
3/14/2020 2:00,356.3,
3/14/2020 2:01,339.3,
3/14/2020 2:02,321.1,
3/14/2020 2:03,351.1,
3/14/2020 2:04,339.1,
3/14/2020 2:05,342.1,
3/14/2020 2:06,336.3,
3/14/2020 2:07,315.3,
3/14/2020 2:08,314.3,
3/14/2020 2:09,349.3,
3/14/2020 2:10,354.3,
3/14/2020 2:11,361.3,
3/14/2020 2:12,353.3,
3/14/2020 2:13,345.3,
3/14/2020 2:14,338.3,
3/14/2020 2:15,328.3,
3/14/2020 2:16,322.3,
3/14/2020 2:17,327.3,
3/14/2020 2:18,328.3,
3/14/2020 2:19,345.3,
3/14/2020 2:20,354.3,
3/14/2020 2:21,362.3,
3/14/2020 2:22,364.3,
3/14/2020 2:23,337.3,
3/14/2020 2:24,354.3,
3/14/2020 2:25,364.3,
3/14/2020 2:26,364.3,
3/14/2020 2:27,371.3,
3/14/2020 2:28,353.3,
3/14/2020 2:29,353.3,
3/14/2020 2:30,338.3,
3/14/2020 2:31,322.3,
3/14/2020 2:32,301.3,
3/14/2020 2:33,292.3,
3/14/2020 2:34,306.3,
3/14/2020 2:35,320.3,
3/14/2020 2:36,325.3,
3/14/2020 2:37,332.3,
3/14/2020 2:38,360.2,
3/14/2020 2:39,351.1,
3/14/2020 2:40,335.1,
3/14/2020 2:41,337.1,
3/14/2020 2:42,318.2,
3/14/2020 2:43,304.3,
3/14/2020 2:44,311.3,
3/14/2020 2:45,318.3,
3/14/2020 2:46,338.3,
3/14/2020 2:47,387.3,
3/14/2020 2:48,387.3,
3/14/2020 2:49,383.3,
3/14/2020 2:50,387.3,
3/14/2020 2:51,381.3,
3/14/2020 2:52,379.3,
3/14/2020 2:53,392.3,
3/14/2020 2:54,388.3,
3/14/2020 2:55,376.3,
3/14/2020 2:56,374.3,
3/14/2020 2:57,402.3,
3/14/2020 2:58,397.3,
3/14/2020 2:59,402.3,
3/14/2020 3:00,419.3,
3/14/2020 3:01,420.3,
3/14/2020 3:02,403.3,
3/14/2020 3:03,373.3,
3/14/2020 3:04,375.3,
3/14/2020 3:05,381.3,
3/14/2020 3:06,370.3,
3/14/2020 3:07,377.3,
3/14/2020 3:08,391.3,
3/14/2020 3:09,401.3,
3/14/2020 3:10,402.3,
3/14/2020 3:11,394.3,
3/14/2020 3:12,391.3,
3/14/2020 3:13,373.3,
3/14/2020 3:14,352.3,
3/14/2020 3:15,354.3,
3/14/2020 3:16,393.1,
3/14/2020 3:17,404.1,
3/14/2020 3:18,421.1,
3/14/2020 3:19,408.2,
3/14/2020 3:20,411.3,
3/14/2020 3:21,407.3,
3/14/2020 3:22,411.3,
3/14/2020 3:23,413.3,
3/14/2020 3:24,405.3,
3/14/2020 3:25,384.3,
3/14/2020 3:26,368.3,
3/14/2020 3:27,371.3,
3/14/2020 3:28,366.3,
3/14/2020 3:29,370.3,
3/14/2020 3:30,391.3,
3/14/2020 3:31,396.3,
3/14/2020 3:32,384.3,
3/14/2020 3:33,348.3,
3/14/2020 3:34,360.3,
3/14/2020 3:35,356.3,
3/14/2020 3:36,350.3,
3/14/2020 3:37,346.3,
3/14/2020 3:38,329.3,
3/14/2020 3:39,314.3,
3/14/2020 3:40,295.3,
3/14/2020 3:41,316.3,
3/14/2020 3:42,334.3,
3/14/2020 3:43,349.3,
3/14/2020 3:44,345.3,
3/14/2020 3:45,332.3,
3/14/2020 3:46,325.3,
3/14/2020 3:47,307.3,
3/14/2020 3:48,308.3,
3/14/2020 3:49,315.3,
3/14/2020 3:50,328.3,
3/14/2020 3:51,331.3,
3/14/2020 3:52,331.2,
3/14/2020 3:53,341.1,
3/14/2020 3:54,332.1,
3/14/2020 3:55,343.1,
3/14/2020 3:56,349.2,
3/14/2020 3:57,368.3,
3/14/2020 3:58,375.3,
3/14/2020 3:59,343.3,
3/14/2020 4:00,332.3,
3/14/2020 4:01,315.3,
3/14/2020 4:02,301.3,
3/14/2020 4:03,302.3,
3/14/2020 4:04,348.3,
3/14/2020 4:05,361.3,
3/14/2020 4:06,371.4,
3/14/2020 4:07,341.4,
3/14/2020 4:08,338.4,
3/14/2020 4:09,329.4,
3/14/2020 4:10,323.4,
3/14/2020 4:11,302.4,
3/14/2020 4:12,315.4,
3/14/2020 4:13,336.4,
3/14/2020 4:14,378.4,
3/14/2020 4:15,363.4,
3/14/2020 4:16,369.4,
3/14/2020 4:17,353.4,
3/14/2020 4:18,335.4,
3/14/2020 4:19,314.4,
3/14/2020 4:20,326.4,
3/14/2020 4:21,332.4,
3/14/2020 4:22,310.4,
3/14/2020 4:23,309.4,
3/14/2020 4:24,312.4,
3/14/2020 4:25,291.4,
3/14/2020 4:26,271.4,
3/14/2020 4:27,286.4,
3/14/2020 4:28,306.4,
3/14/2020 4:29,320.3,
3/14/2020 4:30,308.1,
3/14/2020 4:31,311.1,
3/14/2020 4:32,334.1,
3/14/2020 4:33,358.2,
3/14/2020 4:34,365.4,
3/14/2020 4:35,353.4,
3/14/2020 4:36,348.3,
3/14/2020 4:37,330.3,
3/14/2020 4:38,351.3,
3/14/2020 4:39,369.4,
3/14/2020 4:40,368.4,
3/14/2020 4:41,375.4,
3/14/2020 4:42,386.4,
3/14/2020 4:43,385.4,
3/14/2020 4:44,383.4,
3/14/2020 4:45,379.4,
3/14/2020 4:46,325.4,
3/14/2020 4:47,308.4,
3/14/2020 4:48,305.4,
3/14/2020 4:49,314.4,
3/14/2020 4:50,335.4,
3/14/2020 4:51,363.4,
3/14/2020 4:52,384.4,
3/14/2020 4:53,370.4,
3/14/2020 4:54,351.4,
3/14/2020 4:55,342.4,
3/14/2020 4:56,338.4,
3/14/2020 4:57,331.4,
3/14/2020 4:58,329.4,
3/14/2020 4:59,331.4,
3/14/2020 5:00,321.4,
3/14/2020 5:01,320.4,
3/14/2020 5:02,313.4,
3/14/2020 5:03,293.4,
3/14/2020 5:04,309.4,
3/14/2020 5:05,306.4,
3/14/2020 5:06,307.4,
3/14/2020 5:07,317.2,
3/14/2020 5:08,326.2,
3/14/2020 5:09,351.2,
3/14/2020 5:10,365.2,
3/14/2020 5:11,382.4,
3/14/2020 5:12,407.4,
3/14/2020 5:13,401.4,
3/14/2020 5:14,385.4,
3/14/2020 5:15,349.4,
3/14/2020 5:16,331.4,
3/14/2020 5:17,319.4,
3/14/2020 5:18,320.4,
3/14/2020 5:19,344.4,
3/14/2020 5:20,363.4,
3/14/2020 5:21,359.4,
3/14/2020 5:22,351.4,
3/14/2020 5:23,343.4,
3/14/2020 5:24,347.4,
3/14/2020 5:25,349.4,
3/14/2020 5:26,352.4,
3/14/2020 5:27,365.4,
3/14/2020 5:28,382.4,
3/14/2020 5:29,405.4,
3/14/2020 5:30,385.4,
3/14/2020 5:31,369.4,
3/14/2020 5:32,363.4,
3/14/2020 5:33,327.4,
3/14/2020 5:34,317.4,
3/14/2020 5:35,314.4,
3/14/2020 5:36,318.4,
3/14/2020 5:37,324.4,
3/14/2020 5:38,331.4,
3/14/2020 5:39,342.4,
3/14/2020 5:40,341.4,
3/14/2020 5:41,316.4,
3/14/2020 5:42,300.4,
3/14/2020 5:43,296.4,
3/14/2020 5:44,305.3,
3/14/2020 5:45,319.2,
3/14/2020 5:46,334.2,
3/14/2020 5:47,355.2,
3/14/2020 5:48,353.3,
3/14/2020 5:49,340.4,
3/14/2020 5:50,350.4,
3/14/2020 5:51,343.4,
3/14/2020 5:52,332.4,
3/14/2020 5:53,332.4,
3/14/2020 5:54,342.4,
3/14/2020 5:55,371.4,
3/14/2020 5:56,338.4,
3/14/2020 5:57,319.4,
3/14/2020 5:58,301.4,
3/14/2020 5:59,316.4,
3/14/2020 6:00,331.4,
3/14/2020 6:01,339.4,
3/14/2020 6:02,359.4,
3/14/2020 6:03,361.4,
3/14/2020 6:04,347.4,
3/14/2020 6:05,328.4,
3/14/2020 6:06,353.4,
3/14/2020 6:07,350.4,
3/14/2020 6:08,338.4,
3/14/2020 6:09,353.4,
3/14/2020 6:10,360.4,
3/14/2020 6:11,344.4,
3/14/2020 6:12,342.4,
3/14/2020 6:13,353.4,
3/14/2020 6:14,364.4,
3/14/2020 6:15,352.4,
3/14/2020 6:16,347.4,
3/14/2020 6:17,356.4,
3/14/2020 6:18,379.4,
3/14/2020 6:19,359.4,
3/14/2020 6:20,321.4,
3/14/2020 6:21,311.4,
3/14/2020 6:22,312.4,
3/14/2020 6:23,304.2,
3/14/2020 6:24,313.2,
3/14/2020 6:25,326.2,
3/14/2020 6:26,321.2,
3/14/2020 6:27,324.4,
3/14/2020 6:28,331.4,
3/14/2020 6:29,316.4,
3/14/2020 6:30,314.4,
3/14/2020 6:31,324.4,
3/14/2020 6:32,330.4,
3/14/2020 6:33,331.4,
3/14/2020 6:34,335.4,
3/14/2020 6:35,349.4,
3/14/2020 6:36,356.4,
3/14/2020 6:37,365.4,
3/14/2020 6:38,374.4,
3/14/2020 6:39,340.4,
3/14/2020 6:40,346.4,
3/14/2020 6:41,343.4,
3/14/2020 6:42,353.4,
3/14/2020 6:43,336.4,
3/14/2020 6:44,338.4,
3/14/2020 6:45,347.4,
3/14/2020 6:46,356.4,
3/14/2020 6:47,357.4,
3/14/2020 6:48,359.4,
3/14/2020 6:49,354.4,
3/14/2020 6:50,344.4,
3/14/2020 6:51,339.4,
3/14/2020 6:52,323.4,
3/14/2020 6:53,336.4,
3/14/2020 6:54,332.4,
3/14/2020 6:55,326.4,
3/14/2020 6:56,322.4,
3/14/2020 6:57,322.4,
3/14/2020 6:58,337.4,
3/14/2020 6:59,318.3,
3/14/2020 7:00,369.4,
3/14/2020 7:01,371.4,
3/14/2020 7:02,328.3,
3/14/2020 7:03,326.2,
3/14/2020 7:04,349.2,
3/14/2020 7:05,384.1,
3/14/2020 7:06,402.9,
3/14/2020 7:07,412.0,
3/14/2020 7:08,412.9,
3/14/2020 7:09,382.9,
3/14/2020 7:10,358.9,
3/14/2020 7:11,356.8,
3/14/2020 7:12,362.9,
3/14/2020 7:13,343.9,
3/14/2020 7:14,340.9,
3/14/2020 7:15,363.8,
3/14/2020 7:16,377.8,
3/14/2020 7:17,372.9,
3/14/2020 7:18,363.9,
3/14/2020 7:19,352.9,
3/14/2020 7:20,372.9,
3/14/2020 7:21,380.8,
3/14/2020 7:22,389.9,
3/14/2020 7:23,370.0,
3/14/2020 7:24,366.9,
3/14/2020 7:25,380.9,
3/14/2020 7:26,388.9,
3/14/2020 7:27,380.9,
3/14/2020 7:28,409.8,
3/14/2020 7:29,394.9,
3/14/2020 7:30,403.9,
3/14/2020 7:31,363.9,
3/14/2020 7:32,336.9,
3/14/2020 7:33,349.9,
3/14/2020 7:34,364.8,
3/14/2020 7:35,374.9,
3/14/2020 7:36,349.9,
3/14/2020 7:37,353.0,
3/14/2020 7:38,346.8,
3/14/2020 7:39,332.8,
3/14/2020 7:40,331.9,
3/14/2020 7:41,350.9,
3/14/2020 7:42,369.0,
3/14/2020 7:43,364.6,
3/14/2020 7:44,361.6,
3/14/2020 7:45,387.7,
3/14/2020 7:46,383.7,
3/14/2020 7:47,391.9,
3/14/2020 7:48,378.8,
3/14/2020 7:49,361.8,
3/14/2020 7:50,367.9,
3/14/2020 7:51,377.9,
3/14/2020 7:52,383.8,
3/14/2020 7:53,372.3,
3/14/2020 7:54,379.3,
3/14/2020 7:55,403.4,
3/14/2020 7:56,424.1,
3/14/2020 7:57,421.0,
3/14/2020 7:58,395.7,
3/14/2020 7:59,356.9,
3/14/2020 8:00,344.0,
3/14/2020 8:01,328.0,
3/14/2020 8:02,331.9,
3/14/2020 8:03,343.8,
3/14/2020 8:04,364.9,
3/14/2020 8:05,375.0,
3/14/2020 8:06,384.9,
3/14/2020 8:07,402.9,
3/14/2020 8:08,381.9,
3/14/2020 8:09,377.9,
3/14/2020 8:10,351.9,
3/14/2020 8:11,359.9,
3/14/2020 8:12,372.9,
3/14/2020 8:13,367.0,
3/14/2020 8:14,369.9,
3/14/2020 8:15,380.9,
3/14/2020 8:16,385.8,
3/14/2020 8:17,360.4,
3/14/2020 8:18,349.3,
3/14/2020 8:19,350.7,
3/14/2020 8:20,358.2,
3/14/2020 8:21,365.5,
3/14/2020 8:22,368.1,
3/14/2020 8:23,363.1,
3/14/2020 8:24,355.2,
3/14/2020 8:25,359.6,
3/14/2020 8:26,376.7,
3/14/2020 8:27,368.1,
3/14/2020 8:28,367.1,
3/14/2020 8:29,364.4,
3/14/2020 8:30,366.9,
3/14/2020 8:31,369.3,
3/14/2020 8:32,341.4,
3/14/2020 8:33,349.5,
3/14/2020 8:34,358.5,
3/14/2020 8:35,348.6,
3/14/2020 8:36,330.7,
3/14/2020 8:37,332.2,
3/14/2020 8:38,329.3,
3/14/2020 8:39,337.1,
3/14/2020 8:40,337.3,
3/14/2020 8:41,356.3,
3/14/2020 8:42,353.3,
3/14/2020 8:43,352.3,
3/14/2020 8:44,343.9,
3/14/2020 8:45,334.0,
3/14/2020 8:46,338.8,
3/14/2020 8:47,361.4,
3/14/2020 8:48,358.2,
3/14/2020 8:49,354.7,
3/14/2020 8:50,353.2,
3/14/2020 8:51,358.0,
3/14/2020 8:52,357.2,
3/14/2020 8:53,335.8,
3/14/2020 8:54,314.8,
3/14/2020 8:55,308.0,
3/14/2020 8:56,312.8,
3/14/2020 8:57,322.6,
3/14/2020 8:58,327.6,
3/14/2020 8:59,326.6,
3/14/2020 9:00,353.5,
3/14/2020 9:01,381.9,
3/14/2020 9:02,362.2,
3/14/2020 9:03,358.0,
3/14/2020 9:04,367.5,
3/14/2020 9:05,385.5,
3/14/2020 9:06,372.2,
3/14/2020 9:07,390.9,
3/14/2020 9:08,416.8,
3/14/2020 9:09,419.5,
3/14/2020 9:10,432.7,
3/14/2020 9:11,440.1,
3/14/2020 9:12,439.9,
3/14/2020 9:13,467.6,
3/14/2020 9:14,489.5,
3/14/2020 9:15,432.5,
3/14/2020 9:16,430.7,
3/14/2020 9:17,425.5,
3/14/2020 9:18,437.1,
3/14/2020 9:19,389.9,
3/14/2020 9:20,383.2,
3/14/2020 9:21,388.1,
3/14/2020 9:22,368.8,
3/14/2020 9:23,387.0,
3/14/2020 9:24,384.5,
3/14/2020 9:25,384.1,
3/14/2020 9:26,372.7,
3/14/2020 9:27,391.1,
3/14/2020 9:28,361.3,
3/14/2020 9:29,344.9,
3/14/2020 9:30,337.3,
3/14/2020 9:31,338.3,
3/14/2020 9:32,354.8,
3/14/2020 9:33,365.6,
3/14/2020 9:34,319.1,
3/14/2020 9:35,316.9,
3/14/2020 9:36,361.6,
3/14/2020 9:37,374.0,
3/14/2020 9:38,372.8,
3/14/2020 9:39,352.6,
3/14/2020 9:40,347.0,
3/14/2020 9:41,333.6,
3/14/2020 9:42,324.7,
3/14/2020 9:43,363.2,
3/14/2020 9:44,365.5,
3/14/2020 9:45,360.0,
3/14/2020 9:46,364.4,
3/14/2020 9:47,353.7,
3/14/2020 9:48,340.9,
3/14/2020 9:49,316.4,
3/14/2020 9:50,299.7,
3/14/2020 9:51,316.4,
3/14/2020 9:52,331.1,
3/14/2020 9:53,342.9,
3/14/2020 9:54,332.5,
3/14/2020 9:55,330.6,
3/14/2020 9:56,322.2,
3/14/2020 9:57,332.3,
3/14/2020 9:58,328.7,
3/14/2020 9:59,336.0,
3/14/2020 10:00,338.7,
3/14/2020 10:01,334.8,
3/14/2020 10:02,342.8,
3/14/2020 10:03,348.6,
3/14/2020 10:04,330.5,
3/14/2020 10:05,327.8,
3/14/2020 10:06,316.0,
3/14/2020 10:07,318.0,
3/14/2020 10:08,323.8,
3/14/2020 10:09,356.9,
3/14/2020 10:10,367.0,
3/14/2020 10:11,352.1,
3/14/2020 10:12,352.1,
3/14/2020 10:13,318.8,
3/14/2020 10:14,312.9,
3/14/2020 10:15,317.9,
3/14/2020 10:16,341.2,
3/14/2020 10:17,342.0,
3/14/2020 10:18,320.5,
3/14/2020 10:19,340.0,
3/14/2020 10:20,318.8,
3/14/2020 10:21,305.1,
3/14/2020 10:22,310.5,
3/14/2020 10:23,313.6,
3/14/2020 10:24,305.2,
3/14/2020 10:25,289.0,
3/14/2020 10:26,281.8,
3/14/2020 10:27,292.2,
3/14/2020 10:28,297.3,
3/14/2020 10:29,296.9,
3/14/2020 10:30,319.8,
3/14/2020 10:31,342.0,
3/14/2020 10:32,334.5,
3/14/2020 10:33,343.8,
3/14/2020 10:34,355.1,
3/14/2020 10:35,365.8,
3/14/2020 10:36,367.8,
3/14/2020 10:37,346.7,
3/14/2020 10:38,323.4,
3/14/2020 10:39,337.9,
3/14/2020 10:40,318.9,
3/14/2020 10:41,310.0,
3/14/2020 10:42,323.8,
3/14/2020 10:43,344.6,
3/14/2020 10:44,337.7,
3/14/2020 10:45,379.9,
3/14/2020 10:46,382.5,
3/14/2020 10:47,400.5,
3/14/2020 10:48,394.0,
3/14/2020 10:49,367.5,
3/14/2020 10:50,357.4,
3/14/2020 10:51,367.8,
3/14/2020 10:52,375.9,
3/14/2020 10:53,343.5,
3/14/2020 10:54,323.8,
3/14/2020 10:55,332.9,
3/14/2020 10:56,332.2,
3/14/2020 10:57,343.0,
3/14/2020 10:58,350.0,
3/14/2020 10:59,337.0,
3/14/2020 11:00,326.0,
3/14/2020 11:01,333.0,
3/14/2020 11:02,329.0,
3/14/2020 11:03,331.0,
3/14/2020 11:04,336.0,
3/14/2020 11:05,327.0,
3/14/2020 11:06,344.0,
3/14/2020 11:07,335.0,
3/14/2020 11:08,316.0,
3/14/2020 11:09,321.0,
3/14/2020 11:10,335.0,
3/14/2020 11:11,337.0,
3/14/2020 11:12,318.0,
3/14/2020 11:13,328.0,
3/14/2020 11:14,319.0,
3/14/2020 11:15,321.0,
3/14/2020 11:16,334.0,
3/14/2020 11:17,329.0,
3/14/2020 11:18,327.0,
3/14/2020 11:19,317.0,
3/14/2020 11:20,312.0,
3/14/2020 11:21,317.0,
3/14/2020 11:22,322.0,
3/14/2020 11:23,378.0,
3/14/2020 11:24,397.0,
3/14/2020 11:25,401.0,
3/14/2020 11:26,381.0,
3/14/2020 11:27,355.0,
3/14/2020 11:28,341.0,
3/14/2020 11:29,330.0,
3/14/2020 11:30,306.0,
3/14/2020 11:31,309.0,
3/14/2020 11:32,308.0,
3/14/2020 11:33,303.0,
3/14/2020 11:34,322.0,
3/14/2020 11:35,320.0,
3/14/2020 11:36,326.0,
3/14/2020 11:37,316.0,
3/14/2020 11:38,308.0,
3/14/2020 11:39,314.0,
3/14/2020 11:40,317.0,
3/14/2020 11:41,312.0,
3/14/2020 11:42,304.0,
3/14/2020 11:43,306.0,
3/14/2020 11:44,313.0,
3/14/2020 11:45,301.0,
3/14/2020 11:46,309.0,
3/14/2020 11:47,305.0,
3/14/2020 11:48,306.0,
3/14/2020 11:49,319.0,
3/14/2020 11:50,336.0,
3/14/2020 11:51,358.0,
3/14/2020 11:52,362.0,
3/14/2020 11:53,357.0,
3/14/2020 11:54,354.0,
3/14/2020 11:55,360.0,
3/14/2020 11:56,338.0,
3/14/2020 11:57,338.0,
3/14/2020 11:58,327.0,
3/14/2020 11:59,315.0,
3/14/2020 12:00,365.0,
3/14/2020 12:01,375.0,
3/14/2020 12:02,381.0,
3/14/2020 12:03,371.0,
3/14/2020 12:04,392.0,
3/14/2020 12:05,399.0,
3/14/2020 12:06,376.0,
3/14/2020 12:07,363.0,
3/14/2020 12:08,312.5,
3/14/2020 12:09,323.1,
3/14/2020 12:10,323.7,
3/14/2020 12:11,328.5,
3/14/2020 12:12,317.8,
3/14/2020 12:13,309.7,
3/14/2020 12:14,294.2,
3/14/2020 12:15,307.1,
3/14/2020 12:16,313.3,
3/14/2020 12:17,301.4,
3/14/2020 12:18,332.3,
3/14/2020 12:19,331.4,
3/14/2020 12:20,311.1,
3/14/2020 12:21,318.3,
3/14/2020 12:22,319.0,
3/14/2020 12:23,311.1,
3/14/2020 12:24,310.8,
3/14/2020 12:25,309.7,
3/14/2020 12:26,326.7,
3/14/2020 12:27,326.1,
3/14/2020 12:28,306.8,
3/14/2020 12:29,310.3,
3/14/2020 12:30,324.2,
3/14/2020 12:31,353.6,
3/14/2020 12:32,348.7,
3/14/2020 12:33,334.8,
3/14/2020 12:34,328.6,
3/14/2020 12:35,316.3,
3/14/2020 12:36,320.5,
3/14/2020 12:37,323.9,
3/14/2020 12:38,325.7,
3/14/2020 12:39,312.9,
3/14/2020 12:40,309.9,
3/14/2020 12:41,324.5,
3/14/2020 12:42,306.4,
3/14/2020 12:43,303.4,
3/14/2020 12:44,294.8,
3/14/2020 12:45,318.9,
3/14/2020 12:46,321.4,
3/14/2020 12:47,323.4,
3/14/2020 12:48,311.4,
3/14/2020 12:49,313.7,
3/14/2020 12:50,317.3,
3/14/2020 12:51,347.2,
3/14/2020 12:52,351.6,
3/14/2020 12:53,364.2,
3/14/2020 12:54,374.0,
3/14/2020 12:55,378.0,
3/14/2020 12:56,360.8,
3/14/2020 12:57,341.1,
3/14/2020 12:58,296.6,
3/14/2020 12:59,288.1,
3/14/2020 13:00,281.1,
3/14/2020 13:01,285.4,
3/14/2020 13:02,296.3,
3/14/2020 13:03,283.4,
3/14/2020 13:04,292.6,
3/14/2020 13:05,298.5,
3/14/2020 13:06,299.4,
3/14/2020 13:07,298.1,
3/14/2020 13:08,298.0,
3/14/2020 13:09,286.1,
3/14/2020 13:10,286.8,
3/14/2020 13:11,283.8,
3/14/2020 13:12,277.8,
3/14/2020 13:13,268.0,
3/14/2020 13:14,274.2,
3/14/2020 13:15,293.9,
3/14/2020 13:16,296.9,
3/14/2020 13:17,299.1,
3/14/2020 13:18,288.5,
3/14/2020 13:19,292.5,
3/14/2020 13:20,280.2,
3/14/2020 13:21,287.0,
3/14/2020 13:22,288.9,
3/14/2020 13:23,303.9,
3/14/2020 13:24,317.9,
3/14/2020 13:25,308.5,
3/14/2020 13:26,302.4,
3/14/2020 13:27,295.3,
3/14/2020 13:28,289.3,
3/14/2020 13:29,317.5,
3/14/2020 13:30,340.0,
3/14/2020 13:31,367.0,
3/14/2020 13:32,371.0,
3/14/2020 13:33,346.0,
3/14/2020 13:34,321.8,
3/14/2020 13:35,300.0,
3/14/2020 13:36,304.0,
3/14/2020 13:37,315.5,
3/14/2020 13:38,330.9,
3/14/2020 13:39,318.1,
3/14/2020 13:40,350.0,
3/14/2020 13:41,358.0,
3/14/2020 13:42,330.3,
3/14/2020 13:43,322.8,
3/14/2020 13:44,337.0,
3/14/2020 13:45,343.0,
3/14/2020 13:46,296.4,
3/14/2020 13:47,282.4,
3/14/2020 13:48,273.9,
3/14/2020 13:49,279.6,
3/14/2020 13:50,281.1,
3/14/2020 13:51,296.6,
3/14/2020 13:52,306.2,
3/14/2020 13:53,302.6,
3/14/2020 13:54,289.5,
3/14/2020 13:55,284.1,
3/14/2020 13:56,290.6,
3/14/2020 13:57,293.5,
3/14/2020 13:58,299.2,
3/14/2020 13:59,318.1,
3/14/2020 14:00,310.0,
3/14/2020 14:01,308.4,
3/14/2020 14:02,300.9,
3/14/2020 14:03,308.6,
3/14/2020 14:04,321.2,
3/14/2020 14:05,328.9,
3/14/2020 14:06,319.2,
3/14/2020 14:07,301.4,
3/14/2020 14:08,291.6,
3/14/2020 14:09,274.4,
3/14/2020 14:10,280.9,
3/14/2020 14:11,285.6,
3/14/2020 14:12,304.4,
3/14/2020 14:13,315.0,
3/14/2020 14:14,301.6,
3/14/2020 14:15,308.1,
3/14/2020 14:16,301.4,
3/14/2020 14:17,310.1,
3/14/2020 14:18,315.9,
3/14/2020 14:19,301.5,
3/14/2020 14:20,301.2,
3/14/2020 14:21,277.6,
3/14/2020 14:22,275.9,
3/14/2020 14:23,268.3,
3/14/2020 14:24,275.7,
3/14/2020 14:25,281.0,
3/14/2020 14:26,289.8,
3/14/2020 14:27,276.1,
3/14/2020 14:28,269.4,
3/14/2020 14:29,277.7,
3/14/2020 14:30,286.0,
3/14/2020 14:31,279.0,
3/14/2020 14:32,279.7,
3/14/2020 14:33,284.5,
3/14/2020 14:34,286.2,
3/14/2020 14:35,271.6,
3/14/2020 14:36,267.7,
3/14/2020 14:37,282.3,
3/14/2020 14:38,314.4,
3/14/2020 14:39,321.0,
3/14/2020 14:40,315.0,
3/14/2020 14:41,318.5,
3/14/2020 14:42,320.0,
3/14/2020 14:43,308.6,
3/14/2020 14:44,290.0,
3/14/2020 14:45,298.0,
3/14/2020 14:46,286.6,
3/14/2020 14:47,281.0,
3/14/2020 14:48,305.0,
3/14/2020 14:49,314.0,
3/14/2020 14:50,333.0,
3/14/2020 14:51,328.0,
3/14/2020 14:52,337.0,
3/14/2020 14:53,333.0,
3/14/2020 14:54,329.0,
3/14/2020 14:55,324.7,
3/14/2020 14:56,329.6,
3/14/2020 14:57,301.0,
3/14/2020 14:58,288.0,
3/14/2020 14:59,291.0,
3/14/2020 15:00,286.6,
3/14/2020 15:01,283.0,
3/14/2020 15:02,297.0,
3/14/2020 15:03,308.0,
3/14/2020 15:04,315.0,
3/14/2020 15:05,315.0,
3/14/2020 15:06,331.0,
3/14/2020 15:07,303.0,
3/14/2020 15:08,294.0,
3/14/2020 15:09,292.0,
3/14/2020 15:10,288.0,
3/14/2020 15:11,282.0,
3/14/2020 15:12,281.0,
3/14/2020 15:13,291.0,
3/14/2020 15:14,299.0,
3/14/2020 15:15,309.0,
3/14/2020 15:16,300.0,
3/14/2020 15:17,294.0,
3/14/2020 15:18,319.0,
3/14/2020 15:19,314.0,
3/14/2020 15:20,300.0,
3/14/2020 15:21,288.0,
3/14/2020 15:22,285.0,
3/14/2020 15:23,277.0,
3/14/2020 15:24,294.0,
3/14/2020 15:25,313.0,
3/14/2020 15:26,311.0,
3/14/2020 15:27,305.0,
3/14/2020 15:28,295.0,
3/14/2020 15:29,297.0,
3/14/2020 15:30,313.0,
3/14/2020 15:31,321.0,
3/14/2020 15:32,312.0,
3/14/2020 15:33,310.0,
3/14/2020 15:34,300.0,
3/14/2020 15:35,306.0,
3/14/2020 15:36,295.0,
3/14/2020 15:37,279.0,
3/14/2020 15:38,293.0,
3/14/2020 15:39,292.1,
3/14/2020 15:40,289.0,
3/14/2020 15:41,283.2,
3/14/2020 15:42,283.9,
3/14/2020 15:43,283.0,
3/14/2020 15:44,274.0,
3/14/2020 15:45,282.0,
3/14/2020 15:46,294.0,
3/14/2020 15:47,307.0,
3/14/2020 15:48,289.0,
3/14/2020 15:49,290.0,
3/14/2020 15:50,289.0,
3/14/2020 15:51,285.0,
3/14/2020 15:52,281.0,
3/14/2020 15:53,300.0,
3/14/2020 15:54,317.0,
3/14/2020 15:55,298.0,
3/14/2020 15:56,301.0,
3/14/2020 15:57,308.0,
3/14/2020 15:58,317.0,
3/14/2020 15:59,332.0,
3/14/2020 16:00,312.0,
3/14/2020 16:01,291.0,
3/14/2020 16:02,297.0,
3/14/2020 16:03,284.0,
3/14/2020 16:04,277.0,
3/14/2020 16:05,286.0,
3/14/2020 16:06,300.0,
3/14/2020 16:07,302.0,
3/14/2020 16:08,322.0,
3/14/2020 16:09,321.0,
3/14/2020 16:10,319.0,
3/14/2020 16:11,309.0,
3/14/2020 16:12,307.0,
3/14/2020 16:13,302.0,
3/14/2020 16:14,288.0,
3/14/2020 16:15,293.0,
3/14/2020 16:16,306.0,
3/14/2020 16:17,315.0,
3/14/2020 16:18,299.0,
3/14/2020 16:19,286.0,
3/14/2020 16:20,289.0,
3/14/2020 16:21,271.0,
3/14/2020 16:22,271.0,
3/14/2020 16:23,291.0,
3/14/2020 16:24,312.0,
3/14/2020 16:25,312.0,
3/14/2020 16:26,284.0,
3/14/2020 16:27,273.0,
3/14/2020 16:28,262.0,
3/14/2020 16:29,264.0,
3/14/2020 16:30,268.0,
3/14/2020 16:31,274.0,
3/14/2020 16:32,314.0,
3/14/2020 16:33,313.0,
3/14/2020 16:34,298.0,
3/14/2020 16:35,283.0,
3/14/2020 16:36,268.0,
3/14/2020 16:37,271.0,
3/14/2020 16:38,289.0,
3/14/2020 16:39,302.0,
3/14/2020 16:40,311.0,
3/14/2020 16:41,289.0,
3/14/2020 16:42,307.0,
3/14/2020 16:43,308.0,
3/14/2020 16:44,310.0,
3/14/2020 16:45,304.0,
3/14/2020 16:46,306.0,
3/14/2020 16:47,326.0,
3/14/2020 16:48,312.0,
3/14/2020 16:49,297.0,
3/14/2020 16:50,304.0,
3/14/2020 16:51,305.0,
3/14/2020 16:52,278.0,
3/14/2020 16:53,265.0,
3/14/2020 16:54,280.0,
3/14/2020 16:55,292.0,
3/14/2020 16:56,283.0,
3/14/2020 16:57,285.0,
3/14/2020 16:58,285.0,
3/14/2020 16:59,259.5,
3/14/2020 17:00,268.3,
3/14/2020 17:01,276.0,
3/14/2020 17:02,272.7,
3/14/2020 17:03,276.5,
3/14/2020 17:04,272.9,
3/14/2020 17:05,251.0,
3/14/2020 17:06,224.5,
3/14/2020 17:07,236.6,
3/14/2020 17:08,241.3,
3/14/2020 17:09,254.9,
3/14/2020 17:10,263.5,
3/14/2020 17:11,265.8,
3/14/2020 17:12,256.1,
3/14/2020 17:13,240.1,
3/14/2020 17:14,247.0,
3/14/2020 17:15,253.6,
3/14/2020 17:16,259.0,
3/14/2020 17:17,267.0,
3/14/2020 17:18,270.0,
3/14/2020 17:19,282.0,
3/14/2020 17:20,287.0,
3/14/2020 17:21,282.9,
3/14/2020 17:22,279.0,
3/14/2020 17:23,275.5,
3/14/2020 17:24,274.4,
3/14/2020 17:25,290.0,
3/14/2020 17:26,297.0,
3/14/2020 17:27,302.0,
3/14/2020 17:28,299.0,
3/14/2020 17:29,307.0,
3/14/2020 17:30,299.0,
3/14/2020 17:31,295.0,
3/14/2020 17:32,292.0,
3/14/2020 17:33,283.0,
3/14/2020 17:34,288.0,
3/14/2020 17:35,288.0,
3/14/2020 17:36,278.0,
3/14/2020 17:37,263.0,
3/14/2020 17:38,258.8,
3/14/2020 17:39,271.7,
3/14/2020 17:40,284.4,
3/14/2020 17:41,277.0,
3/14/2020 17:42,267.2,
3/14/2020 17:43,257.2,
3/14/2020 17:44,265.7,
3/14/2020 17:45,275.8,
3/14/2020 17:46,259.7,
3/14/2020 17:47,255.0,
3/14/2020 17:48,260.0,
3/14/2020 17:49,266.0,
3/14/2020 17:50,264.5,
3/14/2020 17:51,255.3,
3/14/2020 17:52,269.7,
3/14/2020 17:53,261.5,
3/14/2020 17:54,267.3,
3/14/2020 17:55,255.5,
3/14/2020 17:56,261.3,
3/14/2020 17:57,274.0,
3/14/2020 17:58,281.0,
3/14/2020 17:59,304.9,
3/14/2020 18:00,307.4,
3/14/2020 18:01,313.0,
3/14/2020 18:02,296.0,
3/14/2020 18:03,294.0,
3/14/2020 18:04,290.0,
3/14/2020 18:05,279.0,
3/14/2020 18:06,292.0,
3/14/2020 18:07,317.0,
3/14/2020 18:08,325.0,
3/14/2020 18:09,312.9,
3/14/2020 18:10,278.5,
3/14/2020 18:11,265.6,
3/14/2020 18:12,270.4,
3/14/2020 18:13,280.6,
3/14/2020 18:14,293.7,
3/14/2020 18:15,286.7,
3/14/2020 18:16,300.6,
3/14/2020 18:17,296.3,
3/14/2020 18:18,293.3,
3/14/2020 18:19,297.5,
3/14/2020 18:20,296.8,
3/14/2020 18:21,280.3,
3/14/2020 18:22,282.4,
3/14/2020 18:23,288.1,
3/14/2020 18:24,277.3,
3/14/2020 18:25,282.0,
3/14/2020 18:26,275.1,
3/14/2020 18:27,273.4,
3/14/2020 18:28,284.0,
3/14/2020 18:29,287.6,
3/14/2020 18:30,281.8,
3/14/2020 18:31,290.4,
3/14/2020 18:32,296.5,
3/14/2020 18:33,315.5,
3/14/2020 18:34,323.1,
3/14/2020 18:35,311.3,
3/14/2020 18:36,305.7,
3/14/2020 18:37,299.7,
3/14/2020 18:38,293.7,
3/14/2020 18:39,305.3,
3/14/2020 18:40,309.5,
3/14/2020 18:41,305.4,
3/14/2020 18:42,308.4,
3/14/2020 18:43,301.9,
3/14/2020 18:44,295.8,
3/14/2020 18:45,298.2,
3/14/2020 18:46,305.8,
3/14/2020 18:47,307.2,
3/14/2020 18:48,310.1,
3/14/2020 18:49,316.9,
3/14/2020 18:50,302.8,
3/14/2020 18:51,295.1,
3/14/2020 18:52,273.2,
3/14/2020 18:53,266.4,
3/14/2020 18:54,282.9,
3/14/2020 18:55,307.5,
3/14/2020 18:56,302.2,
3/14/2020 18:57,292.0,
3/14/2020 18:58,278.0,
3/14/2020 18:59,276.7,
3/14/2020 19:00,274.9,
3/14/2020 19:01,269.8,
3/14/2020 19:02,277.7,
3/14/2020 19:03,277.7,
3/14/2020 19:04,286.7,
3/14/2020 19:05,279.9,
3/14/2020 19:06,268.9,
3/14/2020 19:07,264.9,
3/14/2020 19:08,276.9,
3/14/2020 19:09,284.9,
3/14/2020 19:10,298.9,
3/14/2020 19:11,309.0,
3/14/2020 19:12,320.0,
3/14/2020 19:13,327.0,
3/14/2020 19:14,321.0,
3/14/2020 19:15,308.0,
3/14/2020 19:16,324.0,
3/14/2020 19:17,333.0,
3/14/2020 19:18,323.0,
3/14/2020 19:19,300.0,
3/14/2020 19:20,297.0,
3/14/2020 19:21,306.0,
3/14/2020 19:22,294.0,
3/14/2020 19:23,291.0,
3/14/2020 19:24,285.0,
3/14/2020 19:25,276.0,
3/14/2020 19:26,304.0,
3/14/2020 19:27,321.6,
3/14/2020 19:28,328.4,
3/14/2020 19:29,297.4,
3/14/2020 19:30,297.4,
3/14/2020 19:31,308.4,
3/14/2020 19:32,291.4,
3/14/2020 19:33,293.4,
3/14/2020 19:34,325.4,
3/14/2020 19:35,349.4,
3/14/2020 19:36,349.4,
3/14/2020 19:37,308.4,
3/14/2020 19:38,305.4,
3/14/2020 19:39,303.4,
3/14/2020 19:40,315.4,
3/14/2020 19:41,294.4,
3/14/2020 19:42,293.4,
3/14/2020 19:43,280.4,
3/14/2020 19:44,280.4,
3/14/2020 19:45,265.2,
3/14/2020 19:46,266.2,
3/14/2020 19:47,278.2,
3/14/2020 19:48,279.2,
3/14/2020 19:49,291.4,
3/14/2020 19:50,312.4,
3/14/2020 19:51,340.4,
3/14/2020 19:52,331.4,
3/14/2020 19:53,308.4,
3/14/2020 19:54,305.4,
3/14/2020 19:55,313.4,
3/14/2020 19:56,326.4,
3/14/2020 19:57,347.4,
3/14/2020 19:58,356.4,
3/14/2020 19:59,343.4,
3/14/2020 20:00,316.4,
3/14/2020 20:01,302.4,
3/14/2020 20:02,296.4,
3/14/2020 20:03,305.4,
3/14/2020 20:04,306.4,
3/14/2020 20:05,321.4,
3/14/2020 20:06,331.4,
3/14/2020 20:07,339.4,
3/14/2020 20:08,322.4,
3/14/2020 20:09,298.4,
3/14/2020 20:10,281.4,
3/14/2020 20:11,273.4,
3/14/2020 20:12,295.4,
3/14/2020 20:13,293.4,
3/14/2020 20:14,305.4,
3/14/2020 20:15,302.4,
3/14/2020 20:16,285.4,
3/14/2020 20:17,292.4,
3/14/2020 20:18,287.4,
3/14/2020 20:19,290.4,
3/14/2020 20:20,300.4,
3/14/2020 20:21,303.4,
3/14/2020 20:22,282.4,
3/14/2020 20:23,263.4,
3/14/2020 20:24,273.4,
3/14/2020 20:25,278.4,
3/14/2020 20:26,302.4,
3/14/2020 20:27,302.4,
3/14/2020 20:28,293.3,
3/14/2020 20:29,292.2,
3/14/2020 20:30,260.2,
3/14/2020 20:31,288.2,
3/14/2020 20:32,301.3,
3/14/2020 20:33,320.4,
3/14/2020 20:34,314.4,
3/14/2020 20:35,328.4,
3/14/2020 20:36,310.4,
3/14/2020 20:37,294.4,
3/14/2020 20:38,302.4,
3/14/2020 20:39,335.4,
3/14/2020 20:40,351.4,
3/14/2020 20:41,361.4,
3/14/2020 20:42,359.4,
3/14/2020 20:43,348.4,
3/14/2020 20:44,333.4,
3/14/2020 20:45,330.4,
3/14/2020 20:46,305.4,
3/14/2020 20:47,303.4,
3/14/2020 20:48,314.4,
3/14/2020 20:49,330.4,
3/14/2020 20:50,337.4,
3/14/2020 20:51,354.4,
3/14/2020 20:52,346.4,
3/14/2020 20:53,353.4,
3/14/2020 20:54,325.4,
3/14/2020 20:55,298.4,
3/14/2020 20:56,289.4,
3/14/2020 20:57,305.4,
3/14/2020 20:58,332.4,
3/14/2020 20:59,324.4,
3/14/2020 21:00,316.4,
3/14/2020 21:01,312.4,
3/14/2020 21:02,312.4,
3/14/2020 21:03,304.4,
3/14/2020 21:04,296.4,
3/14/2020 21:05,313.4,
3/14/2020 21:06,319.4,
3/14/2020 21:07,315.4,
3/14/2020 21:08,307.4,
3/14/2020 21:09,300.3,
3/14/2020 21:10,271.2,
3/14/2020 21:11,297.2,
3/14/2020 21:12,314.2,
3/14/2020 21:13,322.3,
3/14/2020 21:14,319.4,
3/14/2020 21:15,319.4,
3/14/2020 21:16,338.4,
3/14/2020 21:17,341.4,
3/14/2020 21:18,336.4,
3/14/2020 21:19,329.4,
3/14/2020 21:20,322.4,
3/14/2020 21:21,325.4,
3/14/2020 21:22,322.4,
3/14/2020 21:23,308.4,
3/14/2020 21:24,310.4,
3/14/2020 21:25,314.4,
3/14/2020 21:26,306.4,
3/14/2020 21:27,313.4,
3/14/2020 21:28,324.4,
3/14/2020 21:29,335.4,
3/14/2020 21:30,316.4,
3/14/2020 21:31,305.4,
3/14/2020 21:32,293.4,
3/14/2020 21:33,292.4,
3/14/2020 21:34,302.4,
3/14/2020 21:35,316.4,
3/14/2020 21:36,314.4,
3/14/2020 21:37,301.4,
3/14/2020 21:38,304.4,
3/14/2020 21:39,282.4,
3/14/2020 21:40,282.4,
3/14/2020 21:41,280.4,
3/14/2020 21:42,276.4,
3/14/2020 21:43,283.4,
3/14/2020 21:44,298.4,
3/14/2020 21:45,314.4,
3/14/2020 21:46,307.4,
3/14/2020 21:47,298.4,
3/14/2020 21:48,290.4,
3/14/2020 21:49,288.4,
3/14/2020 21:50,287.4,
3/14/2020 21:51,310.4,
3/14/2020 21:52,346.2,
3/14/2020 21:53,362.2,
3/14/2020 21:54,349.2,
3/14/2020 21:55,327.2,
3/14/2020 21:56,333.4,
3/14/2020 21:57,317.4,
3/14/2020 21:58,318.4,
3/14/2020 21:59,326.4,
3/14/2020 22:00,350.4,
3/14/2020 22:01,332.4,
3/14/2020 22:02,311.4,
3/14/2020 22:03,288.4,
3/14/2020 22:04,289.4,
3/14/2020 22:05,290.4,
3/14/2020 22:06,275.4,
3/14/2020 22:07,285.4,
3/14/2020 22:08,313.4,
3/14/2020 22:09,323.4,
3/14/2020 22:10,327.4,
3/14/2020 22:11,319.4,
3/14/2020 22:12,298.4,
3/14/2020 22:13,282.4,
3/14/2020 22:14,293.4,
3/14/2020 22:15,297.4,
3/14/2020 22:16,309.4,
3/14/2020 22:17,324.4,
3/14/2020 22:18,324.4,
3/14/2020 22:19,323.4,
3/14/2020 22:20,330.4,
3/14/2020 22:21,308.4,
3/14/2020 22:22,318.4,
3/14/2020 22:23,310.4,
3/14/2020 22:24,303.4,
3/14/2020 22:25,306.4,
3/14/2020 22:26,311.4,
3/14/2020 22:27,318.4,
3/14/2020 22:28,313.4,
3/14/2020 22:29,317.4,
3/14/2020 22:30,322.4,
3/14/2020 22:31,323.4,
3/14/2020 22:32,346.4,
3/14/2020 22:33,344.4,
3/14/2020 22:34,333.4,
3/14/2020 22:35,313.2,
3/14/2020 22:36,316.2,
3/14/2020 22:37,315.2,
3/14/2020 22:38,313.1,
3/14/2020 22:39,314.3,
3/14/2020 22:40,296.4,
3/14/2020 22:41,291.3,
3/14/2020 22:42,311.3,
3/14/2020 22:43,321.3,
3/14/2020 22:44,345.3,
3/14/2020 22:45,346.4,
3/14/2020 22:46,323.4,
3/14/2020 22:47,306.4,
3/14/2020 22:48,286.4,
3/14/2020 22:49,289.4,
3/14/2020 22:50,281.4,
3/14/2020 22:51,279.4,
3/14/2020 22:52,289.4,
3/14/2020 22:53,299.4,
3/14/2020 22:54,294.4,
3/14/2020 22:55,291.4,
3/14/2020 22:56,306.4,
3/14/2020 22:57,296.4,
3/14/2020 22:58,301.4,
3/14/2020 22:59,301.4,
3/14/2020 23:00,311.4,
3/14/2020 23:01,308.4,
3/14/2020 23:02,304.4,
3/14/2020 23:03,312.4,
3/14/2020 23:04,319.3,
3/14/2020 23:05,316.3,
3/14/2020 23:06,306.3,
3/14/2020 23:07,327.4,
3/14/2020 23:08,333.3,
3/14/2020 23:09,340.3,
3/14/2020 23:10,346.4,
3/14/2020 23:11,326.3,
3/14/2020 23:12,335.4,
3/14/2020 23:13,334.3,
3/14/2020 23:14,316.3,
3/14/2020 23:15,326.3,
3/14/2020 23:16,323.3,
3/14/2020 23:17,324.3,
3/14/2020 23:18,326.3,
3/14/2020 23:19,323.1,
3/14/2020 23:20,328.1,
3/14/2020 23:21,298.1,
3/14/2020 23:22,308.2,
3/14/2020 23:23,304.3,
3/14/2020 23:24,296.3,
3/14/2020 23:25,275.3,
3/14/2020 23:26,267.3,
3/14/2020 23:27,282.3,
3/14/2020 23:28,293.3,
3/14/2020 23:29,310.3,
3/14/2020 23:30,337.3,
3/14/2020 23:31,356.3,
3/14/2020 23:32,348.3,
3/14/2020 23:33,310.3,
3/14/2020 23:34,322.3,
3/14/2020 23:35,331.3,
3/14/2020 23:36,334.3,
3/14/2020 23:37,351.3,
3/14/2020 23:38,338.3,
3/14/2020 23:39,314.3,
3/14/2020 23:40,296.3,
3/14/2020 23:41,300.3,
3/14/2020 23:42,293.3,
3/14/2020 23:43,310.3,
3/14/2020 23:44,331.3,
3/14/2020 23:45,347.3,
3/14/2020 23:46,334.3,
3/14/2020 23:47,315.3,
3/14/2020 23:48,295.3,
3/14/2020 23:49,294.3,
3/14/2020 23:50,287.3,
3/14/2020 23:51,293.3,
3/14/2020 23:52,287.3,
3/14/2020 23:53,305.3,
3/14/2020 23:54,321.3,
3/14/2020 23:55,325.3,
3/14/2020 23:56,336.3,
3/14/2020 23:57,327.3,
3/14/2020 23:58,315.3,
3/14/2020 23:59,305.3,
