Time,P,Q,,,
1/5/2020 0:00,472,53.5,,,
1/5/2020 0:05,222,46.6,,,
1/5/2020 0:10,233,48.3,,,
1/5/2020 0:15,225,55.6,,,
1/5/2020 0:20,288,50.5,,,
1/5/2020 0:25,287,50.4,,,
1/5/2020 0:30,254,51,,,
1/5/2020 0:35,495,59.3,,,
1/5/2020 0:40,294,53.2,,,
1/5/2020 0:45,291,52.9,,,
1/5/2020 0:50,308,51.7,,,
1/5/2020 0:55,460,55.2,,,
1/5/2020 1:00,364,53.7,,,
1/5/2020 1:05,256,50.8,,,
1/5/2020 1:10,226,52.4,,,
1/5/2020 1:15,221,53.5,,,
1/5/2020 1:20,255,51.4,,,
1/5/2020 1:25,219,50.6,,,
1/5/2020 1:30,219,53.2,,,
1/5/2020 1:35,251,56,,,
1/5/2020 1:40,260,56.3,,,
1/5/2020 1:45,250,57,,,
1/5/2020 1:50,460,53.7,,,
1/5/2020 1:55,248,48.8,,,
1/5/2020 2:00,205,57.6,,,
1/5/2020 2:05,493,64,,,
1/5/2020 2:10,230,48.8,,,
1/5/2020 2:15,381,52.3,,,
1/5/2020 2:20,280,57.8,,,
1/5/2020 2:25,230,56.4,,,
1/5/2020 2:30,230,51.2,,,
1/5/2020 2:35,214,50.4,,,
1/5/2020 2:40,254,53.1,,,
1/5/2020 2:45,251,59.8,,,
1/5/2020 2:50,288,50.6,,,
1/5/2020 2:55,368,52.5,,,
1/5/2020 3:00,213,56.5,,,
1/5/2020 3:05,218,53.4,,,
1/5/2020 3:10,527,63.5,,,
1/5/2020 3:15,226,55.7,,,
1/5/2020 3:20,249,50.2,,,
1/5/2020 3:25,491,64.4,,,
1/5/2020 3:30,219,57,,,
1/5/2020 3:35,257,64,,,
1/5/2020 3:40,364,65.9,,,
1/5/2020 3:45,278,59.2,,,
1/5/2020 3:50,457,65.9,,,
1/5/2020 3:55,218,52.7,,,
1/5/2020 4:00,368,58.4,,,
1/5/2020 4:05,260,54.8,,,
1/5/2020 4:10,328,56.1,,,
1/5/2020 4:15,348,58.9,,,
1/5/2020 4:20,357,56.8,,,
1/5/2020 4:25,357,56.3,,,
1/5/2020 4:30,279,55.9,,,
1/5/2020 4:35,318,81.1,,,
1/5/2020 4:40,360,64.6,,,
1/5/2020 4:45,299,60.4,,,
1/5/2020 4:50,339,76.7,,,
1/5/2020 4:55,336,61.8,,,
1/5/2020 5:00,337,86.4,,,
1/5/2020 5:05,318,70.3,,,
1/5/2020 5:10,318,62.9,,,
1/5/2020 5:15,349,76.5,,,
1/5/2020 5:20,288,63.3,,,
1/5/2020 5:25,330,78.7,,,
1/5/2020 5:30,325,60.8,,,
1/5/2020 5:35,306,50.2,,,
1/5/2020 5:40,336,56.4,,,
1/5/2020 5:45,301,50.7,,,
1/5/2020 5:50,329,51.4,,,
1/5/2020 5:55,295,51,,,
1/5/2020 6:00,316,57.8,,,
1/5/2020 6:05,291,48.3,,,
1/5/2020 6:10,313,48.1,,,
1/5/2020 6:15,336,48.5,,,
1/5/2020 6:20,326,49.6,,,
1/5/2020 6:25,334,58.1,,,
1/5/2020 6:30,320,49.7,,,
1/5/2020 6:35,328,50.8,,,
1/5/2020 6:40,344,50.4,,,
1/5/2020 6:45,305,54.6,,,
1/5/2020 6:50,307,49.7,,,
1/5/2020 6:55,354,49.5,,,
1/5/2020 7:00,350,49.4,,,
1/5/2020 7:05,411,51.8,,,
1/5/2020 7:10,368,50.1,,,
1/5/2020 7:15,338,54.7,,,
1/5/2020 7:20,382,54.7,,,
1/5/2020 7:25,392,52.3,,,
1/5/2020 7:30,383,59.9,,,
1/5/2020 7:35,297,55.3,,,
1/5/2020 7:40,315,45,,,
1/5/2020 7:45,287,41.2,,,
1/5/2020 7:50,278,44.6,,,
1/5/2020 7:55,267,43,,,
1/5/2020 8:00,238,42.6,,,
1/5/2020 8:05,221,41.6,,,
1/5/2020 8:10,207,44.9,,,
1/5/2020 8:15,189,43.8,,,
1/5/2020 8:20,125,42.2,,,
1/5/2020 8:25,140,49,,,
1/5/2020 8:30,93.4,42.5,,,
1/5/2020 8:35,12.5,57.6,,,
1/5/2020 8:40,11.1,42.2,,,
1/5/2020 8:45,-17,42.5,,,
1/5/2020 8:50,-37,48.2,,,
1/5/2020 8:55,-76,47.5,,,
1/5/2020 9:00,-29,48.2,,,
1/5/2020 9:05,-124,49.8,,,
1/5/2020 9:10,-104,53.5,,,
1/5/2020 9:15,-138,55.2,,,
1/5/2020 9:20,-191,50.3,,,
1/5/2020 9:25,-218,50.3,,,
1/5/2020 9:30,-141,50.5,,,
1/5/2020 9:35,-211,51.8,,,
1/5/2020 9:40,-179,49.5,,,
1/5/2020 9:45,-208,50.5,,,
1/5/2020 9:50,-170,50.8,,,
1/5/2020 9:55,-142,51.8,,,
1/5/2020 10:00,-153,48.7,,,
1/5/2020 10:05,-169,55.2,,,
1/5/2020 10:10,-227,49.6,,,
1/5/2020 10:15,-150,48.1,,,
1/5/2020 10:20,-84,51.1,,,
1/5/2020 10:25,-181,52.6,,,
1/5/2020 10:30,13.2,43.2,,,
1/5/2020 10:35,-20,47.5,,,
1/5/2020 10:40,-6.9,41.1,,,
1/5/2020 10:45,-37,53.7,,,
1/5/2020 10:50,17.7,40.6,,,
1/5/2020 10:55,-16,49.7,,,
1/5/2020 11:00,-75,48.7,,,
1/5/2020 11:05,-52,41.9,,,
1/5/2020 11:10,119,38.7,,,
1/5/2020 11:15,38.3,51.5,,,
1/5/2020 11:20,25.5,48.3,,,
1/5/2020 11:25,-189,47.7,,,
1/5/2020 11:30,-309,53.4,,,
1/5/2020 11:35,-241,48.4,,,
1/5/2020 11:40,-156,44.9,,,
1/5/2020 11:45,-161,45.1,,,
1/5/2020 11:50,-268,47.9,,,
1/5/2020 11:55,-275,45.5,,,
1/5/2020 12:00,-202,45.2,,,
1/5/2020 12:05,-256,43.6,,,
1/5/2020 12:10,-144,52.7,,,
1/5/2020 12:15,-174,45.8,,,
1/5/2020 12:20,-199,47.6,,,
1/5/2020 12:25,-214,50.1,,,
1/5/2020 12:30,-227,50.4,,,
1/5/2020 12:35,-200,48.6,,,
1/5/2020 12:40,-247,51.1,,,
1/5/2020 12:45,-381,47.7,,,
1/5/2020 12:50,-264,46.3,,,
1/5/2020 12:55,-249,55.1,,,
1/5/2020 13:00,-297,48,,,
1/5/2020 13:05,-281,48.5,,,
1/5/2020 13:10,-168,49.6,,,
1/5/2020 13:15,-162,48.4,,,
1/5/2020 13:20,-199,45.6,,,
1/5/2020 13:25,-396,60.5,,,
1/5/2020 13:30,-147,50.8,,,
1/5/2020 13:35,-13,40.5,,,
1/5/2020 13:40,-54,41.1,,,
1/5/2020 13:45,-324,49.3,,,
1/5/2020 13:50,-320,53,,,
1/5/2020 13:55,12.2,43.7,,,
1/5/2020 14:00,-156,47.1,,,
1/5/2020 14:05,-300,49.2,,,
1/5/2020 14:10,-340,52.5,,,
1/5/2020 14:15,-365,49.6,,,
1/5/2020 14:20,-364,57.3,,,
1/5/2020 14:25,-209,44.9,,,
1/5/2020 14:30,-263,54.6,,,
1/5/2020 14:35,-231,43.5,,,
1/5/2020 14:40,-338,51.2,,,
1/5/2020 14:45,-355,47.1,,,
1/5/2020 14:50,-300,46,,,
1/5/2020 14:55,-281,47.8,,,
1/5/2020 15:00,-279,47.7,,,
1/5/2020 15:05,-279,49.9,,,
1/5/2020 15:10,-166,45.8,,,
1/5/2020 15:15,-174,44.8,,,
1/5/2020 15:20,-141,42.1,,,
1/5/2020 15:25,-166,41.7,,,
1/5/2020 15:30,-60,44.2,,,
1/5/2020 15:35,-50,39.7,,,
1/5/2020 15:40,38.1,38.5,,,
1/5/2020 15:45,23.7,56.6,,,
1/5/2020 15:50,109,44.8,,,
1/5/2020 15:55,114,43.9,,,
1/5/2020 16:00,148,51.9,,,
1/5/2020 16:05,189,39.6,,,
1/5/2020 16:10,237,51.2,,,
1/5/2020 16:15,226,53.1,,,
1/5/2020 16:20,247,37.8,,,
1/5/2020 16:25,232,59.8,,,
1/5/2020 16:30,247,36.5,,,
1/5/2020 16:35,272,44.2,,,
1/5/2020 16:40,314,45.1,,,
1/5/2020 16:45,235,44.9,,,
1/5/2020 16:50,313,44,,,
1/5/2020 16:55,326,44.5,,,
1/5/2020 17:00,303,46.7,,,
1/5/2020 17:05,317,49.2,,,
1/5/2020 17:10,296,49.5,,,
1/5/2020 17:15,353,52.6,,,
1/5/2020 17:20,292,51.1,,,
1/5/2020 17:25,305,51.5,,,
1/5/2020 17:30,340,49.9,,,
1/5/2020 17:35,310,54.5,,,
1/5/2020 17:40,312,54.3,,,
1/5/2020 17:45,314,47.5,,,
1/5/2020 17:50,291,49.9,,,
1/5/2020 17:55,280,48.5,,,
1/5/2020 18:00,330,52.3,,,
1/5/2020 18:05,354,48.5,,,
1/5/2020 18:10,287,48.3,,,
1/5/2020 18:15,275,52.4,,,
1/5/2020 18:20,305,52,,,
1/5/2020 18:25,383,48.8,,,
1/5/2020 18:30,338,49.2,,,
1/5/2020 18:35,333,46.6,,,
1/5/2020 18:40,367,47.4,,,
1/5/2020 18:45,312,48.7,,,
1/5/2020 18:50,259,46.5,,,
1/5/2020 18:55,369,48.5,,,
1/5/2020 19:00,360,53.6,,,
1/5/2020 19:05,344,60.4,,,
1/5/2020 19:10,294,51.9,,,
1/5/2020 19:15,353,53.2,,,
1/5/2020 19:20,355,47.5,,,
1/5/2020 19:25,301,45.5,,,
1/5/2020 19:30,278,44.5,,,
1/5/2020 19:35,291,46.7,,,
1/5/2020 19:40,323,46.5,,,
1/5/2020 19:45,377,46.9,,,
1/5/2020 19:50,368,46.4,,,
1/5/2020 19:55,340,39.4,,,
1/5/2020 20:00,370,40.2,,,
1/5/2020 20:05,360,42.7,,,
1/5/2020 20:10,393,45,,,
1/5/2020 20:15,334,48.1,,,
1/5/2020 20:20,293,39.1,,,
1/5/2020 20:25,371,40.5,,,
1/5/2020 20:30,390,41.9,,,
1/5/2020 20:35,305,43.5,,,
1/5/2020 20:40,271,41.8,,,
1/5/2020 20:45,383,46.7,,,
1/5/2020 20:50,264,39.5,,,
1/5/2020 20:55,321,50.7,,,
1/5/2020 21:00,347,43.7,,,
1/5/2020 21:05,365,44.2,,,
1/5/2020 21:10,340,41.7,,,
1/5/2020 21:15,276,41.7,,,
1/5/2020 21:20,349,44.2,,,
1/5/2020 21:25,281,41.3,,,
1/5/2020 21:30,302,42.5,,,
1/5/2020 21:35,378,51.9,,,
1/5/2020 21:40,396,47.9,,,
1/5/2020 21:45,292,44,,,
1/5/2020 21:50,366,43.6,,,
1/5/2020 21:55,290,43.6,,,
1/5/2020 22:00,273,49.6,,,
1/5/2020 22:05,352,51.9,,,
1/5/2020 22:10,358,50.8,,,
1/5/2020 22:15,381,58.6,,,
1/5/2020 22:20,349,50.6,,,
1/5/2020 22:25,320,56,,,
1/5/2020 22:30,400,58.6,,,
1/5/2020 22:35,325,55.2,,,
1/5/2020 22:40,335,52.4,,,
1/5/2020 22:45,455,56.9,,,
1/5/2020 22:50,413,58.4,,,
1/5/2020 22:55,350,57.5,,,
1/5/2020 23:00,306,60,,,
1/5/2020 23:05,382,67.5,,,
1/5/2020 23:10,434,63,,,
1/5/2020 23:15,401,53.3,,,
1/5/2020 23:20,354,56.3,,,
1/5/2020 23:25,375,54.4,,,
1/5/2020 23:30,368,54.5,,,
1/5/2020 23:35,288,48.6,,,
1/5/2020 23:40,396,53.7,,,
1/5/2020 23:45,351,60,,,
1/5/2020 23:50,260,50.9,,,
1/5/2020 23:55,349,52.2,Minutes,P,Q
1/6/2020 0:00,370,51.2,0.00,370,51.2
1/6/2020 0:05,394,51.1,5.00,394,51.1
1/6/2020 0:10,390,47.9,10.00,390,47.9
1/6/2020 0:15,247,47.8,15.00,247,47.8
1/6/2020 0:20,264,49.8,20.00,264,49.8
1/6/2020 0:25,307,47.7,25.00,307,47.7
1/6/2020 0:30,276,48.2,30.00,276,48.2
1/6/2020 0:35,242,49.3,35.00,242,49.3
1/6/2020 0:40,449,60.9,40.00,449,60.9
1/6/2020 0:45,295,50.4,45.00,295,50.4
1/6/2020 0:50,448,60.6,50.00,448,60.6
1/6/2020 0:55,286,46.6,55.00,286,46.6
1/6/2020 1:00,397,46,60.00,397,46
1/6/2020 1:05,283,48,65.00,283,48
1/6/2020 1:10,263,45.8,70.00,263,45.8
1/6/2020 1:15,290,47.3,75.00,290,47.3
1/6/2020 1:20,472,58.7,80.00,472,58.7
1/6/2020 1:25,340,54.4,85.00,340,54.4
1/6/2020 1:30,367,56.1,90.00,367,56.1
1/6/2020 1:35,363,61.2,95.00,363,61.2
1/6/2020 1:40,328,51,100.00,328,51
1/6/2020 1:45,336,52,105.00,336,52
1/6/2020 1:50,335,56.6,110.00,335,56.6
1/6/2020 1:55,328,50,115.00,328,50
1/6/2020 2:00,377,52.4,120.00,377,52.4
1/6/2020 2:05,438,55.4,125.00,438,55.4
1/6/2020 2:10,333,52.2,130.00,333,52.2
1/6/2020 2:15,337,53.9,135.00,337,53.9
1/6/2020 2:20,267,46.5,140.00,267,46.5
1/6/2020 2:25,524,60.2,145.00,524,60.2
1/6/2020 2:30,314,52.4,150.00,314,52.4
1/6/2020 2:35,288,56.8,155.00,288,56.8
1/6/2020 2:40,313,57.8,160.00,313,57.8
1/6/2020 2:45,546,64.8,165.00,546,64.8
1/6/2020 2:50,325,60.2,170.00,325,60.2
1/6/2020 2:55,565,82.5,175.00,565,82.5
1/6/2020 3:00,509,76.8,180.00,509,76.8
1/6/2020 3:05,541,72.5,185.00,541,72.5
1/6/2020 3:10,330,82.4,190.00,330,82.4
1/6/2020 3:15,596,77.7,195.00,596,77.7
1/6/2020 3:20,542,78,200.00,542,78
1/6/2020 3:25,297,65.4,205.00,297,65.4
1/6/2020 3:30,334,67.2,210.00,334,67.2
1/6/2020 3:35,518,52.5,215.00,518,52.5
1/6/2020 3:40,387,47.7,220.00,387,47.7
1/6/2020 3:45,498,52.8,225.00,498,52.8
1/6/2020 3:50,397,50.2,230.00,397,50.2
1/6/2020 3:55,340,58,235.00,340,58
1/6/2020 4:00,456,54.3,240.00,456,54.3
1/6/2020 4:05,491,56.8,245.00,491,56.8
1/6/2020 4:10,469,59.5,250.00,469,59.5
1/6/2020 4:15,424,54.3,255.00,424,54.3
1/6/2020 4:20,459,54.6,260.00,459,54.6
1/6/2020 4:25,422,60.3,265.00,422,60.3
1/6/2020 4:30,528,58.6,270.00,528,58.6
1/6/2020 4:35,495,58.5,275.00,495,58.5
1/6/2020 4:40,418,55.4,280.00,418,55.4
1/6/2020 4:45,397,63.9,285.00,397,63.9
1/6/2020 4:50,447,53.9,290.00,447,53.9
1/6/2020 4:55,450,53.9,295.00,450,53.9
1/6/2020 5:00,415,50.2,300.00,415,50.2
1/6/2020 5:05,413,54.1,305.00,413,54.1
1/6/2020 5:10,476,56.4,310.00,476,56.4
1/6/2020 5:15,480,51.2,315.00,480,51.2
1/6/2020 5:20,485,51.1,320.00,485,51.1
1/6/2020 5:25,437,53.9,325.00,437,53.9
1/6/2020 5:30,377,50,330.00,377,50
1/6/2020 5:35,411,63.7,335.00,411,63.7
1/6/2020 5:40,384,53.7,340.00,384,53.7
1/6/2020 5:45,397,49.6,345.00,397,49.6
1/6/2020 5:50,465,50.2,350.00,465,50.2
1/6/2020 5:55,450,50,355.00,450,50
1/6/2020 6:00,467,52.5,360.00,467,52.5
1/6/2020 6:05,418,56.7,365.00,418,56.7
1/6/2020 6:10,460,59.8,370.00,460,59.8
1/6/2020 6:15,452,61.7,375.00,452,61.7
1/6/2020 6:20,458,53.5,380.00,458,53.5
1/6/2020 6:25,429,62.6,385.00,429,62.6
1/6/2020 6:30,421,54.3,390.00,421,54.3
1/6/2020 6:35,459,60.6,395.00,459,60.6
1/6/2020 6:40,346,56.3,400.00,346,56.3
1/6/2020 6:45,381,54.8,405.00,381,54.8
1/6/2020 6:50,456,52.7,410.00,456,52.7
1/6/2020 6:55,466,57.6,415.00,466,57.6
1/6/2020 7:00,480,62.6,420.00,480,62.6
1/6/2020 7:05,473,59.4,425.00,473,59.4
1/6/2020 7:10,448,69.6,430.00,448,69.6
1/6/2020 7:15,390,53.7,435.00,390,53.7
1/6/2020 7:20,412,52.4,440.00,412,52.4
1/6/2020 7:25,456,54,445.00,456,54
1/6/2020 7:30,393,55.1,450.00,393,55.1
1/6/2020 7:35,431,48.8,455.00,431,48.8
1/6/2020 7:40,392,41,460.00,392,41
1/6/2020 7:45,467,46.6,465.00,467,46.6
1/6/2020 7:50,403,42.6,470.00,403,42.6
1/6/2020 7:55,338,49.7,475.00,338,49.7
1/6/2020 8:00,337,45.3,480.00,337,45.3
1/6/2020 8:05,309,49.6,485.00,309,49.6
1/6/2020 8:10,390,34.8,490.00,390,34.8
1/6/2020 8:15,389,39.6,495.00,389,39.6
1/6/2020 8:20,320,37.6,500.00,320,37.6
1/6/2020 8:25,340,38.5,505.00,340,38.5
1/6/2020 8:30,349,42.1,510.00,349,42.1
1/6/2020 8:35,370,36.4,515.00,370,36.4
1/6/2020 8:40,347,43.1,520.00,347,43.1
1/6/2020 8:45,313,39,525.00,313,39
1/6/2020 8:50,148,40.5,530.00,148,40.5
1/6/2020 8:55,350,35.3,535.00,350,35.3
1/6/2020 9:00,7.26,55,,,
1/6/2020 9:05,-17,47.4,,,
1/6/2020 9:10,-25,50.9,,,
1/6/2020 9:15,-82,48,,,
1/6/2020 9:20,-66,51.4,,,
1/6/2020 9:25,-51,53.9,,,
1/6/2020 9:30,113,42.8,,,
1/6/2020 9:35,-142,53.5,,,
1/6/2020 9:40,120,44.4,,,
1/6/2020 9:45,237,52.8,,,
1/6/2020 9:50,-92,51.9,,,
1/6/2020 9:55,212,46.4,,,
1/6/2020 10:00,146,50,,,
1/6/2020 10:05,360,62.5,,,
1/6/2020 10:10,-41,53.8,,,
1/6/2020 10:15,-94,56.6,,,
1/6/2020 10:20,-35,51.2,,,
1/6/2020 10:25,-85,59.6,,,
1/6/2020 10:30,-45,55.6,,,
1/6/2020 10:35,-11,52.3,,,
1/6/2020 10:40,-53,59.8,,,
1/6/2020 10:45,-3.8,53.4,,,
1/6/2020 10:50,-12,51.3,,,
1/6/2020 10:55,-45,62.2,,,
1/6/2020 11:00,22.3,69.6,,,
1/6/2020 11:05,-8.3,59.4,,,
1/6/2020 11:10,-43,55.3,,,
1/6/2020 11:15,-13,50.9,,,
1/6/2020 11:20,-81,50.7,,,
1/6/2020 11:25,-1.6,57.4,,,
1/6/2020 11:30,21.7,56.3,,,
1/6/2020 11:35,-65,66.4,,,
1/6/2020 11:40,117,43,,,
1/6/2020 11:45,-3.7,59.4,,,
1/6/2020 11:50,-35,54.1,,,
1/6/2020 11:55,69.4,45.7,,,
1/6/2020 12:00,-30,51.3,,,
1/6/2020 12:05,-78,56.1,,,
1/6/2020 12:10,-3,63.2,,,
1/6/2020 12:15,12.6,62.7,,,
1/6/2020 12:20,-50,78.5,,,
1/6/2020 12:25,-107,64.6,,,
1/6/2020 12:30,-45,65.8,,,
1/6/2020 12:35,-100,62.1,,,
1/6/2020 12:40,-60,64,,,
1/6/2020 12:45,-51,57.5,,,
1/6/2020 12:50,-62,49.8,,,
1/6/2020 12:55,-91,60.2,,,
1/6/2020 13:00,-163,64.5,,,
1/6/2020 13:05,-74,70.8,,,
1/6/2020 13:10,-87,75.4,,,
1/6/2020 13:15,-176,64.7,,,
1/6/2020 13:20,-188,61.9,,,
1/6/2020 13:25,-139,64.9,,,
1/6/2020 13:30,-39,68.9,,,
1/6/2020 13:35,-118,64.7,,,
1/6/2020 13:40,-219,58.9,,,
1/6/2020 13:45,-149,60.3,,,
1/6/2020 13:50,-207,62.8,,,
1/6/2020 13:55,-148,61.7,,,
1/6/2020 14:00,-182,71.4,,,
1/6/2020 14:05,-154,79.1,,,
1/6/2020 14:10,-147,69.2,,,
1/6/2020 14:15,-144,67.4,,,
1/6/2020 14:20,-248,65.7,,,
1/6/2020 14:25,-162,63.7,,,
1/6/2020 14:30,-180,43.9,,,
1/6/2020 14:35,-214,60.4,,,
1/6/2020 14:40,-189,63.4,,,
1/6/2020 14:45,-204,69.1,,,
1/6/2020 14:50,-123,62.9,,,
1/6/2020 14:55,-91,65.4,,,
1/6/2020 15:00,-113,68.4,,,
1/6/2020 15:05,-169,57.1,,,
1/6/2020 15:10,-81,60.7,,,
1/6/2020 15:15,4.06,60,,,
1/6/2020 15:20,-87,60,,,
1/6/2020 15:25,-41,55.1,,,
1/6/2020 15:30,88.8,61.7,,,
1/6/2020 15:35,129,67.3,,,
1/6/2020 15:40,62.7,55.3,,,
1/6/2020 15:45,173,58.9,,,
1/6/2020 15:50,188,52.9,,,
1/6/2020 15:55,161,50.2,,,
1/6/2020 16:00,178,61.2,,,
1/6/2020 16:05,274,59.2,,,
1/6/2020 16:10,361,80.5,,,
1/6/2020 16:15,379,77.5,,,
1/6/2020 16:20,406,74.6,,,
1/6/2020 16:25,372,141,,,
1/6/2020 16:30,347,102,,,
1/6/2020 16:35,410,64.1,,,
1/6/2020 16:40,408,72.7,,,
1/6/2020 16:45,425,72.4,,,
1/6/2020 16:50,444,73.8,,,
1/6/2020 16:55,447,80.1,,,
1/6/2020 17:00,405,75,,,
1/6/2020 17:05,411,71,,,
1/6/2020 17:10,388,81,,,
1/6/2020 17:15,362,81.4,,,
1/6/2020 17:20,341,84.6,,,
1/6/2020 17:25,446,82.6,,,
1/6/2020 17:30,448,73.1,,,
1/6/2020 17:35,418,72.2,,,
1/6/2020 17:40,375,77.6,,,
1/6/2020 17:45,409,78.4,,,
1/6/2020 17:50,389,72.4,,,
1/6/2020 17:55,440,76.2,,,
1/6/2020 18:00,420,79.8,,,
1/6/2020 18:05,366,74.5,,,
1/6/2020 18:10,328,83.4,,,
1/6/2020 18:15,367,74.6,,,
1/6/2020 18:20,423,75.3,,,
1/6/2020 18:25,409,76.9,,,
1/6/2020 18:30,304,75.4,,,
1/6/2020 18:35,369,66.1,,,
1/6/2020 18:40,404,76.7,,,
1/6/2020 18:45,336,66.9,,,
1/6/2020 18:50,304,73.3,,,
1/6/2020 18:55,417,75.8,,,
1/6/2020 19:00,372,69.1,,,
1/6/2020 19:05,362,64.9,,,
1/6/2020 19:10,369,67.4,,,
1/6/2020 19:15,348,65.7,,,
1/6/2020 19:20,213,63.7,,,
1/6/2020 19:25,308,63.2,,,
1/6/2020 19:30,336,65.9,,,
1/6/2020 19:35,343,69.5,,,
1/6/2020 19:40,344,68.3,,,
1/6/2020 19:45,263,62.2,,,
1/6/2020 19:50,334,53.3,,,
1/6/2020 19:55,327,51.9,,,
1/6/2020 20:00,278,62,,,
1/6/2020 20:05,284,52.6,,,
1/6/2020 20:10,327,51.6,,,
1/6/2020 20:15,335,48.5,,,
1/6/2020 20:20,329,49.4,,,
1/6/2020 20:25,254,26.3,,,
1/6/2020 20:30,359,54.8,,,
1/6/2020 20:35,304,49.2,,,
1/6/2020 20:40,262,53,,,
1/6/2020 20:45,310,49.8,,,
1/6/2020 20:50,281,51.6,,,
1/6/2020 20:55,248,49.7,,,
1/6/2020 21:00,307,50.7,,,
1/6/2020 21:05,310,49.5,,,
1/6/2020 21:10,308,55.7,,,
1/6/2020 21:15,277,68.8,,,
1/6/2020 21:20,316,62.5,,,
1/6/2020 21:25,290,58.2,,,
1/6/2020 21:30,277,59.8,,,
1/6/2020 21:35,337,57,,,
1/6/2020 21:40,217,54.7,,,
1/6/2020 21:45,325,53.7,,,
1/6/2020 21:50,338,50.8,,,
1/6/2020 21:55,282,53.8,,,
1/6/2020 22:00,293,54.6,,,
1/6/2020 22:05,328,55.4,,,
1/6/2020 22:10,318,57.5,,,
1/6/2020 22:15,257,56.5,,,
1/6/2020 22:20,279,54.6,,,
1/6/2020 22:25,351,50.8,,,
1/6/2020 22:30,307,53.9,,,
1/6/2020 22:35,294,44.4,,,
1/6/2020 22:40,308,44.3,,,
1/6/2020 22:45,276,48.8,,,
1/6/2020 22:50,361,51.4,,,
1/6/2020 22:55,209,46.7,,,
1/6/2020 23:00,324,47.5,,,
1/6/2020 23:05,313,55.5,,,
1/6/2020 23:10,268,48.8,,,
1/6/2020 23:15,288,47.3,,,
1/6/2020 23:20,323,47.3,,,
1/6/2020 23:25,308,46,,,
1/6/2020 23:30,300,53.4,,,
1/6/2020 23:35,254,56.3,,,
1/6/2020 23:40,372,55.1,,,
1/6/2020 23:45,316,54.2,,,
1/6/2020 23:50,295,51.8,,,
1/6/2020 23:55,376,51.3,,,
1/7/2020 0:00,368,49.7,,,
1/7/2020 0:05,408,50.3,,,
1/7/2020 0:10,256,57.4,,,
1/7/2020 0:15,405,55,,,
1/7/2020 0:20,234,53,,,
1/7/2020 0:25,315,54.2,,,
1/7/2020 0:30,324,52,,,
1/7/2020 0:35,305,51.8,,,
1/7/2020 0:40,305,49.7,,,
1/7/2020 0:45,309,50,,,
1/7/2020 0:50,326,53.3,,,
1/7/2020 0:55,283,51.9,,,
1/7/2020 1:00,444,55.9,,,
1/7/2020 1:05,284,53.9,,,
1/7/2020 1:10,283,59.4,,,
1/7/2020 1:15,512,69.9,,,
1/7/2020 1:20,281,54.4,,,
1/7/2020 1:25,280,53.3,,,
1/7/2020 1:30,249,50,,,
1/7/2020 1:35,241,50.2,,,
1/7/2020 1:40,251,52.1,,,
1/7/2020 1:45,0.00231,-0.98,,,
1/7/2020 1:50,0.00231,-0.94,,,
1/7/2020 1:55,0.00231,-0.65,,,
1/7/2020 2:00,0.00231,-1,,,
1/7/2020 2:05,0.00231,0.107,,,
1/7/2020 2:10,0.00231,-0.66,,,
1/7/2020 2:15,0.00231,-0.44,,,
1/7/2020 2:20,0.00231,-0.72,,,
1/7/2020 2:25,0.00231,-0.15,,,
1/7/2020 2:30,0.00231,-0.53,,,
1/7/2020 2:35,0.00231,-0.55,,,
1/7/2020 2:40,0.00231,-0.48,,,
1/7/2020 2:45,0.00231,0.0598,,,
1/7/2020 2:50,0.00231,-0.61,,,
1/7/2020 2:55,0.00231,-0.61,,,
1/7/2020 3:00,0.00231,-0.36,,,
1/7/2020 3:05,0.00231,-0.34,,,
1/7/2020 3:10,0.00231,-0.11,,,
1/7/2020 3:15,0.00231,-0.75,,,
1/7/2020 3:20,0.00231,-0.72,,,
1/7/2020 3:25,0.00231,-0.49,,,
1/7/2020 3:30,0.00231,-0.7,,,
1/7/2020 3:35,0.00231,-0.63,,,
1/7/2020 3:40,0.00231,-0.64,,,
1/7/2020 3:45,0.00231,-0.63,,,
1/7/2020 3:50,0.00231,-0.52,,,
1/7/2020 3:55,336,64.1,,,
1/7/2020 4:00,360,64.3,,,
1/7/2020 4:05,338,70.9,,,
1/7/2020 4:10,287,56.2,,,
1/7/2020 4:15,314,62.7,,,
1/7/2020 4:20,329,63.2,,,
1/7/2020 4:25,380,87.8,,,
1/7/2020 4:30,364,84.4,,,
1/7/2020 4:35,306,81.6,,,
1/7/2020 4:40,313,71.4,,,
1/7/2020 4:45,277,70.8,,,
1/7/2020 4:50,306,74.1,,,
1/7/2020 4:55,279,68.1,,,
1/7/2020 5:00,281,63.8,,,
1/7/2020 5:05,297,70,,,
1/7/2020 5:10,348,57.7,,,
1/7/2020 5:15,326,62.1,,,
1/7/2020 5:20,320,54.2,,,
1/7/2020 5:25,328,55.7,,,
1/7/2020 5:30,309,53.2,,,
1/7/2020 5:35,304,54.3,,,
1/7/2020 5:40,303,58.5,,,
1/7/2020 5:45,338,62.4,,,
1/7/2020 5:50,326,56.9,,,
1/7/2020 5:55,341,56.3,,,
1/7/2020 6:00,358,65.3,,,
1/7/2020 6:05,266,62.2,,,
1/7/2020 6:10,311,64.7,,,
1/7/2020 6:15,290,69.7,,,
1/7/2020 6:20,275,60.8,,,
1/7/2020 6:25,281,59.1,,,
1/7/2020 6:30,268,59.6,,,
1/7/2020 6:35,278,59.9,,,
1/7/2020 6:40,370,58.3,,,
1/7/2020 6:45,327,57.3,,,
1/7/2020 6:50,280,56.8,,,
1/7/2020 6:55,271,55.1,,,
1/7/2020 7:00,310,67.6,,,
1/7/2020 7:05,330,67.1,,,
1/7/2020 7:10,302,63.5,,,
1/7/2020 7:15,319,60.6,,,
1/7/2020 7:20,304,62.6,,,
1/7/2020 7:25,276,59.4,,,
1/7/2020 7:30,271,61.1,,,
1/7/2020 7:35,300,65.9,,,
1/7/2020 7:40,275,50.2,,,
1/7/2020 7:45,543,62.8,,,
1/7/2020 7:50,534,60.7,,,
1/7/2020 7:55,465,53.5,,,
1/7/2020 8:00,389,53.1,,,
1/7/2020 8:05,303,47.4,,,
1/7/2020 8:10,307,44.6,,,
1/7/2020 8:15,262,38.1,,,
1/7/2020 8:20,151,39.1,,,
1/7/2020 8:25,212,55.5,,,
1/7/2020 8:30,199,44.1,,,
1/7/2020 8:35,57.4,42,,,
1/7/2020 8:40,97.6,43.9,,,
1/7/2020 8:45,5.82,47.9,,,
1/7/2020 8:50,16.3,61,,,
1/7/2020 8:55,-26,67.9,,,
1/7/2020 9:00,-70,56,,,
1/7/2020 9:05,-46,58.5,,,
1/7/2020 9:10,-45,45.5,,,
1/7/2020 9:15,-124,46.9,,,
1/7/2020 9:20,-127,50.3,,,
1/7/2020 9:25,-59,48.7,,,
1/7/2020 9:30,-148,49,,,
1/7/2020 9:35,-146,51.7,,,
1/7/2020 9:40,-111,48.9,,,
1/7/2020 9:45,-47,57.2,,,
1/7/2020 9:50,-130,55.8,,,
1/7/2020 9:55,-106,48.1,,,
1/7/2020 10:00,-94,45.2,,,
1/7/2020 10:05,-109,47.3,,,
1/7/2020 10:10,-89,50,,,
1/7/2020 10:15,-137,54,,,
1/7/2020 10:20,-94,50.4,,,
1/7/2020 10:25,-167,53.2,,,
1/7/2020 10:30,-113,56.6,,,
1/7/2020 10:35,-132,64.1,,,
1/7/2020 10:40,-154,53.4,,,
1/7/2020 10:45,-98,53.6,,,
1/7/2020 10:50,-73,52.8,,,
1/7/2020 10:55,-58,48.9,,,
1/7/2020 11:00,-108,56.1,,,
1/7/2020 11:05,-125,52.1,,,
1/7/2020 11:10,-74,48,,,
1/7/2020 11:15,-79,48.5,,,
1/7/2020 11:20,-85,62,,,
1/7/2020 11:25,-139,54.1,,,
1/7/2020 11:30,-147,55.9,,,
1/7/2020 11:35,-119,61.5,,,
1/7/2020 11:40,-90,57.6,,,
1/7/2020 11:45,-152,55.1,,,
1/7/2020 11:50,-184,51.1,,,
1/7/2020 11:55,-73,49.9,,,
1/7/2020 12:00,-6.2,45.9,,,
1/7/2020 12:05,-53,62.3,,,
1/7/2020 12:10,-110,58.3,,,
1/7/2020 12:15,-62,58.2,,,
1/7/2020 12:20,-96,53.7,,,
1/7/2020 12:25,25.3,46.3,,,
1/7/2020 12:30,-131,46.4,,,
1/7/2020 12:35,-111,51.4,,,
1/7/2020 12:40,-34,53.6,,,
1/7/2020 12:45,-47,49.8,,,
1/7/2020 12:50,-40,57.1,,,
1/7/2020 12:55,-126,55.5,,,
1/7/2020 13:00,-121,51.8,,,
1/7/2020 13:05,-70,54.1,,,
1/7/2020 13:10,-85,48.2,,,
1/7/2020 13:15,-41,50,,,
1/7/2020 13:20,-170,51.8,,,
1/7/2020 13:25,-136,54.7,,,
1/7/2020 13:30,-67,52,,,
1/7/2020 13:35,-52,53.4,,,
1/7/2020 13:40,-335,66,,,
1/7/2020 13:45,-312,60.7,,,
1/7/2020 13:50,-257,61.4,,,
1/7/2020 13:55,-335,64.9,,,
1/7/2020 14:00,-378,59,,,
1/7/2020 14:05,-382,53.2,,,
1/7/2020 14:10,-274,56.3,,,
1/7/2020 14:15,-257,54.8,,,
1/7/2020 14:20,-283,65.5,,,
1/7/2020 14:25,-326,63.2,,,
1/7/2020 14:30,-316,55.1,,,
1/7/2020 14:35,-253,59,,,
1/7/2020 14:40,-328,55.4,,,
1/7/2020 14:45,-335,58.6,,,
1/7/2020 14:50,-262,52.4,,,
1/7/2020 14:55,-243,56,,,
1/7/2020 15:00,-223,53.4,,,
1/7/2020 15:05,-265,60.9,,,
1/7/2020 15:10,-166,57.6,,,
1/7/2020 15:15,-137,51.8,,,
1/7/2020 15:20,-214,50.7,,,
1/7/2020 15:25,-85,46.3,,,
1/7/2020 15:30,-144,44.7,,,
1/7/2020 15:35,2.35,43.8,,,
1/7/2020 15:40,44,46.6,,,
1/7/2020 15:45,43.2,81.6,,,
1/7/2020 15:50,82.3,63.5,,,
1/7/2020 15:55,133,62.6,,,
1/7/2020 16:00,142,50.1,,,
1/7/2020 16:05,118,74,,,
1/7/2020 16:10,107,54.7,,,
1/7/2020 16:15,186,62.4,,,
1/7/2020 16:20,272,50.8,,,
1/7/2020 16:25,288,91.1,,,
1/7/2020 16:30,289,67.2,,,
1/7/2020 16:35,244,53.2,,,
1/7/2020 16:40,284,62.8,,,
1/7/2020 16:45,298,55.3,,,
1/7/2020 16:50,309,62.1,,,
1/7/2020 16:55,310,60.1,,,
1/7/2020 17:00,312,59.8,,,
1/7/2020 17:05,288,65.1,,,
1/7/2020 17:10,317,59.9,,,
1/7/2020 17:15,316,60.1,,,
1/7/2020 17:20,295,61.5,,,
1/7/2020 17:25,263,69.4,,,
1/7/2020 17:30,324,67.2,,,
1/7/2020 17:35,324,61.1,,,
1/7/2020 17:40,317,58.3,,,
1/7/2020 17:45,301,58.9,,,
1/7/2020 17:50,294,64.9,,,
1/7/2020 17:55,296,63.9,,,
1/7/2020 18:00,312,62,,,
1/7/2020 18:05,327,55.3,,,
1/7/2020 18:10,207,50.7,,,
1/7/2020 18:15,247,52.3,,,
1/7/2020 18:20,296,52.9,,,
1/7/2020 18:25,308,58.8,,,
1/7/2020 18:30,297,50.3,,,
1/7/2020 18:35,295,52.5,,,
1/7/2020 18:40,302,51.6,,,
1/7/2020 18:45,293,51.4,,,
1/7/2020 18:50,322,49.6,,,
1/7/2020 18:55,294,52,,,
1/7/2020 19:00,235,51.2,,,
1/7/2020 19:05,290,50.4,,,
1/7/2020 19:10,282,49.2,,,
1/7/2020 19:15,300,56.6,,,
1/7/2020 19:20,286,56.8,,,
1/7/2020 19:25,222,48.2,,,
1/7/2020 19:30,197,49.1,,,
1/7/2020 19:35,312,49.6,,,
1/7/2020 19:40,246,47.8,,,
1/7/2020 19:45,252,53.1,,,
1/7/2020 19:50,191,48.1,,,
1/7/2020 19:55,278,49,,,
1/7/2020 20:00,267,53,,,
1/7/2020 20:05,254,53.1,,,
1/7/2020 20:10,281,54.9,,,
1/7/2020 20:15,301,63.6,,,
1/7/2020 20:20,307,54.3,,,
1/7/2020 20:25,284,51.2,,,
1/7/2020 20:30,273,49.3,,,
1/7/2020 20:35,209,45.9,,,
1/7/2020 20:40,279,45,,,
1/7/2020 20:45,294,49.4,,,
1/7/2020 20:50,248,48.1,,,
1/7/2020 20:55,199,47.2,,,
1/7/2020 21:00,296,47.6,,,
1/7/2020 21:05,246,47.8,,,
1/7/2020 21:10,212,47.5,,,
1/7/2020 21:15,301,54.7,,,
1/7/2020 21:20,184,48.6,,,
1/7/2020 21:25,265,48.7,,,
1/7/2020 21:30,283,48,,,
1/7/2020 21:35,190,47.4,,,
1/7/2020 21:40,292,49.6,,,
1/7/2020 21:45,238,52.1,,,
1/7/2020 21:50,193,52.3,,,
1/7/2020 21:55,248,55,,,
1/7/2020 22:00,293,50.7,,,
1/7/2020 22:05,286,58,,,
1/7/2020 22:10,280,59.9,,,
1/7/2020 22:15,233,53.1,,,
1/7/2020 22:20,244,53.4,,,
1/7/2020 22:25,276,51.4,,,
1/7/2020 22:30,186,52.7,,,
1/7/2020 22:35,183,53.6,,,
1/7/2020 22:40,288,54.1,,,
1/7/2020 22:45,314,54.8,,,
1/7/2020 22:50,282,56,,,
1/7/2020 22:55,264,55.3,,,
1/7/2020 23:00,293,54.7,,,
1/7/2020 23:05,330,59.8,,,
1/7/2020 23:10,285,57.6,,,
1/7/2020 23:15,201,63.6,,,
1/7/2020 23:20,291,59.9,,,
1/7/2020 23:25,302,53.7,,,
1/7/2020 23:30,290,52.7,,,
1/7/2020 23:35,303,54.7,,,
1/7/2020 23:40,286,54.1,,,
1/7/2020 23:45,275,52.2,,,
1/7/2020 23:50,335,54.8,,,
1/7/2020 23:55,204,55.6,,,
1/8/2020 0:00,293,58.7,,,
1/8/2020 0:05,230,57,,,
1/8/2020 0:10,294,56.4,,,
1/8/2020 0:15,274,56,,,
1/8/2020 0:20,233,59.6,,,
1/8/2020 0:25,293,57.6,,,
1/8/2020 0:30,317,52.7,,,
1/8/2020 0:35,300,59.1,,,
1/8/2020 0:40,288,50.9,,,
1/8/2020 0:45,303,52.2,,,
1/8/2020 0:50,272,51.4,,,
1/8/2020 0:55,191,50.4,,,
1/8/2020 1:00,272,52.3,,,
1/8/2020 1:05,304,50.8,,,
1/8/2020 1:10,310,51.2,,,
1/8/2020 1:15,285,50.6,,,
1/8/2020 1:20,319,52.9,,,
1/8/2020 1:25,289,53.1,,,
1/8/2020 1:30,203,49.8,,,
1/8/2020 1:35,280,51.4,,,
1/8/2020 1:40,296,63.3,,,
1/8/2020 1:45,280,57.6,,,
1/8/2020 1:50,233,53.9,,,
1/8/2020 1:55,306,54.9,,,
1/8/2020 2:00,292,53,,,
1/8/2020 2:05,285,52,,,
1/8/2020 2:10,251,54.8,,,
1/8/2020 2:15,207,51.9,,,
1/8/2020 2:20,333,53.5,,,
1/8/2020 2:25,284,54.3,,,
1/8/2020 2:30,241,52.7,,,
1/8/2020 2:35,288,52.1,,,
1/8/2020 2:40,311,62.8,,,
1/8/2020 2:45,290,61.8,,,
1/8/2020 2:50,291,52.5,,,
1/8/2020 2:55,289,54.6,,,
1/8/2020 3:00,223,53.3,,,
1/8/2020 3:05,294,53.5,,,
1/8/2020 3:10,306,52.2,,,
1/8/2020 3:15,313,54.4,,,
1/8/2020 3:20,272,54.4,,,
1/8/2020 3:25,277,53.3,,,
1/8/2020 3:30,301,50.9,,,
1/8/2020 3:35,310,55.1,,,
1/8/2020 3:40,251,55.8,,,
1/8/2020 3:45,316,58.8,,,
1/8/2020 3:50,326,58.6,,,
1/8/2020 3:55,320,51.5,,,
1/8/2020 4:00,306,52.8,,,
1/8/2020 4:05,204,50.3,,,
1/8/2020 4:10,319,51.3,,,
1/8/2020 4:15,304,52.5,,,
1/8/2020 4:20,306,52.6,,,
1/8/2020 4:25,294,51.3,,,
1/8/2020 4:30,321,52.3,,,
1/8/2020 4:35,288,50.9,,,
1/8/2020 4:40,320,52.4,,,
1/8/2020 4:45,309,52.8,,,
1/8/2020 4:50,336,53,,,
1/8/2020 4:55,312,51.7,,,
1/8/2020 5:00,336,59.8,,,
1/8/2020 5:05,385,58.8,,,
1/8/2020 5:10,392,50.4,,,
1/8/2020 5:15,383,51.4,,,
1/8/2020 5:20,345,49.1,,,
1/8/2020 5:25,366,49.4,,,
1/8/2020 5:30,328,51.7,,,
1/8/2020 5:35,257,46.5,,,
1/8/2020 5:40,297,59.8,,,
1/8/2020 5:45,328,52.3,,,
1/8/2020 5:50,336,51.9,,,
1/8/2020 5:55,331,49.2,,,
1/8/2020 6:00,368,53.3,,,
1/8/2020 6:05,421,55.9,,,
1/8/2020 6:10,324,56.2,,,
1/8/2020 6:15,314,52.9,,,
1/8/2020 6:20,370,59.3,,,
1/8/2020 6:25,415,60.2,,,
1/8/2020 6:30,387,56.4,,,
1/8/2020 6:35,335,56,,,
1/8/2020 6:40,377,57.3,,,
1/8/2020 6:45,414,60.2,,,
1/8/2020 6:50,316,63,,,
1/8/2020 6:55,322,52.4,,,
1/8/2020 7:00,389,55.2,,,
1/8/2020 7:05,305,51.7,,,
1/8/2020 7:10,311,52.7,,,
1/8/2020 7:15,408,52.4,,,
1/8/2020 7:20,484,56.4,,,
1/8/2020 7:25,433,48.5,,,
1/8/2020 7:30,389,56.7,,,
1/8/2020 7:35,375,50.3,,,
1/8/2020 7:40,437,51.9,,,
1/8/2020 7:45,379,44.9,,,
1/8/2020 7:50,370,42,,,
1/8/2020 7:55,367,40.5,,,
1/8/2020 8:00,370,40.8,,,
1/8/2020 8:05,296,45.1,,,
1/8/2020 8:10,320,41.3,,,
1/8/2020 8:15,376,38.6,,,
1/8/2020 8:20,291,44.1,,,
1/8/2020 8:25,169,43.6,,,
1/8/2020 8:30,143,48,,,
1/8/2020 8:35,93.5,54.7,,,
1/8/2020 8:40,-21,54,,,
1/8/2020 8:45,11.5,63.5,,,
1/8/2020 8:50,-24,47.3,,,
1/8/2020 8:55,-31,58.6,,,
1/8/2020 9:00,-30,41.4,,,
1/8/2020 9:05,-20,41.7,,,
1/8/2020 9:10,-43,42.6,,,
1/8/2020 9:15,-121,43.1,,,
1/8/2020 9:20,-110,46.2,,,
1/8/2020 9:25,-108,45.7,,,
1/8/2020 9:30,-83,51.4,,,
1/8/2020 9:35,-103,43.7,,,
1/8/2020 9:40,-181,42.7,,,
1/8/2020 9:45,-88,48.2,,,
1/8/2020 9:50,-146,53.8,,,
1/8/2020 9:55,-76,52.4,,,
1/8/2020 10:00,-92,45.8,,,
1/8/2020 10:05,-119,58.6,,,
1/8/2020 10:10,-165,51.6,,,
1/8/2020 10:15,-65,57.4,,,
1/8/2020 10:20,-71,55.8,,,
1/8/2020 10:25,-132,54.9,,,
1/8/2020 10:30,-71,57.9,,,
1/8/2020 10:35,-65,48.9,,,
1/8/2020 10:40,-140,47.6,,,
1/8/2020 10:45,-137,52.3,,,
1/8/2020 10:50,-65,51.9,,,
1/8/2020 10:55,-167,47.5,,,
1/8/2020 11:00,-62,51.1,,,
1/8/2020 11:05,-81,52.3,,,
1/8/2020 11:10,-163,55,,,
1/8/2020 11:15,-120,48.2,,,
1/8/2020 11:20,-181,49.2,,,
1/8/2020 11:25,-176,50.3,,,
1/8/2020 11:30,-145,49.4,,,
1/8/2020 11:35,-109,45.9,,,
1/8/2020 11:40,-190,43.9,,,
1/8/2020 11:45,-156,50,,,
1/8/2020 11:50,-102,50.7,,,
1/8/2020 11:55,-186,56.3,,,
1/8/2020 12:00,-113,43.7,,,
1/8/2020 12:05,-132,49.6,,,
1/8/2020 12:10,-215,45.9,,,
1/8/2020 12:15,-6.7,49.8,,,
1/8/2020 12:20,-147,49.9,,,
1/8/2020 12:25,-61,48.1,,,
1/8/2020 12:30,-123,46.4,,,
1/8/2020 12:35,-237,67.6,,,
1/8/2020 12:40,-103,55.9,,,
1/8/2020 12:45,61.9,40.2,,,
1/8/2020 12:50,64.1,42.1,,,
1/8/2020 12:55,26.7,41.1,,,
1/8/2020 13:00,128,41.6,,,
1/8/2020 13:05,30.9,55.5,,,
1/8/2020 13:10,-236,51.7,,,
1/8/2020 13:15,-173,54.8,,,
1/8/2020 13:20,-87,61.6,,,
1/8/2020 13:25,-219,47.4,,,
1/8/2020 13:30,7.01,57.6,,,
1/8/2020 13:35,-289,61,,,
1/8/2020 13:40,-277,53.7,,,
1/8/2020 13:45,-218,56.7,,,
1/8/2020 13:50,-230,55.4,,,
1/8/2020 13:55,-216,74.8,,,
1/8/2020 14:00,-311,70.5,,,
1/8/2020 14:05,-309,61.6,,,
1/8/2020 14:10,-319,58.9,,,
1/8/2020 14:15,-305,60.8,,,
1/8/2020 14:20,-247,62.2,,,
1/8/2020 14:25,-258,58.1,,,
1/8/2020 14:30,-335,60.8,,,
1/8/2020 14:35,-338,55.6,,,
1/8/2020 14:40,-272,66.6,,,
1/8/2020 14:45,-242,58.6,,,
1/8/2020 14:50,-280,56.8,,,
1/8/2020 14:55,-313,57.6,,,
1/8/2020 15:00,-196,53.6,,,
1/8/2020 15:05,-213,57.5,,,
1/8/2020 15:10,-212,54.8,,,
1/8/2020 15:15,-216,56.7,,,
1/8/2020 15:20,-158,60,,,
1/8/2020 15:25,246,68.4,,,
1/8/2020 15:30,62.1,56.7,,,
1/8/2020 15:35,-90,54.7,,,
1/8/2020 15:40,43.5,56.1,,,
1/8/2020 15:45,84.5,48.7,,,
1/8/2020 15:50,87.1,78.6,,,
1/8/2020 15:55,136,78.2,,,
1/8/2020 16:00,74.5,71.3,,,
1/8/2020 16:05,89.5,84.1,,,
1/8/2020 16:10,176,84.5,,,
1/8/2020 16:15,244,82.5,,,
1/8/2020 16:20,263,47.4,,,
1/8/2020 16:25,280,118,,,
1/8/2020 16:30,275,125,,,
1/8/2020 16:35,274,41.8,,,
1/8/2020 16:40,243,58,,,
1/8/2020 16:45,220,61,,,
1/8/2020 16:50,223,54.7,,,
1/8/2020 16:55,329,58.1,,,
1/8/2020 17:00,308,50.2,,,
1/8/2020 17:05,243,54.6,,,
1/8/2020 17:10,293,64.3,,,
1/8/2020 17:15,304,55.7,,,
1/8/2020 17:20,275,61.1,,,
1/8/2020 17:25,352,66.6,,,
1/8/2020 17:30,317,73.9,,,
1/8/2020 17:35,267,62.7,,,
1/8/2020 17:40,316,59.8,,,
1/8/2020 17:45,334,60.2,,,
1/8/2020 17:50,305,64.3,,,
1/8/2020 17:55,312,57.4,,,
1/8/2020 18:00,340,55.2,,,
1/8/2020 18:05,238,48.2,,,
1/8/2020 18:10,282,49.6,,,
1/8/2020 18:15,370,52.3,,,
1/8/2020 18:20,336,51.4,,,
1/8/2020 18:25,286,68.1,,,
1/8/2020 18:30,272,58,,,
1/8/2020 18:35,299,62.3,,,
1/8/2020 18:40,315,60.5,,,
1/8/2020 18:45,306,56.3,,,
1/8/2020 18:50,309,57.5,,,
1/8/2020 18:55,307,61.2,,,
1/8/2020 19:00,300,59.8,,,
1/8/2020 19:05,248,63.3,,,
1/8/2020 19:10,247,58.5,,,
1/8/2020 19:15,315,59.5,,,
1/8/2020 19:20,291,58.8,,,
1/8/2020 19:25,265,58.2,,,
1/8/2020 19:30,232,61.5,,,
1/8/2020 19:35,281,57.3,,,
1/8/2020 19:40,314,66,,,
1/8/2020 19:45,293,60.5,,,
1/8/2020 19:50,299,59.4,,,
1/8/2020 19:55,333,58,,,
1/8/2020 20:00,298,63,,,
1/8/2020 20:05,265,61.5,,,
1/8/2020 20:10,221,67.4,,,
1/8/2020 20:15,253,60.1,,,
1/8/2020 20:20,301,68.9,,,
1/8/2020 20:25,312,61.2,,,
1/8/2020 20:30,291,66.6,,,
1/8/2020 20:35,193,61.1,,,
1/8/2020 20:40,339,63.9,,,
1/8/2020 20:45,289,59,,,
1/8/2020 20:50,295,57.9,,,
1/8/2020 20:55,260,57.1,,,
1/8/2020 21:00,325,64.6,,,
1/8/2020 21:05,290,61.3,,,
1/8/2020 21:10,204,59.3,,,
1/8/2020 21:15,275,63.8,,,
1/8/2020 21:20,318,47.8,,,
1/8/2020 21:25,289,57.5,,,
1/8/2020 21:30,232,50.6,,,
1/8/2020 21:35,312,56.7,,,
1/8/2020 21:40,307,60,,,
1/8/2020 21:45,255,59.9,,,
1/8/2020 21:50,260,58.2,,,
1/8/2020 21:55,321,66.4,,,
1/8/2020 22:00,332,59.1,,,
1/8/2020 22:05,260,64.4,,,
1/8/2020 22:10,303,66.1,,,
1/8/2020 22:15,305,57.8,,,
1/8/2020 22:20,307,61.5,,,
1/8/2020 22:25,304,58.4,,,
1/8/2020 22:30,245,55.7,,,
1/8/2020 22:35,271,43.5,,,
1/8/2020 22:40,237,48.6,,,
1/8/2020 22:45,298,47.1,,,
1/8/2020 22:50,267,51.1,,,
1/8/2020 22:55,291,56.9,,,
1/8/2020 23:00,293,56.6,,,
1/8/2020 23:05,291,62.5,,,
1/8/2020 23:10,280,48.3,,,
1/8/2020 23:15,325,53.3,,,
1/8/2020 23:20,298,50.1,,,
1/8/2020 23:25,291,52.7,,,
1/8/2020 23:30,302,51.2,,,
1/8/2020 23:35,300,48.4,,,
1/8/2020 23:40,264,52.1,,,
1/8/2020 23:45,340,59.7,,,
1/8/2020 23:50,293,62.6,,,
1/8/2020 23:55,313,56.4,,,
1/9/2020 0:00,299,65.8,,,
1/9/2020 0:05,319,62.1,,,
1/9/2020 0:10,315,57.4,,,
1/9/2020 0:15,255,58.2,,,
1/9/2020 0:20,265,58.6,,,
1/9/2020 0:25,307,56.3,,,
1/9/2020 0:30,328,52.7,,,
1/9/2020 0:35,255,53.3,,,
1/9/2020 0:40,324,71.2,,,
1/9/2020 0:45,259,65.7,,,
1/9/2020 0:50,266,60,,,
1/9/2020 0:55,335,55.7,,,
1/9/2020 1:00,355,49.1,,,
1/9/2020 1:05,284,47.5,,,
1/9/2020 1:10,288,55.2,,,
1/9/2020 1:15,308,47.3,,,
1/9/2020 1:20,285,61.9,,,
1/9/2020 1:25,347,62.1,,,
1/9/2020 1:30,376,66.4,,,
1/9/2020 1:35,309,54.2,,,
1/9/2020 1:40,359,66.7,,,
1/9/2020 1:45,276,52.5,,,
1/9/2020 1:50,268,53.5,,,
1/9/2020 1:55,312,72,,,
1/9/2020 2:00,340,61,,,
1/9/2020 2:05,310,70.7,,,
1/9/2020 2:10,336,67.3,,,
1/9/2020 2:15,228,48.5,,,
1/9/2020 2:20,256,52.7,,,
1/9/2020 2:25,337,53.8,,,
1/9/2020 2:30,348,62.3,,,
1/9/2020 2:35,341,67.4,,,
1/9/2020 2:40,312,47.2,,,
1/9/2020 2:45,334,60.1,,,
1/9/2020 2:50,333,49.3,,,
1/9/2020 2:55,330,47.6,,,
1/9/2020 3:00,252,51,,,
1/9/2020 3:05,306,48.8,,,
1/9/2020 3:10,355,63.5,,,
1/9/2020 3:15,368,71.2,,,
1/9/2020 3:20,319,57.2,,,
1/9/2020 3:25,319,58.9,,,
1/9/2020 3:30,289,57.4,,,
1/9/2020 3:35,297,60,,,
1/9/2020 3:40,378,60.9,,,
1/9/2020 3:45,371,60.9,,,
1/9/2020 3:50,333,61.1,,,
1/9/2020 3:55,419,61.5,,,
1/9/2020 4:00,327,60.6,,,
1/9/2020 4:05,379,68,,,
1/9/2020 4:10,397,47.5,,,
1/9/2020 4:15,412,50.2,,,
1/9/2020 4:20,378,45.1,,,
1/9/2020 4:25,311,58.6,,,
1/9/2020 4:30,386,58.4,,,
1/9/2020 4:35,301,46.2,,,
1/9/2020 4:40,342,48.6,,,
1/9/2020 4:45,349,47.3,,,
1/9/2020 4:50,299,54.6,,,
1/9/2020 4:55,385,54.6,,,
1/9/2020 5:00,436,53.6,,,
1/9/2020 5:05,412,52,,,
1/9/2020 5:10,475,51.8,,,
1/9/2020 5:15,403,49.9,,,
1/9/2020 5:20,394,47,,,
1/9/2020 5:25,476,47.8,,,
1/9/2020 5:30,389,43.6,,,
1/9/2020 5:35,338,41.7,,,
1/9/2020 5:40,418,52.6,,,
1/9/2020 5:45,351,45.9,,,
1/9/2020 5:50,346,55.9,,,
1/9/2020 5:55,371,44.4,,,
1/9/2020 6:00,341,44.6,,,
1/9/2020 6:05,335,46.9,,,
1/9/2020 6:10,325,58.5,,,
1/9/2020 6:15,352,57.2,,,
1/9/2020 6:20,386,57.1,,,
1/9/2020 6:25,394,63.9,,,
1/9/2020 6:30,456,70.6,,,
1/9/2020 6:35,393,66,,,
1/9/2020 6:40,384,50.4,,,
1/9/2020 6:45,445,63.4,,,
1/9/2020 6:50,382,60.3,,,
1/9/2020 6:55,458,61.3,,,
1/9/2020 7:00,476,59,,,
1/9/2020 7:05,441,61.3,,,
1/9/2020 7:10,390,64.4,,,
1/9/2020 7:15,440,69.1,,,
1/9/2020 7:20,438,61.5,,,
1/9/2020 7:25,364,57.6,,,
1/9/2020 7:30,427,57.7,,,
1/9/2020 7:35,422,55.3,,,
1/9/2020 7:40,414,56.5,,,
1/9/2020 7:45,440,46.8,,,
1/9/2020 7:50,459,45,,,
1/9/2020 7:55,366,51.3,,,
1/9/2020 8:00,316,44.1,,,
1/9/2020 8:05,359,39.9,,,
1/9/2020 8:10,290,38.1,,,
1/9/2020 8:15,294,35.8,,,
1/9/2020 8:20,225,35.2,,,
1/9/2020 8:25,204,32.9,,,
1/9/2020 8:30,210,37.4,,,
1/9/2020 8:35,121,38.5,,,
1/9/2020 8:40,166,38.3,,,
1/9/2020 8:45,60.6,39.7,,,
1/9/2020 8:50,-15,52.1,,,
1/9/2020 8:55,16.4,49.4,,,
1/9/2020 9:00,-23,58.8,,,
1/9/2020 9:05,-2.6,54.5,,,
1/9/2020 9:10,-10,55.1,,,
1/9/2020 9:15,-79,53,,,
1/9/2020 9:20,-8.8,57.5,,,
1/9/2020 9:25,-41,70.5,,,
1/9/2020 9:30,-73,72.3,,,
1/9/2020 9:35,-31,66.7,,,
1/9/2020 9:40,-23,69,,,
1/9/2020 9:45,-102,64.2,,,
1/9/2020 9:50,-78,66.8,,,
1/9/2020 9:55,-16,71.9,,,
1/9/2020 10:00,-59,62.8,,,
1/9/2020 10:05,-112,55,,,
1/9/2020 10:10,-132,51.6,,,
1/9/2020 10:15,-100,62.8,,,
1/9/2020 10:20,-37,60.8,,,
1/9/2020 10:25,-84,60.2,,,
1/9/2020 10:30,-57,60.5,,,
1/9/2020 10:35,-42,70.1,,,
1/9/2020 10:40,-138,54.4,,,
1/9/2020 10:45,-95,57.9,,,
1/9/2020 10:50,-33,51.6,,,
1/9/2020 10:55,-54,59.9,,,
1/9/2020 11:00,-29,45.3,,,
1/9/2020 11:05,-31,66.3,,,
1/9/2020 11:10,1.23,68.8,,,
1/9/2020 11:15,-139,55.1,,,
1/9/2020 11:20,-25,60.7,,,
1/9/2020 11:25,-121,53.7,,,
1/9/2020 11:30,-82,60.6,,,
1/9/2020 11:35,-40,48.8,,,
1/9/2020 11:40,-75,50.6,,,
1/9/2020 11:45,-67,48,,,
1/9/2020 11:50,-32,46.8,,,
1/9/2020 11:55,-93,41,,,
1/9/2020 12:00,-170,40.5,,,
1/9/2020 12:05,-108,44.9,,,
1/9/2020 12:10,-67,37.5,,,
1/9/2020 12:15,-138,44.4,,,
1/9/2020 12:20,-93,46.3,,,
1/9/2020 12:25,-70,57.4,,,
1/9/2020 12:30,-149,48.3,,,
1/9/2020 12:35,-154,50.7,,,
1/9/2020 12:40,-74,50,,,
1/9/2020 12:45,-194,47.9,,,
1/9/2020 12:50,-151,46.7,,,
1/9/2020 12:55,-90,59.4,,,
1/9/2020 13:00,-126,52.9,,,
1/9/2020 13:05,-165,54.9,,,
1/9/2020 13:10,-220,49.6,,,
1/9/2020 13:15,89.3,42.6,,,
1/9/2020 13:20,-123,43,,,
1/9/2020 13:25,149,37,,,
1/9/2020 13:30,-129,46.3,,,
1/9/2020 13:35,135,42.7,,,
1/9/2020 13:40,35.8,35.1,,,
1/9/2020 13:45,82.1,35.5,,,
1/9/2020 13:50,-10,46.6,,,
1/9/2020 13:55,-84,35.3,,,
1/9/2020 14:00,-131,37.9,,,
1/9/2020 14:05,-219,40.6,,,
1/9/2020 14:10,-93,41.1,,,
1/9/2020 14:15,-7.1,38.1,,,
1/9/2020 14:20,-40,46.3,,,
1/9/2020 14:25,130,32.3,,,
1/9/2020 14:30,193,30.1,,,
1/9/2020 14:35,284,44.6,,,
1/9/2020 14:40,326,47.6,,,
1/9/2020 14:45,312,46.3,,,
1/9/2020 14:50,256,36.7,,,
1/9/2020 14:55,233,30,,,
1/9/2020 15:00,334,38,,,
1/9/2020 15:05,255,35,,,
1/9/2020 15:10,281,40.1,,,
1/9/2020 15:15,297,37.4,,,
1/9/2020 15:20,341,38.2,,,
1/9/2020 15:25,298,34.5,,,
1/9/2020 15:30,241,38.4,,,
1/9/2020 15:35,263,30.7,,,
1/9/2020 15:40,279,31.9,,,
1/9/2020 15:45,323,29.9,,,
1/9/2020 15:50,351,35.6,,,
1/9/2020 15:55,266,34.2,,,
1/9/2020 16:00,268,38.7,,,
1/9/2020 16:05,288,44.3,,,
1/9/2020 16:10,351,40.9,,,
1/9/2020 16:15,360,41.8,,,
1/9/2020 16:20,309,84.9,,,
1/9/2020 16:25,269,71.2,,,
1/9/2020 16:30,299,101,,,
1/9/2020 16:35,264,54,,,
1/9/2020 16:40,332,64.1,,,
1/9/2020 16:45,351,58.2,,,
1/9/2020 16:50,379,69,,,
1/9/2020 16:55,318,57.6,,,
1/9/2020 17:00,395,60.9,,,
1/9/2020 17:05,348,50.5,,,
1/9/2020 17:10,272,52.1,,,
1/9/2020 17:15,332,56.4,,,
1/9/2020 17:20,407,61.6,,,
1/9/2020 17:25,419,67.4,,,
1/9/2020 17:30,365,58.6,,,
1/9/2020 17:35,360,67.2,,,
1/9/2020 17:40,425,65.1,,,
1/9/2020 17:45,422,62.1,,,
1/9/2020 17:50,400,61.7,,,
1/9/2020 17:55,281,48.7,,,
1/9/2020 18:00,383,50.9,,,
1/9/2020 18:05,340,46.5,,,
1/9/2020 18:10,344,43.6,,,
1/9/2020 18:15,357,43.8,,,
1/9/2020 18:20,337,51.6,,,
1/9/2020 18:25,349,52.3,,,
1/9/2020 18:30,343,44.8,,,
1/9/2020 18:35,372,49.2,,,
1/9/2020 18:40,299,48.9,,,
1/9/2020 18:45,284,42.1,,,
1/9/2020 18:50,303,44.6,,,
1/9/2020 18:55,318,46.4,,,
1/9/2020 19:00,364,46.2,,,
1/9/2020 19:05,379,51.6,,,
1/9/2020 19:10,344,52.9,,,
1/9/2020 19:15,367,46.2,,,
1/9/2020 19:20,328,46.3,,,
1/9/2020 19:25,262,47.1,,,
1/9/2020 19:30,316,45.6,,,
1/9/2020 19:35,324,47.4,,,
1/9/2020 19:40,221,48.3,,,
1/9/2020 19:45,234,46.1,,,
1/9/2020 19:50,278,45.1,,,
1/9/2020 19:55,349,48.2,,,
1/9/2020 20:00,293,53,,,
1/9/2020 20:05,298,46.2,,,
1/9/2020 20:10,235,49.5,,,
1/9/2020 20:15,333,47.2,,,
1/9/2020 20:20,320,48.5,,,
1/9/2020 20:25,290,51,,,
1/9/2020 20:30,347,52.1,,,
1/9/2020 20:35,302,47.2,,,
1/9/2020 20:40,314,47.2,,,
1/9/2020 20:45,281,46.5,,,
1/9/2020 20:50,336,54.1,,,
1/9/2020 20:55,222,48.7,,,
1/9/2020 21:00,297,55.7,,,
1/9/2020 21:05,292,47.3,,,
1/9/2020 21:10,295,48.2,,,
1/9/2020 21:15,286,47.2,,,
1/9/2020 21:20,319,47.6,,,
1/9/2020 21:25,293,49.5,,,
1/9/2020 21:30,192,45.5,,,
1/9/2020 21:35,286,54.1,,,
1/9/2020 21:40,280,47.4,,,
1/9/2020 21:45,322,47.7,,,
1/9/2020 21:50,287,47.7,,,
1/9/2020 21:55,283,51.5,,,
1/9/2020 22:00,257,51.4,,,
1/9/2020 22:05,272,38.7,,,
1/9/2020 22:10,320,41.3,,,
1/9/2020 22:15,351,51.8,,,
1/9/2020 22:20,306,44.7,,,
1/9/2020 22:25,290,41.6,,,
1/9/2020 22:30,343,42.7,,,
1/9/2020 22:35,299,41.8,,,
1/9/2020 22:40,263,39.5,,,
1/9/2020 22:45,311,44.6,,,
1/9/2020 22:50,263,49.5,,,
1/9/2020 22:55,297,42.6,,,
1/9/2020 23:00,336,47.6,,,
1/9/2020 23:05,288,61,,,
1/9/2020 23:10,292,44.3,,,
1/9/2020 23:15,261,59.2,,,
1/9/2020 23:20,317,59,,,
1/9/2020 23:25,342,61.9,,,
1/9/2020 23:30,300,71.5,,,
1/9/2020 23:35,342,48.8,,,
1/9/2020 23:40,389,47.5,,,
1/9/2020 23:45,290,47.5,,,
1/9/2020 23:50,360,59,,,
1/9/2020 23:55,335,59.4,,,
1/10/2020 0:00,317,62,,,
1/10/2020 0:05,268,58.2,,,
1/10/2020 0:10,357,56.6,,,
1/10/2020 0:15,393,66.2,,,
1/10/2020 0:20,281,58.3,,,
1/10/2020 0:25,309,61.6,,,
1/10/2020 0:30,360,53.3,,,
1/10/2020 0:35,290,48.3,,,
1/10/2020 0:40,328,48.8,,,
1/10/2020 0:45,387,50.3,,,
1/10/2020 0:50,387,52.1,,,
1/10/2020 0:55,340,52.7,,,
1/10/2020 1:00,284,51.9,,,
1/10/2020 1:05,367,52.7,,,
1/10/2020 1:10,379,47.9,,,
1/10/2020 1:15,273,46.2,,,
1/10/2020 1:20,275,47.3,,,
1/10/2020 1:25,400,47.7,,,
1/10/2020 1:30,269,53.2,,,
1/10/2020 1:35,374,47.1,,,
1/10/2020 1:40,281,46.7,,,
1/10/2020 1:45,332,47.3,,,
1/10/2020 1:50,358,50.2,,,
1/10/2020 1:55,340,49.1,,,
1/10/2020 2:00,305,51.3,,,
1/10/2020 2:05,354,48.7,,,
1/10/2020 2:10,435,59.4,,,
1/10/2020 2:15,308,62.5,,,
1/10/2020 2:20,391,64.9,,,
1/10/2020 2:25,416,62.3,,,
1/10/2020 2:30,285,61.9,,,
1/10/2020 2:35,339,65.7,,,
1/10/2020 2:40,405,63.7,,,
1/10/2020 2:45,376,61.1,,,
1/10/2020 2:50,323,63.1,,,
1/10/2020 2:55,452,71.1,,,
1/10/2020 3:00,306,63.1,,,
1/10/2020 3:05,281,49,,,
1/10/2020 3:10,406,64.1,,,
1/10/2020 3:15,372,64.7,,,
1/10/2020 3:20,291,61.6,,,
1/10/2020 3:25,342,62.2,,,
1/10/2020 3:30,382,55.8,,,
1/10/2020 3:35,422,51.5,,,
1/10/2020 3:40,409,50.2,,,
1/10/2020 3:45,314,47,,,
1/10/2020 3:50,416,49.8,,,
1/10/2020 3:55,394,61.5,,,
1/10/2020 4:00,347,50.6,,,
1/10/2020 4:05,444,65.3,,,
1/10/2020 4:10,372,59.3,,,
1/10/2020 4:15,356,67.4,,,
1/10/2020 4:20,476,61.6,,,
1/10/2020 4:25,324,56.4,,,
1/10/2020 4:30,302,59.5,,,
1/10/2020 4:35,430,63,,,
1/10/2020 4:40,306,59,,,
1/10/2020 4:45,293,57.4,,,
1/10/2020 4:50,420,67.1,,,
1/10/2020 4:55,373,59.7,,,
1/10/2020 5:00,356,63,,,
1/10/2020 5:05,403,61.8,,,
1/10/2020 5:10,390,57,,,
1/10/2020 5:15,419,56.9,,,
1/10/2020 5:20,454,57.7,,,
1/10/2020 5:25,352,57.2,,,
1/10/2020 5:30,377,54.7,,,
1/10/2020 5:35,427,62.6,,,
1/10/2020 5:40,445,59.1,,,
1/10/2020 5:45,437,58.9,,,
1/10/2020 5:50,449,58.9,,,
1/10/2020 5:55,319,55.8,,,
1/10/2020 6:00,369,56.5,,,
1/10/2020 6:05,409,58.1,,,
1/10/2020 6:10,439,69,,,
1/10/2020 6:15,379,59.7,,,
1/10/2020 6:20,382,62.2,,,
1/10/2020 6:25,421,58.2,,,
1/10/2020 6:30,500,60.2,,,
1/10/2020 6:35,498,60.7,,,
1/10/2020 6:40,518,60,,,
1/10/2020 6:45,518,58.4,,,
1/10/2020 6:50,451,56.2,,,
1/10/2020 6:55,453,61.6,,,
1/10/2020 7:00,452,70,,,
1/10/2020 7:05,476,57.4,,,
1/10/2020 7:10,525,63,,,
1/10/2020 7:15,362,55.3,,,
1/10/2020 7:20,472,58,,,
1/10/2020 7:25,518,57.1,,,
1/10/2020 7:30,466,58.7,,,
1/10/2020 7:35,505,47.5,,,
1/10/2020 7:40,398,44.8,,,
1/10/2020 7:45,435,43.8,,,
1/10/2020 7:50,496,45.3,,,
1/10/2020 7:55,447,40.3,,,
1/10/2020 8:00,407,41.5,,,
1/10/2020 8:05,421,44,,,
1/10/2020 8:10,402,52.7,,,
1/10/2020 8:15,438,41.8,,,
1/10/2020 8:20,393,38.7,,,
1/10/2020 8:25,181,35.6,,,
1/10/2020 8:30,183,34.2,,,
1/10/2020 8:35,197,37.5,,,
1/10/2020 8:40,88.2,38.5,,,
1/10/2020 8:45,114,40.2,,,
1/10/2020 8:50,38.5,39.2,,,
1/10/2020 8:55,34.9,42.4,,,
1/10/2020 9:00,20.5,54.5,,,
1/10/2020 9:05,-20,39.3,,,
1/10/2020 9:10,28.7,41.3,,,
1/10/2020 9:15,-33,43.1,,,
1/10/2020 9:20,-46,39.2,,,
1/10/2020 9:25,-84,46.9,,,
1/10/2020 9:30,-32,39.2,,,
1/10/2020 9:35,-48,38.7,,,
1/10/2020 9:40,-67,40.4,,,
1/10/2020 9:45,-43,54.2,,,
1/10/2020 9:50,-87,51.7,,,
1/10/2020 9:55,25.8,49.6,,,
1/10/2020 10:00,-14,62.8,,,
1/10/2020 10:05,-78,44,,,
1/10/2020 10:10,-3.9,45.1,,,
1/10/2020 10:15,-73,45.2,,,
1/10/2020 10:20,254,38.6,,,
1/10/2020 10:25,223,45.2,,,
1/10/2020 10:30,-90,46.4,,,
1/10/2020 10:35,266,35.6,,,
1/10/2020 10:40,-30,46.8,,,
1/10/2020 10:45,77,35.1,,,
1/10/2020 10:50,152,34.8,,,
1/10/2020 10:55,214,36.9,,,
1/10/2020 11:00,203,36.2,,,
1/10/2020 11:05,214,38.4,,,
1/10/2020 11:10,238,36.4,,,
1/10/2020 11:15,229,37.2,,,
1/10/2020 11:20,219,34.7,,,
1/10/2020 11:25,183,38.1,,,
1/10/2020 11:30,167,38.8,,,
1/10/2020 11:35,225,50.7,,,
1/10/2020 11:40,264,45.3,,,
1/10/2020 11:45,238,43.7,,,
1/10/2020 11:50,337,53.9,,,
1/10/2020 11:55,282,42.3,,,
1/10/2020 12:00,248,48.6,,,
1/10/2020 12:05,228,50.9,,,
1/10/2020 12:10,119,53.2,,,
1/10/2020 12:15,92.1,50.1,,,
1/10/2020 12:20,50,51.2,,,
1/10/2020 12:25,-6.9,56.4,,,
1/10/2020 12:30,-106,42.1,,,
1/10/2020 12:35,176,37.4,,,
1/10/2020 12:40,146,39.9,,,
1/10/2020 12:45,240,36.7,,,
1/10/2020 12:50,-127,57.4,,,
1/10/2020 12:55,-49,64.8,,,
1/10/2020 13:00,-174,50.2,,,
1/10/2020 13:05,-174,67.9,,,
1/10/2020 13:10,-169,63.4,,,
1/10/2020 13:15,103,48.1,,,
1/10/2020 13:20,4.91,46.2,,,
1/10/2020 13:25,-88,56.1,,,
1/10/2020 13:30,-168,52.4,,,
1/10/2020 13:35,-162,60.9,,,
1/10/2020 13:40,-246,61.2,,,
1/10/2020 13:45,176,35.2,,,
1/10/2020 13:50,-61,57.7,,,
1/10/2020 13:55,219,55.8,,,
1/10/2020 14:00,208,29.3,,,
1/10/2020 14:05,245,38.2,,,
1/10/2020 14:10,-224,54,,,
1/10/2020 14:15,-73,37,,,
1/10/2020 14:20,-164,46.4,,,
1/10/2020 14:25,-188,45.7,,,
1/10/2020 14:30,-162,52.2,,,
1/10/2020 14:35,-240,49.3,,,
1/10/2020 14:40,-249,53.9,,,
1/10/2020 14:45,-107,52.5,,,
1/10/2020 14:50,333,39.9,,,
1/10/2020 14:55,243,39.7,,,
1/10/2020 15:00,392,41.4,,,
1/10/2020 15:05,300,42.7,,,
1/10/2020 15:10,181,50.2,,,
1/10/2020 15:15,-83,57.5,,,
1/10/2020 15:20,-61,55.9,,,
1/10/2020 15:25,62.1,42.2,,,
1/10/2020 15:30,19.9,46.2,,,
1/10/2020 15:35,60.5,38,,,
1/10/2020 15:40,76.4,35.5,,,
1/10/2020 15:45,147,40,,,
1/10/2020 15:50,223,47.3,,,
1/10/2020 15:55,302,42.3,,,
1/10/2020 16:00,265,40,,,
1/10/2020 16:05,279,41.5,,,
1/10/2020 16:10,377,41.8,,,
1/10/2020 16:15,318,41.3,,,
1/10/2020 16:20,314,39.5,,,
1/10/2020 16:25,341,41.9,,,
1/10/2020 16:30,403,56.7,,,
1/10/2020 16:35,397,60,,,
1/10/2020 16:40,453,43.3,,,
1/10/2020 16:45,508,45.2,,,
1/10/2020 16:50,401,44.6,,,
1/10/2020 16:55,369,50.5,,,
1/10/2020 17:00,477,58.5,,,
1/10/2020 17:05,407,61.9,,,
1/10/2020 17:10,433,63.1,,,
1/10/2020 17:15,430,50.2,,,
1/10/2020 17:20,498,58,,,
1/10/2020 17:25,474,52.8,,,
1/10/2020 17:30,491,52.6,,,
1/10/2020 17:35,457,51.5,,,
1/10/2020 17:40,464,49.9,,,
1/10/2020 17:45,480,54.5,,,
1/10/2020 17:50,465,52.7,,,
1/10/2020 17:55,443,51.4,,,
1/10/2020 18:00,495,58.9,,,
1/10/2020 18:05,418,52.2,,,
1/10/2020 18:10,388,45.3,,,
1/10/2020 18:15,482,47.9,,,
1/10/2020 18:20,448,45.7,,,
1/10/2020 18:25,441,46.1,,,
1/10/2020 18:30,459,47.2,,,
1/10/2020 18:35,470,45.3,,,
1/10/2020 18:40,474,58.9,,,
1/10/2020 18:45,475,63.3,,,
1/10/2020 18:50,435,48.3,,,
1/10/2020 18:55,398,52,,,
1/10/2020 19:00,465,47.6,,,
1/10/2020 19:05,467,46.8,,,
1/10/2020 19:10,417,45,,,
1/10/2020 19:15,432,48.8,,,
1/10/2020 19:20,433,46.9,,,
1/10/2020 19:25,295,43.3,,,
1/10/2020 19:30,448,47,,,
1/10/2020 19:35,426,47.1,,,
1/10/2020 19:40,378,52.4,,,
1/10/2020 19:45,371,58.3,,,
1/10/2020 19:50,427,60,,,
1/10/2020 19:55,422,57.1,,,
1/10/2020 20:00,394,52.5,,,
1/10/2020 20:05,414,56,,,
1/10/2020 20:10,331,54.4,,,
1/10/2020 20:15,383,54.1,,,
1/10/2020 20:20,436,65,,,
1/10/2020 20:25,433,58.5,,,
1/10/2020 20:30,392,56,,,
1/10/2020 20:35,444,58.6,,,
1/10/2020 20:40,321,58,,,
1/10/2020 20:45,393,58.4,,,
1/10/2020 20:50,444,59.7,,,
1/10/2020 20:55,358,58.9,,,
1/10/2020 21:00,433,60.1,,,
1/10/2020 21:05,430,56.6,,,
1/10/2020 21:10,383,56.4,,,
1/10/2020 21:15,373,54.1,,,
1/10/2020 21:20,454,56.9,,,
1/10/2020 21:25,395,51.3,,,
1/10/2020 21:30,383,50.9,,,
1/10/2020 21:35,407,53,,,
1/10/2020 21:40,421,51.2,,,
1/10/2020 21:45,402,49.3,,,
1/10/2020 21:50,445,52.8,,,
1/10/2020 21:55,447,52.5,,,
1/10/2020 22:00,323,52.9,,,
1/10/2020 22:05,363,55.4,,,
1/10/2020 22:10,422,54.3,,,
1/10/2020 22:15,415,53.8,,,
1/10/2020 22:20,437,56.5,,,
1/10/2020 22:25,396,55.2,,,
1/10/2020 22:30,439,56.3,,,
1/10/2020 22:35,317,53.7,,,
1/10/2020 22:40,449,58.4,,,
1/10/2020 22:45,356,57,,,
1/10/2020 22:50,418,56.7,,,
1/10/2020 22:55,439,57.3,,,
1/10/2020 23:00,419,58.6,,,
1/10/2020 23:05,414,59.3,,,
1/10/2020 23:10,408,59.7,,,
1/10/2020 23:15,418,61.1,,,
1/10/2020 23:20,469,47.2,,,
1/10/2020 23:25,414,49,,,
1/10/2020 23:30,452,49,,,
1/10/2020 23:35,455,48,,,
1/10/2020 23:40,483,58,,,
1/10/2020 23:45,490,64,,,
1/10/2020 23:50,439,61.5,,,
1/10/2020 23:55,443,63.2,,,
1/11/2020 0:00,443,63.2,,,
